seed,rich,fresh,omega,adaptive,window,step,k,train_pre,eval_pre,score,requests,denied,repeated_cross_window,coefficient_l1_previous_period,rhs,basis,coefficient_updates_before
7,0,0,0.0,0,0,120,9,1.448309259613215e-3,2.4927181015246725e-3,1.7763158e-7,0,0,0,3.9449546175387695e-1,122880,5038080,1071
7,0,0,0.0,0,0,240,9,1.0067198231540499e-4,1.7454099680586422e-4,8.5647894e-10,0,0,0,5.2503488582260616e-2,245760,10076160,2151
7,0,0,0.0,0,0,360,9,1.6354682050779315e-6,2.6712870699514384e-6,1.8756874e-13,0,0,0,3.8794106442026077e-3,368640,15114240,3231
7,0,0,0.0,0,0,480,9,2.1328710329979116e-7,4.694087514294701e-7,2.8325923e-15,0,0,0,6.602586971480879e-5,491520,20152320,4311
7,0,0,0.0,0,0,600,9,2.236880952153579e-7,4.801904974838519e-7,2.2855333e-15,0,0,0,7.79132331869283e-6,614400,25190400,5391
7,0,0,0.0,0,0,720,9,2.1405026617012048e-7,4.794891460347253e-7,2.5662631e-15,0,0,0,1.5780726956132404e-5,737280,30228480,6471
7,0,0,0.0,0,0,840,9,2.1364466784804564e-7,4.7584295353125565e-7,2.5980186e-15,0,0,0,1.1209888402316862e-5,860160,35266560,7551
7,0,0,0.0,0,0,960,9,2.5026077674431255e-7,4.467864141036555e-7,6.565899e-15,0,0,0,2.7804189322243843e-5,983040,40304640,8631
7,0,0,0.0,0,0,1080,9,2.6713214877244174e-7,4.409318181914032e-7,8.6179334e-15,0,0,0,5.009759481646066e-5,1105920,45342720,9711
7,0,0,0.0,0,0,1200,9,2.027247736942048e-6,2.407529201445288e-6,1.1232479e-12,0,0,0,2.3188132540643662e-2,1228800,50380800,10791
7,0,0,0.0,0,1,1320,9,3.710826720867453e-7,4.98430755914591e-7,2.2217725e-14,0,0,0,1.6930561820514035e-3,1351680,55418880,11871
7,0,0,0.0,0,1,1440,9,1.57349696069498e-5,2.0200835253378092e-5,6.844156e-11,0,0,0,2.7870161441702054e-2,1474560,60456960,12951
7,0,0,0.0,0,1,1560,9,2.5468564979936496e-7,4.2168657155342117e-7,7.576706e-15,0,0,0,9.32279131613329e-4,1597440,65495040,14031
7,0,0,0.0,0,1,1680,9,9.667012401967154e-6,1.2418686709165713e-5,2.5425606e-11,0,0,0,3.1159315012931735e-2,1720320,70533120,15111
7,0,0,0.0,0,1,1800,9,2.9799993990302197e-7,4.415254859952273e-7,1.238921e-14,0,0,0,8.327088125717544e-4,1843200,75571200,16191
7,0,0,0.0,0,1,1920,9,6.709656335267766e-6,8.305046800833592e-6,1.1825157e-11,0,0,0,3.342082076938557e-2,1966080,80609280,17271
7,0,0,0.0,0,1,2040,9,3.951730062202057e-4,4.983267775441286e-4,4.0532306e-8,0,0,0,1.6219422557155416e-2,2088960,85647360,18351
7,0,0,0.0,0,1,2160,9,6.296622268180387e-7,9.577438080401295e-7,9.4676505e-14,0,0,0,2.1779846133291952e-2,2211840,90685440,19431
7,0,0,0.0,0,1,2280,9,3.3726255241602785e-5,4.23689811658233e-5,2.7731556e-10,0,0,0,4.219532715982688e-2,2334720,95723520,20511
7,0,0,0.0,0,1,2400,9,9.33558789377858e-7,1.3611934970275063e-6,2.3380188e-13,0,0,0,2.093881020699115e-3,2457600,100761600,21591
7,0,0,0.0,0,2,2520,9,3.882055471834126e-6,4.748543755095177e-6,3.1053797e-12,0,0,0,5.975641830732609e-2,2580480,105799680,22671
7,0,0,0.0,0,2,2640,9,1.1674164692912786e-5,1.462371354376795e-5,2.92513e-11,0,0,0,9.746150789880226e-4,2703360,110837760,23751
7,0,0,0.0,0,2,2760,9,4.919906289740709e-6,6.431180453535097e-6,4.8601917e-12,0,0,0,6.66455569654607e-2,2826240,115875840,24831
7,0,0,0.0,0,2,2880,9,7.387927823965456e-5,9.44773087882877e-5,8.8506447e-10,0,0,0,7.08034572705909e-2,2949120,120913920,25911
7,0,0,0.0,0,2,3000,9,2.53237551441153e-7,4.210731730146644e-7,6.565908e-15,0,0,0,1.211229836606842e-2,3072000,125952000,26991
7,0,0,0.0,0,2,3120,9,2.3401191534492183e-5,2.9610884949143397e-5,1.02167844e-10,0,0,0,1.0148663703237243e-1,3194880,130990080,28071
7,0,0,0.0,0,2,3240,9,3.2301725593697465e-7,6.418643833790654e-7,1.7517036e-14,0,0,0,1.1714647345290263e-2,3317760,136028160,29151
7,0,0,0.0,0,2,3360,9,3.0521246806111075e-7,6.230652431663138e-7,9.864878e-15,0,0,0,1.255717741175874e-4,3440640,141066240,30231
7,0,0,0.0,0,2,3480,9,1.960713307957196e-5,2.4549932781487665e-5,6.510091e-11,0,0,0,9.440741920232609e-2,3563520,146104320,31311
7,0,0,0.0,0,2,3600,9,1.2563446893920578e-4,1.5886217713117787e-4,2.5220708e-9,0,0,0,5.0876489477375e-3,3686400,151142400,32391
7,0,0,0.0,1,0,120,9,1.448309259613215e-3,2.4927181015246725e-3,1.7763158e-7,0,0,0,3.9449546175387695e-1,122880,5038080,1071
7,0,0,0.0,1,0,240,9,1.0067198231540499e-4,1.7454099680586422e-4,8.5647894e-10,0,0,0,5.2503488582260616e-2,245760,10076160,2151
7,0,0,0.0,1,0,360,9,1.6354682050779315e-6,2.6712870699514384e-6,1.8756874e-13,0,0,0,3.8794106442026077e-3,368640,15114240,3231
7,0,0,0.0,1,0,480,9,2.1328710329979116e-7,4.694087514294701e-7,2.8325923e-15,0,0,0,6.602586971480879e-5,491520,20152320,4311
7,0,0,0.0,1,0,600,9,2.236880952153579e-7,4.801904974838519e-7,2.2855333e-15,0,0,0,7.79132331869283e-6,614400,25190400,5391
7,0,0,0.0,1,0,720,9,2.1405026617012048e-7,4.794891460347253e-7,2.5662631e-15,0,0,0,1.5780726956132404e-5,737280,30228480,6471
7,0,0,0.0,1,0,840,9,2.1364466784804564e-7,4.7584295353125565e-7,2.5980186e-15,0,0,0,1.1209888402316862e-5,860160,35266560,7551
7,0,0,0.0,1,0,960,9,2.5026077674431255e-7,4.467864141036555e-7,6.565899e-15,0,0,0,2.7804189322243843e-5,983040,40304640,8631
7,0,0,0.0,1,0,1080,9,2.6713214877244174e-7,4.409318181914032e-7,8.6179334e-15,0,0,0,5.009759481646066e-5,1105920,45342720,9711
7,0,0,0.0,1,0,1200,11,4.3919512940663143e-4,5.743248377602919e-4,3.5773645e-8,2,0,0,1.501533825818938e-1,1228800,50380800,10831
7,0,0,0.0,1,1,1320,11,2.7240725214345445e-6,4.428783055927473e-6,1.1428214e-12,2,0,0,6.4801334923005e-2,1351680,55418880,12151
7,0,0,0.0,1,1,1440,11,1.9953789920869587e-7,4.606498827476101e-7,2.009086e-15,2,0,0,1.6315474502414523e-4,1474560,60456960,13471
7,0,0,0.0,1,1,1560,11,1.936255245643269e-7,4.3171598332578347e-7,1.8491674e-15,2,0,0,1.8970720623983327e-5,1597440,65495040,14791
7,0,0,0.0,1,1,1680,11,2.0303686533019772e-7,4.898792153854167e-7,3.0443999e-15,2,0,0,2.2961496247107804e-5,1720320,70533120,16111
7,0,0,0.0,1,1,1800,11,1.9756335239481578e-7,4.332722419868438e-7,1.5727221e-15,2,0,0,2.413177530009294e-5,1843200,75571200,17431
7,0,0,0.0,1,1,1920,11,1.9145074734131542e-6,2.604797859697333e-6,6.6601455e-13,2,0,0,9.29592721765995e-5,1966080,80609280,18751
7,0,0,0.0,1,1,2040,11,5.145626588851219e-6,7.167993637502125e-6,4.5734146e-12,2,0,0,5.66530274484891e-2,2088960,85647360,20071
7,0,0,0.0,1,1,2160,11,7.291894401884685e-6,1.0554355239705573e-5,9.37459e-12,2,0,0,5.8721344834118346e-2,2211840,90685440,21391
7,0,0,0.0,1,1,2280,11,3.224299033160414e-5,4.3298213240297894e-5,1.761114e-10,2,0,0,1.0840565879072561e-2,2334720,95723520,22711
7,0,0,0.0,1,1,2400,13,7.435657337782748e-5,1.2487939629583252e-4,1.1446293e-9,4,0,0,2.721978753412131e-1,2457600,100761600,24151
7,0,0,0.0,1,2,2520,13,4.244869808329378e-7,2.4427140668699807e-6,1.9922322e-14,4,0,0,9.026052550534805e-3,2580480,105799680,25711
7,0,0,0.0,1,2,2640,13,1.6601592268911893e-7,9.68356950344303e-7,1.791376e-15,4,0,0,7.481395009832983e-5,2703360,110837760,27271
7,0,0,0.0,1,2,2760,14,9.151272605018185e-4,1.3277044396641413e-3,7.076421e-8,5,0,0,4.3786591251304234e-2,2826240,115875840,28831
7,0,0,0.0,1,2,2880,16,1.3966191444048304e-4,2.262386092373098e-4,4.5986006e-9,7,0,0,6.078998734863035e-1,2949120,120913920,30631
7,0,0,0.0,1,2,3000,16,4.84095059977881e-6,1.7198208050189727e-5,2.3042321e-12,7,0,0,1.766879214074893e-2,3072000,125952000,32551
7,0,0,0.0,1,2,3120,16,1.2133356857146225e-6,6.636822660050029e-6,1.597156e-13,7,0,0,4.768603015669892e-4,3194880,130990080,34471
7,0,0,0.0,1,2,3240,16,7.312631938670307e-7,5.120281419778689e-6,3.3981427e-14,7,0,0,1.2298111585018132e-4,3317760,136028160,36391
7,0,0,0.0,1,2,3360,16,6.101520595166672e-7,4.144399688460529e-6,1.7234339e-14,7,0,0,9.52202710738214e-5,3440640,141066240,38311
7,0,0,0.0,1,2,3480,16,5.326774347750939e-7,3.400578456421304e-6,1.288334e-14,7,0,0,1.0831115504925104e-4,3563520,146104320,40231
7,0,0,0.0,1,2,3600,18,2.3076614632552465e-4,2.2033246833833993e-4,1.0400172e-8,9,0,0,3.412303162687845e-1,3686400,151142400,42191
7,0,0,0.3,0,0,120,9,2.1407607632565166e-2,4.231005624061353e-2,3.7917045e-5,0,0,0,4.835336427817083e-1,122880,5038080,1071
7,0,0,0.3,0,0,240,9,2.121380807730626e-2,4.386961111150027e-2,4.3196054e-5,0,0,0,9.503278359625256e-2,245760,10076160,2151
7,0,0,0.3,0,0,360,9,2.1211746972957805e-2,4.4069458479254545e-2,4.3786567e-5,0,0,0,1.0457176933300616e-2,368640,15114240,3231
7,0,0,0.3,0,0,480,9,2.121173683339763e-2,4.407659836308737e-2,4.3807646e-5,0,0,0,3.6968752430861784e-4,491520,20152320,4311
7,0,0,0.3,0,0,600,9,2.121173181298286e-2,4.407667031702781e-2,4.3807853e-5,0,0,0,5.3261334901633095e-6,614400,25190400,5391
7,0,0,0.3,0,0,720,9,2.1211741817047585e-2,4.407667573147802e-2,4.3807853e-5,0,0,0,3.9255007694508634e-6,737280,30228480,6471
7,0,0,0.3,0,0,840,9,2.1211739085610106e-2,4.407666862094312e-2,4.3807853e-5,0,0,0,4.933529065850878e-6,860160,35266560,7551
7,0,0,0.3,0,0,960,9,2.121173861316807e-2,4.407667266081168e-2,4.3807824e-5,0,0,0,4.788418847015484e-6,983040,40304640,8631
7,0,0,0.3,0,0,1080,9,2.1211737169546264e-2,4.407667028599965e-2,4.380785e-5,0,0,0,5.251079064684874e-6,1105920,45342720,9711
7,0,0,0.3,0,0,1200,9,2.121173569870754e-2,4.407667299938816e-2,4.3807846e-5,0,0,0,6.509927756288706e-6,1228800,50380800,10791
7,0,0,0.3,0,1,1320,9,2.1211738185905937e-2,4.407667591523467e-2,4.3807853e-5,0,0,0,7.916902381311557e-6,1351680,55418880,11871
7,0,0,0.3,0,1,1440,9,2.1211734988892884e-2,4.4076674329333994e-2,4.3807853e-5,0,0,0,8.465061695606992e-6,1474560,60456960,12951
7,0,0,0.3,0,1,1560,9,2.1211739485362303e-2,4.407666399231541e-2,4.3807868e-5,0,0,0,8.993155278331534e-6,1597440,65495040,14031
7,0,0,0.3,0,1,1680,9,2.121173819055373e-2,4.407667226225847e-2,4.3807853e-5,0,0,0,1.3615556977555898e-5,1720320,70533120,15111
7,0,0,0.3,0,1,1800,9,2.1211735988378236e-2,4.407666614635347e-2,4.3807806e-5,0,0,0,1.402412280354301e-5,1843200,75571200,16191
7,0,0,0.3,0,1,1920,9,2.1211742907729862e-2,4.407667101457998e-2,4.3807922e-5,0,0,0,1.4704805087391e-5,1966080,80609280,17271
7,0,0,0.3,0,1,2040,9,2.1211741646879705e-2,4.407667077138467e-2,4.3807824e-5,0,0,0,1.92638843830098e-5,2088960,85647360,18351
7,0,0,0.3,0,1,2160,9,2.1211742065097412e-2,4.407668390092962e-2,4.380779e-5,0,0,0,2.0942917832729446e-5,2211840,90685440,19431
7,0,0,0.3,0,1,2280,9,2.1211745667932918e-2,4.4076674137126765e-2,4.3807853e-5,0,0,0,2.744148832261456e-5,2334720,95723520,20511
7,0,0,0.3,0,1,2400,9,2.1211755663616712e-2,4.4076688898095726e-2,4.3807788e-5,0,0,0,3.6536452757141014e-5,2457600,100761600,21591
7,0,0,0.3,0,2,2520,9,2.1211745838205447e-2,4.407666321684221e-2,4.3808e-5,0,0,0,4.1029946664817435e-5,2580480,105799680,22671
7,0,0,0.3,0,2,2640,9,2.1211739299031803e-2,4.407668697681827e-2,4.3807813e-5,0,0,0,6.683490391472952e-5,2703360,110837760,23751
7,0,0,0.3,0,2,2760,9,2.121175379151996e-2,4.407667484301555e-2,4.3807788e-5,0,0,0,6.318725635258773e-5,2826240,115875840,24831
7,0,0,0.3,0,2,2880,9,2.1211750657715044e-2,4.40766476965031e-2,4.38087e-5,0,0,0,7.655397025271501e-5,2949120,120913920,25911
7,0,0,0.3,0,2,3000,9,2.121173111208682e-2,4.4076583869962084e-2,4.380641e-5,0,0,0,6.629032966075954e-2,3072000,125952000,26991
7,0,0,0.3,0,2,3120,9,2.1211749076481722e-2,4.4076688902624686e-2,4.3807788e-5,0,0,0,4.3048788434926766e-4,3194880,130990080,28071
7,0,0,0.3,0,2,3240,9,2.121299058506623e-2,4.409935355998379e-2,4.3963104e-5,0,0,0,6.009958338180879e-2,3317760,136028160,29151
7,0,0,0.3,0,2,3360,9,2.1211736220077104e-2,4.4076562881247186e-2,4.380798e-5,0,0,0,2.3235418342329783e-2,3440640,141066240,30231
7,0,0,0.3,0,2,3480,9,2.121337877607378e-2,4.4121056384931814e-2,4.389147e-5,0,0,0,7.568979036406348e-2,3563520,146104320,31311
7,0,0,0.3,0,2,3600,9,2.1211768679562662e-2,4.407311943979609e-2,4.384947e-5,0,0,0,1.73669004124124e-2,3686400,151142400,32391
7,0,0,0.3,1,0,120,9,2.1407607632565166e-2,4.231005624061353e-2,3.7917045e-5,0,0,0,4.835336427817083e-1,122880,5038080,1071
7,0,0,0.3,1,0,240,9,2.121380807730626e-2,4.386961111150027e-2,4.3196054e-5,0,0,0,9.503278359625256e-2,245760,10076160,2151
7,0,0,0.3,1,0,360,9,2.1211746972957805e-2,4.4069458479254545e-2,4.3786567e-5,0,0,0,1.0457176933300616e-2,368640,15114240,3231
7,0,0,0.3,1,0,480,11,1.6717084371808653e-2,4.5012943268818516e-2,1.7735167e-5,2,0,0,2.558371961247623e-1,491520,20152320,4351
7,0,0,0.3,1,0,600,14,1.1334244672354986e-2,5.166874503936286e-2,2.1780281e-6,5,0,0,4.823271440328085e-1,614400,25190400,5791
7,0,0,0.3,1,0,720,17,9.449537284049769e-3,5.512733724814786e-2,5.093104e-7,8,0,0,3.5452185280787774e-1,737280,30228480,7591
7,0,0,0.3,1,0,840,20,7.732736069002745e-3,6.168968203292244e-2,3.6068903e-7,11,0,0,4.273910984053231e-1,860160,35266560,9751
7,0,0,0.3,1,0,960,23,5.982417905329465e-3,7.084993103579465e-2,5.531869e-8,14,0,0,5.068417591353906e-1,983040,40304640,12271
7,0,0,0.3,1,0,1080,25,4.3230146787368645e-3,6.691153147906558e-2,1.3379651e-8,17,1,0,5.484641603439568e-1,1105920,45342720,15151
7,0,0,0.3,1,0,1200,25,4.291398184746718e-3,6.679466536634521e-2,1.4569336e-7,20,4,0,2.5148074150260946e-1,1228800,50380800,18151
7,0,0,0.3,1,1,1320,25,4.214098055091903e-3,6.65832710789691e-2,1.632222e-8,23,7,3,2.5295127176616417e-1,1351680,55418880,21151
7,0,0,0.3,1,1,1440,25,4.189396387296345e-3,6.67303268011054e-2,4.028598e-8,26,10,4,2.8060538587797623e-1,1474560,60456960,24151
7,0,0,0.3,1,1,1560,25,4.225578528318931e-3,6.675683091607028e-2,2.4101843e-7,29,13,6,2.895722227595283e-1,1597440,65495040,27151
7,0,0,0.3,1,1,1680,25,4.168038858610369e-3,6.66855002720195e-2,1.2023452e-7,32,16,8,3.366592516717901e-1,1720320,70533120,30151
7,0,0,0.3,1,1,1800,25,4.152327343184191e-3,6.677188303384037e-2,1.1906916e-7,35,19,8,3.5671283516322205e-1,1843200,75571200,33151
7,0,0,0.3,1,1,1920,25,4.1917659333913495e-3,6.664970815071607e-2,2.6610354e-7,38,22,10,3.516980999774262e-1,1966080,80609280,36151
7,0,0,0.3,1,1,2040,25,4.225357843011667e-3,6.674004055516507e-2,3.773679e-7,40,24,11,3.7857771332933865e-1,2088960,85647360,39151
7,0,0,0.3,1,1,2160,25,4.118226366813957e-3,6.679835323174045e-2,1.0374569e-7,43,27,12,3.046866564034989e-1,2211840,90685440,42151
7,0,0,0.3,1,1,2280,25,4.124276625344775e-3,6.689511571263419e-2,1.2087717e-7,46,30,13,3.9384462270987175e-1,2334720,95723520,45151
7,0,0,0.3,1,1,2400,25,4.194753567170715e-3,6.697466492025102e-2,3.4293578e-7,48,32,14,3.9022230492159693e-1,2457600,100761600,48151
7,0,0,0.3,1,2,2520,25,4.0939848750133475e-3,6.712864950552361e-2,1.11559196e-7,51,35,17,3.1946465163705184e-1,2580480,105799680,51151
7,0,0,0.3,1,2,2640,25,4.071653132038258e-3,6.708678461751778e-2,5.6513823e-8,54,38,20,4.129816362182339e-1,2703360,110837760,54151
7,0,0,0.3,1,2,2760,25,4.053323929882792e-3,6.726256021911228e-2,1.0297358e-8,57,41,23,3.344222982564702e-1,2826240,115875840,57151
7,0,0,0.3,1,2,2880,25,4.0473591182698925e-3,6.731756999540263e-2,1.2782753e-8,60,44,26,3.978868495764658e-1,2949120,120913920,60151
7,0,0,0.3,1,2,3000,25,4.042524625260483e-3,6.736856504854687e-2,1.2011393e-8,63,47,29,3.547577514454563e-1,3072000,125952000,63151
7,0,0,0.3,1,2,3120,25,4.207708498258672e-3,6.759368387235756e-2,5.360354e-7,66,50,32,3.255041720571419e-1,3194880,130990080,66151
7,0,0,0.3,1,2,3240,25,4.079242507314758e-3,6.761980126901213e-2,1.5469637e-7,69,53,35,4.3316495202681793e-1,3317760,136028160,69151
7,0,0,0.3,1,2,3360,25,4.1561624004589365e-3,6.773168532227876e-2,3.9630834e-7,72,56,37,3.5281501330905485e-1,3440640,141066240,72151
7,0,0,0.3,1,2,3480,25,4.137275866465641e-3,6.763482987437909e-2,3.0238417e-7,75,59,40,4.269871643155909e-1,3563520,146104320,75151
7,0,0,0.3,1,2,3600,25,4.095933242907941e-3,6.785921965138535e-2,2.3441042e-7,78,62,43,3.893931105369788e-1,3686400,151142400,78151
7,0,1,0.0,0,0,120,9,1.448309259613215e-3,2.4927181015246725e-3,1.7763158e-7,0,0,0,3.9449546175387695e-1,122880,5038080,1071
7,0,1,0.0,0,0,240,9,1.0067198231540499e-4,1.7454099680586422e-4,8.5647894e-10,0,0,0,5.2503488582260616e-2,245760,10076160,2151
7,0,1,0.0,0,0,360,9,1.6354682050779315e-6,2.6712870699514384e-6,1.8756874e-13,0,0,0,3.8794106442026077e-3,368640,15114240,3231
7,0,1,0.0,0,0,480,9,2.1328710329979116e-7,4.694087514294701e-7,2.8325923e-15,0,0,0,6.602586971480879e-5,491520,20152320,4311
7,0,1,0.0,0,0,600,9,2.236880952153579e-7,4.801904974838519e-7,2.2855333e-15,0,0,0,7.79132331869283e-6,614400,25190400,5391
7,0,1,0.0,0,0,720,9,2.1405026617012048e-7,4.794891460347253e-7,2.5662631e-15,0,0,0,1.5780726956132404e-5,737280,30228480,6471
7,0,1,0.0,0,0,840,9,2.1364466784804564e-7,4.7584295353125565e-7,2.5980186e-15,0,0,0,1.1209888402316862e-5,860160,35266560,7551
7,0,1,0.0,0,0,960,9,2.5026077674431255e-7,4.467864141036555e-7,6.565899e-15,0,0,0,2.7804189322243843e-5,983040,40304640,8631
7,0,1,0.0,0,0,1080,9,2.6713214877244174e-7,4.409318181914032e-7,8.6179334e-15,0,0,0,5.009759481646066e-5,1105920,45342720,9711
7,0,1,0.0,0,0,1200,9,2.027247736942048e-6,2.407529201445288e-6,1.1232479e-12,0,0,0,2.3188132540643662e-2,1228800,50380800,10791
7,0,1,0.0,0,1,1320,9,2.0721456386407286e-7,3.9487637858151415e-7,5.27083e-16,0,0,0,8.406208849896131e-4,1351680,55418880,11871
7,0,1,0.0,0,1,1440,9,2.0622434564582185e-7,3.854010416527674e-7,6.09716e-16,0,0,0,1.6818493704204296e-5,1474560,60456960,12951
7,0,1,0.0,0,1,1560,9,2.122434904164689e-7,3.8491011053137484e-7,1.0037517e-15,0,0,0,1.9969669877893496e-5,1597440,65495040,14031
7,0,1,0.0,0,1,1680,9,1.9528481993200117e-7,3.8563952545802627e-7,4.669643e-16,0,0,0,2.257692400701658e-5,1720320,70533120,15111
7,0,1,0.0,0,1,1800,9,2.0463681171793145e-7,3.9529788927976685e-7,9.213652e-16,0,0,0,2.7293520070044495e-5,1843200,75571200,16191
7,0,1,0.0,0,1,1920,9,2.2549548671277697e-7,4.416315544104886e-7,2.465351e-15,0,0,0,4.3982452207559294e-5,1966080,80609280,17271
7,0,1,0.0,0,1,2040,9,4.906462450739828e-5,6.679125401435562e-5,6.0342453e-10,0,0,0,4.312835827167452e-2,2088960,85647360,18351
7,0,1,0.0,0,1,2160,9,2.3165794925453888e-7,3.818422555923462e-7,1.3416773e-15,0,0,0,5.700629464981427e-3,2211840,90685440,19431
7,0,1,0.0,0,1,2280,9,2.418284470903498e-7,3.793719387459908e-7,1.9503973e-15,0,0,0,8.074842400118687e-5,2334720,95723520,20511
7,0,1,0.0,0,1,2400,9,7.950019125853504e-6,1.0217889153049191e-5,1.44263395e-11,0,0,0,7.931139465066983e-2,2457600,100761600,21591
7,0,1,0.0,0,2,2520,9,3.4191164086294186e-6,4.363390878070321e-6,1.934974e-12,0,0,0,8.559837216632915e-2,2580480,105799680,22671
7,0,1,0.0,0,2,2640,9,8.220879526637285e-4,1.0426652330171459e-3,1.1563424e-7,0,0,0,2.13111527171308e-2,2703360,110837760,23751
7,0,1,0.0,0,2,2760,9,2.3895770009711745e-6,3.0293322236709204e-6,9.693675e-13,0,0,0,7.435127239661554e-2,2826240,115875840,24831
7,0,1,0.0,0,2,2880,9,4.1040525500619425e-4,5.17391695929927e-4,2.9630094e-8,0,0,0,6.44563592418721e-2,2949120,120913920,25911
7,0,1,0.0,0,2,3000,9,4.2636268890999547e-7,5.730835779935009e-7,3.4376958e-14,0,0,0,2.7492895404805706e-2,3072000,125952000,26991
7,0,1,0.0,0,2,3120,9,5.0759218929890174e-5,6.36879630950833e-5,4.5463466e-10,0,0,0,9.630900929157787e-2,3194880,130990080,28071
7,0,1,0.0,0,2,3240,9,4.018395202538261e-7,5.848468484134996e-7,3.011878e-14,0,0,0,4.3792090624096e-3,3317760,136028160,29151
7,0,1,0.0,0,2,3360,9,3.104174071136737e-5,3.896552109106133e-5,1.7294431e-10,0,0,0,9.866568094692513e-2,3440640,141066240,30231
7,0,1,0.0,0,2,3480,9,2.053909000477826e-6,2.5960014950641583e-6,7.435766e-13,0,0,0,2.6669392921021273e-3,3563520,146104320,31311
7,0,1,0.0,0,2,3600,9,1.2987109742009907e-5,1.615627479746563e-5,2.934072e-11,0,0,0,1.0336063981666754e-1,3686400,151142400,32391
7,0,1,0.0,1,0,120,9,1.448309259613215e-3,2.4927181015246725e-3,1.7763158e-7,0,0,0,3.9449546175387695e-1,122880,5038080,1071
7,0,1,0.0,1,0,240,9,1.0067198231540499e-4,1.7454099680586422e-4,8.5647894e-10,0,0,0,5.2503488582260616e-2,245760,10076160,2151
7,0,1,0.0,1,0,360,9,1.6354682050779315e-6,2.6712870699514384e-6,1.8756874e-13,0,0,0,3.8794106442026077e-3,368640,15114240,3231
7,0,1,0.0,1,0,480,9,2.1328710329979116e-7,4.694087514294701e-7,2.8325923e-15,0,0,0,6.602586971480879e-5,491520,20152320,4311
7,0,1,0.0,1,0,600,9,2.236880952153579e-7,4.801904974838519e-7,2.2855333e-15,0,0,0,7.79132331869283e-6,614400,25190400,5391
7,0,1,0.0,1,0,720,9,2.1405026617012048e-7,4.794891460347253e-7,2.5662631e-15,0,0,0,1.5780726956132404e-5,737280,30228480,6471
7,0,1,0.0,1,0,840,9,2.1364466784804564e-7,4.7584295353125565e-7,2.5980186e-15,0,0,0,1.1209888402316862e-5,860160,35266560,7551
7,0,1,0.0,1,0,960,9,2.5026077674431255e-7,4.467864141036555e-7,6.565899e-15,0,0,0,2.7804189322243843e-5,983040,40304640,8631
7,0,1,0.0,1,0,1080,9,2.6713214877244174e-7,4.409318181914032e-7,8.6179334e-15,0,0,0,5.009759481646066e-5,1105920,45342720,9711
7,0,1,0.0,1,0,1200,11,4.3919512940663143e-4,5.743248377602919e-4,3.5773645e-8,2,0,0,1.501533825818938e-1,1228800,50380800,10831
7,0,1,0.0,1,1,1320,11,3.222183377850052e-6,3.717073626117586e-5,8.56606e-13,2,0,0,3.689098518784473e-2,1351680,55418880,12151
7,0,1,0.0,1,1,1440,11,1.9957267099587432e-7,1.0668534851220418e-6,6.8858575e-16,2,0,0,2.754134094375537e-4,1474560,60456960,13471
7,0,1,0.0,1,1,1560,11,1.9826455549501138e-7,6.950861631396531e-7,1.2623527e-15,2,0,0,1.8911482838797518e-5,1597440,65495040,14791
7,0,1,0.0,1,1,1680,11,1.973173426103835e-7,6.953331931070513e-7,1.2285748e-15,2,0,0,2.065556667509732e-5,1720320,70533120,16111
7,0,1,0.0,1,1,1800,11,2.1881126099211593e-7,6.742595347810409e-7,1.0225093e-15,2,0,0,1.939322054719957e-5,1843200,75571200,17431
7,0,1,0.0,1,1,1920,11,2.1925477638188244e-7,5.4695838212158e-7,1.9810263e-15,2,0,0,2.9048698899005777e-5,1966080,80609280,18751
7,0,1,0.0,1,1,2040,11,2.2615611193531822e-7,7.180394374559233e-7,2.375958e-15,2,0,0,3.7328137852396266e-5,2088960,85647360,20071
7,0,1,0.0,1,1,2160,11,2.0216351078771256e-7,7.392096834043709e-7,8.966311e-16,2,0,0,4.5727765653093624e-5,2211840,90685440,21391
7,0,1,0.0,1,1,2280,11,2.023179061258512e-7,7.208629246415413e-7,8.988489e-16,2,0,0,4.6596575780107063e-5,2334720,95723520,22711
7,0,1,0.0,1,1,2400,11,2.9558012981947197e-7,5.222818469978149e-7,9.419949e-15,2,0,0,8.923706525281773e-5,2457600,100761600,24031
7,0,1,0.0,1,2,2520,14,3.848618213162698e-4,4.9539052616785e-4,2.5146559e-8,5,0,0,5.081726394050667e-1,2580480,105799680,25471
7,0,1,0.0,1,2,2640,14,2.6618105072188426e-6,3.302142583532202e-6,1.9196983e-12,5,0,0,1.0733899952379033e-1,2703360,110837760,27151
7,0,1,0.0,1,2,2760,14,2.3039648079970817e-7,5.152798325046869e-7,2.7971143e-15,5,0,0,2.567386984231464e-4,2826240,115875840,28831
7,0,1,0.0,1,2,2880,14,3.559650847755295e-7,5.67553814899681e-7,1.1437031e-14,5,0,0,5.7700487776776374e-5,2949120,120913920,30511
7,0,1,0.0,1,2,3000,14,3.571327608155247e-7,6.518566145967738e-7,1.3221094e-14,5,0,0,1.4631644026088728e-4,3072000,125952000,32191
7,0,1,0.0,1,2,3120,14,1.1999652164709437e-4,1.4973198875011586e-4,1.9785305e-9,5,0,0,1.2273739927873595e-1,3194880,130990080,33871
7,0,1,0.0,1,2,3240,14,4.445144216690961e-5,5.583751134426936e-5,2.9068853e-10,5,0,0,1.052513070082868e-2,3317760,136028160,35551
7,0,1,0.0,1,2,3360,17,3.301685583485768e-4,5.152095037304657e-4,9.318606e-9,8,0,0,5.770642432245268e-1,3440640,141066240,37351
7,0,1,0.0,1,2,3480,18,1.7139307046580655e-5,3.419383660300466e-5,4.1160526e-11,9,0,0,2.557028135039596e-1,3563520,146104320,39471
7,0,1,0.0,1,2,3600,18,1.41504160223744e-6,8.313004081868542e-6,5.987395e-14,9,0,0,2.1291391543084986e-3,3686400,151142400,41631
7,0,1,0.3,0,0,120,9,2.1407607632565166e-2,4.231005624061353e-2,3.7917045e-5,0,0,0,4.835336427817083e-1,122880,5038080,1071
7,0,1,0.3,0,0,240,9,2.121380807730626e-2,4.386961111150027e-2,4.3196054e-5,0,0,0,9.503278359625256e-2,245760,10076160,2151
7,0,1,0.3,0,0,360,9,2.1211746972957805e-2,4.4069458479254545e-2,4.3786567e-5,0,0,0,1.0457176933300616e-2,368640,15114240,3231
7,0,1,0.3,0,0,480,9,2.121173683339763e-2,4.407659836308737e-2,4.3807646e-5,0,0,0,3.6968752430861784e-4,491520,20152320,4311
7,0,1,0.3,0,0,600,9,2.121173181298286e-2,4.407667031702781e-2,4.3807853e-5,0,0,0,5.3261334901633095e-6,614400,25190400,5391
7,0,1,0.3,0,0,720,9,2.1211741817047585e-2,4.407667573147802e-2,4.3807853e-5,0,0,0,3.9255007694508634e-6,737280,30228480,6471
7,0,1,0.3,0,0,840,9,2.1211739085610106e-2,4.407666862094312e-2,4.3807853e-5,0,0,0,4.933529065850878e-6,860160,35266560,7551
7,0,1,0.3,0,0,960,9,2.121173861316807e-2,4.407667266081168e-2,4.3807824e-5,0,0,0,4.788418847015484e-6,983040,40304640,8631
7,0,1,0.3,0,0,1080,9,2.1211737169546264e-2,4.407667028599965e-2,4.380785e-5,0,0,0,5.251079064684874e-6,1105920,45342720,9711
7,0,1,0.3,0,0,1200,9,2.121173569870754e-2,4.407667299938816e-2,4.3807846e-5,0,0,0,6.509927756288706e-6,1228800,50380800,10791
7,0,1,0.3,0,1,1320,9,2.1098323710789936e-2,5.4392956316669516e-2,1.9413565e-5,0,0,0,4.970767561622339e-1,1351680,55418880,11871
7,0,1,0.3,0,1,1440,9,2.109831095031059e-2,5.436404817034535e-2,1.9407347e-5,0,0,0,9.049926709663592e-4,1474560,60456960,12951
7,0,1,0.3,0,1,1560,9,2.1098313594683983e-2,5.436405591108913e-2,1.940743e-5,0,0,0,4.1173305332216576e-6,1597440,65495040,14031
7,0,1,0.3,0,1,1680,9,2.1098318230082493e-2,5.4364064012261966e-2,1.9407424e-5,0,0,0,3.6788681885427735e-6,1720320,70533120,15111
7,0,1,0.3,0,1,1800,9,2.109831764139637e-2,5.4364049912108955e-2,1.9407444e-5,0,0,0,4.197536260156995e-6,1843200,75571200,16191
7,0,1,0.3,0,1,1920,9,2.109831589150319e-2,5.436406139627514e-2,1.9407396e-5,0,0,0,4.5205915999646995e-6,1966080,80609280,17271
7,0,1,0.3,0,1,2040,9,2.1098318623437973e-2,5.4364061915705024e-2,1.9407422e-5,0,0,0,4.793912480157737e-6,2088960,85647360,18351
7,0,1,0.3,0,1,2160,9,2.109832077207479e-2,5.436405990291092e-2,1.940746e-5,0,0,0,4.569928479199398e-6,2211840,90685440,19431
7,0,1,0.3,0,1,2280,9,2.1098316346152127e-2,5.4364052462569167e-2,1.9407415e-5,0,0,0,6.211728293186933e-6,2334720,95723520,20511
7,0,1,0.3,0,1,2400,9,2.10983156059163e-2,5.436405283871173e-2,1.9407396e-5,0,0,0,5.216065987872012e-6,2457600,100761600,21591
7,0,1,0.3,0,2,2520,9,2.2256899119683652e-2,5.017864027131449e-2,4.359555e-5,0,0,0,7.458749909696214e-1,2580480,105799680,22671
7,0,1,0.3,0,2,2640,9,2.2256862068912798e-2,5.017959168215909e-2,4.349167e-5,0,0,0,1.3749151088057257e-3,2703360,110837760,23751
7,0,1,0.3,0,2,2760,9,2.225687671011536e-2,5.017958846642167e-2,4.3491673e-5,0,0,0,7.20026220229434e-6,2826240,115875840,24831
7,0,1,0.3,0,2,2880,9,2.225687635702886e-2,5.017959654284204e-2,4.3491666e-5,0,0,0,5.078333857957496e-6,2949120,120913920,25911
7,0,1,0.3,0,2,3000,9,2.2256870677076233e-2,5.017958954663232e-2,4.3491636e-5,0,0,0,7.2622519364162405e-6,3072000,125952000,26991
7,0,1,0.3,0,2,3120,9,2.2256865865951624e-2,5.017960743782454e-2,4.3491567e-5,0,0,0,6.594978650952335e-6,3194880,130990080,28071
7,0,1,0.3,0,2,3240,9,2.2256873448055593e-2,5.0179603788785464e-2,4.3491586e-5,0,0,0,7.93799611417483e-6,3317760,136028160,29151
7,0,1,0.3,0,2,3360,9,2.22568726148224e-2,5.017959589398169e-2,4.3491644e-5,0,0,0,9.457949998868675e-6,3440640,141066240,30231
7,0,1,0.3,0,2,3480,9,2.225687713343606e-2,5.017959494105866e-2,4.3491644e-5,0,0,0,7.950418048342962e-6,3563520,146104320,31311
7,0,1,0.3,0,2,3600,9,2.225687529713083e-2,5.017960177442393e-2,4.3491673e-5,0,0,0,1.3819184929713887e-5,3686400,151142400,32391
7,0,1,0.3,1,0,120,9,2.1407607632565166e-2,4.231005624061353e-2,3.7917045e-5,0,0,0,4.835336427817083e-1,122880,5038080,1071
7,0,1,0.3,1,0,240,9,2.121380807730626e-2,4.386961111150027e-2,4.3196054e-5,0,0,0,9.503278359625256e-2,245760,10076160,2151
7,0,1,0.3,1,0,360,9,2.1211746972957805e-2,4.4069458479254545e-2,4.3786567e-5,0,0,0,1.0457176933300616e-2,368640,15114240,3231
7,0,1,0.3,1,0,480,11,1.6717084371808653e-2,4.5012943268818516e-2,1.7735167e-5,2,0,0,2.558371961247623e-1,491520,20152320,4351
7,0,1,0.3,1,0,600,14,1.1334244672354986e-2,5.166874503936286e-2,2.1780281e-6,5,0,0,4.823271440328085e-1,614400,25190400,5791
7,0,1,0.3,1,0,720,17,9.449537284049769e-3,5.512733724814786e-2,5.093104e-7,8,0,0,3.5452185280787774e-1,737280,30228480,7591
7,0,1,0.3,1,0,840,20,7.732736069002745e-3,6.168968203292244e-2,3.6068903e-7,11,0,0,4.273910984053231e-1,860160,35266560,9751
7,0,1,0.3,1,0,960,23,5.982417905329465e-3,7.084993103579465e-2,5.531869e-8,14,0,0,5.068417591353906e-1,983040,40304640,12271
7,0,1,0.3,1,0,1080,25,4.3230146787368645e-3,6.691153147906558e-2,1.3379651e-8,17,1,0,5.484641603439568e-1,1105920,45342720,15151
7,0,1,0.3,1,0,1200,25,4.291398184746718e-3,6.679466536634521e-2,1.4569336e-7,20,4,0,2.5148074150260946e-1,1228800,50380800,18151
7,0,1,0.3,1,1,1320,25,8.280011074693634e-3,9.112838752132818e-2,1.4083392e-7,23,7,2,2.226870730889015e0,1351680,55418880,21151
7,0,1,0.3,1,1,1440,25,7.747713659695237e-3,9.388426590547412e-2,7.58882e-8,26,10,2,2.3765934180182402e-1,1474560,60456960,24151
7,0,1,0.3,1,1,1560,25,7.492846948346258e-3,9.660979368425306e-2,4.2720647e-8,29,13,3,1.6972799194325383e-1,1597440,65495040,27151
7,0,1,0.3,1,1,1680,25,7.340949007752877e-3,9.792554959544199e-2,6.061135e-8,32,16,6,1.3622816169254293e-1,1720320,70533120,30151
7,0,1,0.3,1,1,1800,25,7.252894901592363e-3,9.855560742267036e-2,7.274181e-8,35,19,9,1.0657902422121879e-1,1843200,75571200,33151
7,0,1,0.3,1,1,1920,25,7.2042040416926125e-3,9.888967293132048e-2,8.063399e-8,38,22,12,8.020066608678977e-2,1966080,80609280,36151
7,0,1,0.3,1,1,2040,25,7.178083122662769e-3,9.906462832350792e-2,8.5437705e-8,41,25,15,5.872737529011829e-2,2088960,85647360,39151
7,0,1,0.3,1,1,2160,25,7.1643102829929035e-3,9.913561839812485e-2,8.818224e-8,44,28,18,4.166804625549503e-2,2211840,90685440,42151
7,0,1,0.3,1,1,2280,25,7.157170448596607e-3,9.913229345289339e-2,8.97442e-8,47,31,21,2.916831195298286e-2,2334720,95723520,45151
7,0,1,0.3,1,1,2400,25,7.153437071957914e-3,9.90748593806027e-2,9.060477e-8,50,34,24,2.3106853603485633e-2,2457600,100761600,48151
7,0,1,0.3,1,2,2520,25,1.8283246406821548e-2,8.590202030661162e-2,6.507342e-7,53,37,25,3.213645138114245e0,2580480,105799680,51151
7,0,1,0.3,1,2,2640,25,1.7193816417865156e-2,6.987079425464957e-2,9.0645557e-7,56,40,25,3.9929666207206527e-1,2703360,110837760,54151
7,0,1,0.3,1,2,2760,25,1.6578015457363152e-2,6.837250643749752e-2,6.673976e-7,59,43,25,2.959716291822403e-1,2826240,115875840,57151
7,0,1,0.3,1,2,2880,25,1.6057701456660585e-2,7.969695717360568e-2,3.674938e-7,62,46,25,2.751815452195885e-1,2949120,120913920,60151
7,0,1,0.3,1,2,3000,25,1.5739782361476287e-2,8.330187023559033e-2,2.6560036e-7,65,49,25,2.1464855350398793e-1,3072000,125952000,63151
7,0,1,0.3,1,2,3120,25,1.5530233124147178e-2,8.879977545990825e-2,2.1922327e-7,68,52,25,1.7911422816806166e-1,3194880,130990080,66151
7,0,1,0.3,1,2,3240,25,1.5371446227343977e-2,9.4331720577426e-2,1.9215483e-7,71,55,25,1.58751368571302e-1,3317760,136028160,69151
7,0,1,0.3,1,2,3360,25,1.523936872543483e-2,9.69199647627654e-2,1.7395621e-7,74,58,25,1.454328338746791e-1,3440640,141066240,72151
7,0,1,0.3,1,2,3480,25,1.5122859384530151e-2,9.848394142920044e-2,1.6043315e-7,77,61,25,1.3580157044262697e-1,3563520,146104320,75151
7,0,1,0.3,1,2,3600,25,1.501619534843711e-2,9.955297653783056e-2,1.4991342e-7,80,64,25,1.288984639265891e-1,3686400,151142400,78151
7,1,0,0.0,0,0,120,9,2.7860356458641735e-2,4.518588445021582e-2,1.7423434e-4,0,0,0,4.499799283005643e-1,122880,5038080,1071
7,1,0,0.0,0,0,240,9,2.7696465535686127e-2,4.459530974059341e-2,1.679904e-4,0,0,0,1.0051785130963253e-1,245760,10076160,2151
7,1,0,0.0,0,0,360,9,2.7693595201458216e-2,4.454452426842684e-2,1.6711601e-4,0,0,0,1.4449213040506947e-2,368640,15114240,3231
7,1,0,0.0,0,0,480,9,2.7693582443750305e-2,4.4541992961288336e-2,1.6706811e-4,0,0,0,7.953669021460996e-4,491520,20152320,4311
7,1,0,0.0,0,0,600,9,2.7693611250732886e-2,4.4541948132474495e-2,1.670676e-4,0,0,0,1.4226242086936701e-5,614400,25190400,5391
7,1,0,0.0,0,0,720,9,2.7693609275122263e-2,4.454194458679183e-2,1.6706783e-4,0,0,0,2.5170708112603416e-6,737280,30228480,6471
7,1,0,0.0,0,0,840,9,2.7693611279469038e-2,4.4541946417694066e-2,1.670676e-4,0,0,0,2.561131584106341e-6,860160,35266560,7551
7,1,0,0.0,0,0,960,9,2.7693612240590727e-2,4.454194899626812e-2,1.6706761e-4,0,0,0,2.9514961418421887e-6,983040,40304640,8631
7,1,0,0.0,0,0,1080,9,2.7693614108184002e-2,4.4541952497023536e-2,1.6706789e-4,0,0,0,2.638785077082673e-6,1105920,45342720,9711
7,1,0,0.0,0,0,1200,9,2.7693609818543484e-2,4.454194773487788e-2,1.6706751e-4,0,0,0,4.045760424192628e-6,1228800,50380800,10791
7,1,0,0.0,0,1,1320,9,2.769360991039655e-2,4.454195018865815e-2,1.6706757e-4,0,0,0,4.0139299626214264e-6,1351680,55418880,11871
7,1,0,0.0,0,1,1440,9,2.76936103968586e-2,4.45419496118045e-2,1.670678e-4,0,0,0,4.395523280804566e-6,1474560,60456960,12951
7,1,0,0.0,0,1,1560,9,2.769361139338736e-2,4.4541949540142255e-2,1.6706766e-4,0,0,0,5.310940445577006e-6,1597440,65495040,14031
7,1,0,0.0,0,1,1680,9,2.7693608683978483e-2,4.4541943833542194e-2,1.670677e-4,0,0,0,6.193473448081778e-6,1720320,70533120,15111
7,1,0,0.0,0,1,1800,9,2.769361557552365e-2,4.454194588948104e-2,1.6706767e-4,0,0,0,7.137299452827928e-6,1843200,75571200,16191
7,1,0,0.0,0,1,1920,9,2.7693604123396182e-2,4.454193338473678e-2,1.6706779e-4,0,0,0,5.897370069887211e-6,1966080,80609280,17271
7,1,0,0.0,0,1,2040,9,2.7693611858810415e-2,4.454195429082296e-2,1.6706767e-4,0,0,0,7.957585668241177e-6,2088960,85647360,18351
7,1,0,0.0,0,1,2160,9,2.7693609772873523e-2,4.4541954116040526e-2,1.6706747e-4,0,0,0,7.955055364040203e-6,2211840,90685440,19431
7,1,0,0.0,0,1,2280,9,2.7693601775497793e-2,4.4541934575959945e-2,1.6706772e-4,0,0,0,1.1476246992980603e-5,2334720,95723520,20511
7,1,0,0.0,0,1,2400,9,2.7693610885886365e-2,4.454195418618614e-2,1.6706761e-4,0,0,0,9.92113754091483e-6,2457600,100761600,21591
7,1,0,0.0,0,2,2520,9,2.7693605183683526e-2,4.454194460406743e-2,1.6706782e-4,0,0,0,1.3542052312059266e-5,2580480,105799680,22671
7,1,0,0.0,0,2,2640,9,2.7693600049660216e-2,4.4541936958804464e-2,1.6706824e-4,0,0,0,2.4387309348672392e-5,2703360,110837760,23751
7,1,0,0.0,0,2,2760,9,2.769360607617219e-2,4.454193676524263e-2,1.670677e-4,0,0,0,2.3818338119300023e-5,2826240,115875840,24831
7,1,0,0.0,0,2,2880,9,2.7693609765946058e-2,4.454195762001916e-2,1.6706761e-4,0,0,0,2.095283677254478e-5,2949120,120913920,25911
7,1,0,0.0,0,2,3000,9,2.7693598770002832e-2,4.45419653638008e-2,1.6706738e-4,0,0,0,3.856297156848735e-5,3072000,125952000,26991
7,1,0,0.0,0,2,3120,9,2.769359573782396e-2,4.4541961625799216e-2,1.6706769e-4,0,0,0,3.831626330653981e-5,3194880,130990080,28071
7,1,0,0.0,0,2,3240,9,2.769362363421627e-2,4.454022085653082e-2,1.6725129e-4,0,0,0,1.1033557567917496e-1,3317760,136028160,29151
7,1,0,0.0,0,2,3360,9,2.7693588303493652e-2,4.4541887255854305e-2,1.6706799e-4,0,0,0,1.9846109017288283e-3,3440640,141066240,30231
7,1,0,0.0,0,2,3480,9,2.7693619691463545e-2,4.454195500375963e-2,1.6706747e-4,0,0,0,1.0574438812948131e-4,3563520,146104320,31311
7,1,0,0.0,0,2,3600,9,2.769360195561196e-2,4.454200653790732e-2,1.6706646e-4,0,0,0,7.267036649330483e-5,3686400,151142400,32391
7,1,0,0.0,1,0,120,9,2.7860356458641735e-2,4.518588445021582e-2,1.7423434e-4,0,0,0,4.499799283005643e-1,122880,5038080,1071
7,1,0,0.0,1,0,240,9,2.7696465535686127e-2,4.459530974059341e-2,1.679904e-4,0,0,0,1.0051785130963253e-1,245760,10076160,2151
7,1,0,0.0,1,0,360,9,2.7693595201458216e-2,4.454452426842684e-2,1.6711601e-4,0,0,0,1.4449213040506947e-2,368640,15114240,3231
7,1,0,0.0,1,0,480,11,1.4490807856765398e-2,2.398879153305168e-2,4.4731038e-5,2,0,0,2.410982399860302e-1,491520,20152320,4351
7,1,0,0.0,1,0,600,14,2.1888543579123498e-4,3.901808349535921e-4,8.05181e-9,5,0,0,3.6456951398983684e-1,614400,25190400,5791
7,1,0,0.0,1,0,720,14,2.8852695985796363e-5,1.6896910217876267e-4,5.971684e-11,5,0,0,4.5391498054084156e-2,737280,30228480,7471
7,1,0,0.0,1,0,840,14,1.5240446945166757e-5,8.74132004446368e-5,1.42995425e-11,5,0,0,1.4179706341159726e-3,860160,35266560,9151
7,1,0,0.0,1,0,960,14,7.605913898950702e-6,4.090945817408254e-5,3.3118664e-12,5,0,0,8.230875746544908e-4,983040,40304640,10831
7,1,0,0.0,1,0,1080,14,4.071094664516015e-6,1.7366932995954315e-5,6.0386006e-13,5,0,0,4.280195713287638e-4,1105920,45342720,12511
7,1,0,0.0,1,0,1200,14,2.9160862415379755e-6,7.37805734790722e-6,8.5431106e-14,5,0,0,2.2510629876350968e-4,1228800,50380800,14191
7,1,0,0.0,1,1,1320,16,1.2309684442066103e-4,1.8932935446952398e-4,2.1838202e-9,7,0,0,2.1230942915535542e-1,1351680,55418880,15991
7,1,0,0.0,1,1,1440,16,7.287576711276594e-6,2.843344390656392e-5,5.270248e-12,7,0,0,7.1320202501180775e-3,1474560,60456960,17911
7,1,0,0.0,1,1,1560,16,4.892849374585834e-6,1.9682331034439517e-5,2.3048638e-12,7,0,0,4.939990575556011e-4,1597440,65495040,19831
7,1,0,0.0,1,1,1680,16,3.687880290242214e-6,1.4281693789448358e-5,1.0042903e-12,7,0,0,2.9644546845794886e-4,1720320,70533120,21751
7,1,0,0.0,1,1,1800,16,8.383980243675462e-5,1.128130663508537e-4,8.093263e-10,7,0,0,4.307229067460011e-2,1843200,75571200,23671
7,1,0,0.0,1,1,1920,16,1.5419788396933538e-4,2.2198214633432445e-4,2.8566447e-9,7,0,0,3.175758868270086e-2,1966080,80609280,25591
7,1,0,0.0,1,1,2040,16,8.257601110423397e-6,1.3910952401184545e-5,8.15835e-12,7,0,0,8.98460694649752e-2,2088960,85647360,27511
7,1,0,0.0,1,1,2160,18,1.7780059440596782e-4,2.687782577148268e-4,3.6498387e-9,9,0,0,4.3166961623460764e-1,2211840,90685440,29551
7,1,0,0.0,1,1,2280,18,3.7797297284026035e-6,1.4847958945892647e-5,5.505386e-13,9,0,0,2.2789805070273398e-2,2334720,95723520,31711
7,1,0,0.0,1,1,2400,18,3.3504052294915637e-6,1.0909869293030574e-5,3.3349956e-13,9,0,0,1.8460316658614959e-4,2457600,100761600,33871
7,1,0,0.0,1,2,2520,18,3.046863899255066e-6,8.202855345875185e-6,1.8933463e-13,9,0,0,1.4962382286332065e-4,2580480,105799680,36031
7,1,0,0.0,1,2,2640,19,5.025633978751206e-4,6.169851548540802e-4,1.9362844e-8,10,0,0,6.871379683579856e-2,2703360,110837760,38191
7,1,0,0.0,1,2,2760,20,8.124567337633355e-6,1.1553426751853522e-4,3.8075806e-12,11,0,0,2.086469598552334e-1,2826240,115875840,40551
7,1,0,0.0,1,2,2880,20,2.9402192636413657e-5,9.102644184789588e-5,5.004935e-11,11,0,0,2.2101214539600525e-3,2949120,120913920,42951
7,1,0,0.0,1,2,3000,20,9.496212901162634e-6,5.533164290574525e-5,3.94124e-12,11,0,0,1.595197626184044e-1,3072000,125952000,45351
7,1,0,0.0,1,2,3120,21,3.498881113421302e-4,5.044032500576629e-4,2.595203e-9,12,0,0,3.243332654656397e-1,3194880,130990080,47791
7,1,0,0.0,1,2,3240,21,7.0175629999932085e-6,3.501442948943163e-5,1.6834707e-12,12,0,0,2.7082872471821423e-2,3317760,136028160,50311
7,1,0,0.0,1,2,3360,22,2.1128748641138506e-3,2.787319571367535e-3,2.8676908e-7,13,0,0,5.6110212046941034e-2,3440640,141066240,52831
7,1,0,0.0,1,2,3480,24,1.9651304989964046e-4,3.4875812666615506e-4,4.562103e-9,15,0,0,7.769597724986284e-1,3563520,146104320,55591
7,1,0,0.0,1,2,3600,24,1.568123217683187e-5,1.2079937586776392e-4,2.1039448e-11,15,0,0,1.8632578243040987e-2,3686400,151142400,58471
7,1,0,0.3,0,0,120,9,3.935759993803943e-2,6.2380830207666896e-2,2.940034e-4,0,0,0,5.192382358095529e-1,122880,5038080,1071
7,1,0,0.3,0,0,240,9,3.9133324723012224e-2,6.31182469375091e-2,2.8021832e-4,0,0,0,1.308289547378081e-1,245760,10076160,2151
7,1,0,0.3,0,0,360,9,3.9128935486825826e-2,6.328321382877812e-2,2.7815995e-4,0,0,0,1.9833718683912593e-2,368640,15114240,3231
7,1,0,0.3,0,0,480,9,3.912896385482116e-2,6.329363445771914e-2,2.7803623e-4,0,0,0,1.1983553137113745e-3,491520,20152320,4311
7,1,0,0.3,0,0,600,9,3.9128957422903905e-2,6.329384870289191e-2,2.7803364e-4,0,0,0,2.6333929635003004e-5,614400,25190400,5391
7,1,0,0.3,0,0,720,9,3.912895729215911e-2,6.329384347650709e-2,2.7803367e-4,0,0,0,2.587938610688922e-6,737280,30228480,6471
7,1,0,0.3,0,0,840,9,3.9128958602512524e-2,6.329384876110411e-2,2.7803375e-4,0,0,0,2.6484887890674408e-6,860160,35266560,7551
7,1,0,0.3,0,0,960,9,3.912895420948714e-2,6.329384920546917e-2,2.7803346e-4,0,0,0,2.9210813646161297e-6,983040,40304640,8631
7,1,0,0.3,0,0,1080,9,3.9128960325438354e-2,6.329384905119959e-2,2.7803375e-4,0,0,0,4.162829769382807e-6,1105920,45342720,9711
7,1,0,0.3,0,0,1200,9,3.9128956048630766e-2,6.329384529673407e-2,2.780335e-4,0,0,0,4.773380106068599e-6,1228800,50380800,10791
7,1,0,0.3,0,1,1320,9,3.912895579876292e-2,6.329385130840406e-2,2.7803396e-4,0,0,0,4.480889645020261e-6,1351680,55418880,11871
7,1,0,0.3,0,1,1440,9,3.91289565948535e-2,6.329384678293062e-2,2.7803367e-4,0,0,0,4.38345739191227e-6,1474560,60456960,12951
7,1,0,0.3,0,1,1560,9,3.912895692026279e-2,6.329384929180613e-2,2.7803332e-4,0,0,0,5.42032180240353e-6,1597440,65495040,14031
7,1,0,0.3,0,1,1680,9,3.912895692607367e-2,6.329384730364634e-2,2.7803396e-4,0,0,0,6.9454916239897364e-6,1720320,70533120,15111
7,1,0,0.3,0,1,1800,9,3.912895464239774e-2,6.329384405863146e-2,2.7803358e-4,0,0,0,8.896092069957985e-6,1843200,75571200,16191
7,1,0,0.3,0,1,1920,9,3.9128962922901425e-2,6.329385036069327e-2,2.7803337e-4,0,0,0,7.790074200976667e-6,1966080,80609280,17271
7,1,0,0.3,0,1,2040,9,3.912896515137352e-2,6.329384874532454e-2,2.7803308e-4,0,0,0,1.4308481154251193e-5,2088960,85647360,18351
7,1,0,0.3,0,1,2160,9,3.912895224613586e-2,6.329384094464001e-2,2.780318e-4,0,0,0,2.0169762895387924e-5,2211840,90685440,19431
7,1,0,0.3,0,1,2280,9,3.9128954346042834e-2,6.329384643105407e-2,2.7803355e-4,0,0,0,3.710375696551558e-5,2334720,95723520,20511
7,1,0,0.3,0,1,2400,9,3.912896135396402e-2,6.329385448512048e-2,2.780346e-4,0,0,0,2.187167775976641e-5,2457600,100761600,21591
7,1,0,0.3,0,2,2520,9,3.912894843928242e-2,6.32938524865478e-2,2.7803428e-4,0,0,0,2.2796990918379743e-5,2580480,105799680,22671
7,1,0,0.3,0,2,2640,9,3.912895903469671e-2,6.329383994199549e-2,2.7803564e-4,0,0,0,3.948367343623721e-5,2703360,110837760,23751
7,1,0,0.3,0,2,2760,9,3.9128956923894585e-2,6.3293843990996e-2,2.7803596e-4,0,0,0,5.310230825829147e-5,2826240,115875840,24831
7,1,0,0.3,0,2,2880,9,3.9128978529467034e-2,6.329384090578886e-2,2.7806123e-4,0,0,0,5.4772863302791325e-2,2949120,120913920,25911
7,1,0,0.3,0,2,3000,9,3.912896890520107e-2,6.329384480575664e-2,2.7803262e-4,0,0,0,2.202603422413102e-3,3072000,125952000,26991
7,1,0,0.3,0,2,3120,9,3.912894359881799e-2,6.329384850245819e-2,2.780343e-4,0,0,0,3.680036693889076e-5,3194880,130990080,28071
7,1,0,0.3,0,2,3240,9,3.912894929130289e-2,6.329382141416812e-2,2.7803204e-4,0,0,0,4.345029621687091e-5,3317760,136028160,29151
7,1,0,0.3,0,2,3360,9,3.912894990652993e-2,6.329384166040221e-2,2.780325e-4,0,0,0,5.5347475807574625e-5,3440640,141066240,30231
7,1,0,0.3,0,2,3480,9,3.9129036861184435e-2,6.329490936585373e-2,2.769069e-4,0,0,0,6.937959327584224e-2,3563520,146104320,31311
7,1,0,0.3,0,2,3600,9,3.9128950549358645e-2,6.329381247319235e-2,2.780307e-4,0,0,0,5.242564721536357e-3,3686400,151142400,32391
7,1,0,0.3,1,0,120,9,3.935759993803943e-2,6.2380830207666896e-2,2.940034e-4,0,0,0,5.192382358095529e-1,122880,5038080,1071
7,1,0,0.3,1,0,240,9,3.9133324723012224e-2,6.31182469375091e-2,2.8021832e-4,0,0,0,1.308289547378081e-1,245760,10076160,2151
7,1,0,0.3,1,0,360,9,3.9128935486825826e-2,6.328321382877812e-2,2.7815995e-4,0,0,0,1.9833718683912593e-2,368640,15114240,3231
7,1,0,0.3,1,0,480,11,2.1340017837134476e-2,6.786472066217435e-2,3.9204813e-5,2,0,0,2.591780746848258e-1,491520,20152320,4351
7,1,0,0.3,1,0,600,14,1.0351695619282055e-2,6.017993403315738e-2,1.9161293e-6,5,0,0,5.764120156589687e-1,614400,25190400,5791
7,1,0,0.3,1,0,720,17,8.177804350500185e-3,6.2491509768264945e-2,7.1894203e-7,8,0,0,3.322114593748573e-1,737280,30228480,7591
7,1,0,0.3,1,0,840,20,7.441284258937293e-3,6.59831907232031e-2,1.5072e-7,11,0,0,2.4583136886682438e-1,860160,35266560,9751
7,1,0,0.3,1,0,960,23,6.516890240210376e-3,6.677727925141598e-2,3.2813084e-8,14,0,0,3.9522045519588134e-1,983040,40304640,12271
7,1,0,0.3,1,0,1080,25,5.890593578883842e-3,6.498365028514878e-2,6.7981345e-9,17,1,0,4.711696124439442e-1,1105920,45342720,15151
7,1,0,0.3,1,0,1200,25,5.771422868680771e-3,6.493984063542765e-2,3.380919e-9,18,2,0,1.2760564174404365e-1,1228800,50380800,18151
7,1,0,0.3,1,1,1320,25,5.723987986445175e-3,6.520831853418277e-2,3.852735e-9,18,2,0,7.582358243118248e-2,1351680,55418880,21151
7,1,0,0.3,1,1,1440,25,5.692631343834481e-3,6.54158744649598e-2,3.9972914e-9,18,2,0,6.256258625849753e-2,1474560,60456960,24151
7,1,0,0.3,1,1,1560,25,5.671773792200296e-3,6.559879759554171e-2,4.1565733e-9,18,2,0,5.283336774581558e-2,1597440,65495040,27151
7,1,0,0.3,1,1,1680,25,5.659117044931694e-3,6.572929550046201e-2,6.242794e-9,19,3,0,1.1827847576379114e-1,1720320,70533120,30151
7,1,0,0.3,1,1,1800,25,5.650116813890154e-3,6.590463800590052e-2,4.3543067e-9,20,4,0,6.406712647090318e-2,1843200,75571200,33151
7,1,0,0.3,1,1,1920,25,5.645236972557845e-3,6.601318768327988e-2,4.6373514e-9,21,5,0,1.5561590984014884e-1,1966080,80609280,36151
7,1,0,0.3,1,1,2040,25,5.641749906374205e-3,6.610242956324656e-2,4.5333577e-9,21,5,0,1.5070487893944862e-1,2088960,85647360,39151
7,1,0,0.3,1,1,2160,25,5.639405524696095e-3,6.618079484828153e-2,4.374671e-9,22,6,0,6.1715195343261586e-2,2211840,90685440,42151
7,1,0,0.3,1,1,2280,25,5.637838713644577e-3,6.623252518819829e-2,4.3091797e-9,23,7,0,2.1194044919293087e-1,2334720,95723520,45151
7,1,0,0.3,1,1,2400,25,5.6366527711846056e-3,6.627567135049603e-2,4.235397e-9,23,7,0,1.3983736537055758e-2,2457600,100761600,48151
7,1,0,0.3,1,2,2520,25,5.635753828055635e-3,6.630732158593015e-2,4.2185504e-9,25,9,2,2.263141073233189e-1,2580480,105799680,51151
7,1,0,0.3,1,2,2640,25,5.63495915030771e-3,6.632894666648234e-2,4.1227515e-9,25,9,2,9.989157896722806e-3,2703360,110837760,54151
7,1,0,0.3,1,2,2760,25,5.634312260990093e-3,6.634899021768975e-2,4.0129495e-9,26,10,3,1.9321575510925293e-1,2826240,115875840,57151
7,1,0,0.3,1,2,2880,25,5.634010295671386e-3,6.637511486755159e-2,4.2077284e-9,27,11,4,2.014692531673209e-1,2949120,120913920,60151
7,1,0,0.3,1,2,3000,25,5.637990689683107e-3,6.635796888621916e-2,2.0835543e-8,29,13,5,1.5272638099855856e-1,3072000,125952000,63151
7,1,0,0.3,1,2,3120,25,5.658387550448023e-3,6.660037034823343e-2,4.8863274e-8,32,16,7,2.1445855809583692e-1,3194880,130990080,66151
7,1,0,0.3,1,2,3240,25,5.639037058634375e-3,6.649600283769631e-2,1.2940366e-8,34,18,7,3.2121302162497756e-1,3317760,136028160,69151
7,1,0,0.3,1,2,3360,25,5.6364296105223125e-3,6.6483380049703e-2,1.0430798e-8,36,20,8,2.4423447002284338e-1,3440640,141066240,72151
7,1,0,0.3,1,2,3480,25,5.639312403328955e-3,6.640062880001088e-2,1.938531e-8,38,22,9,3.14536976948828e-1,3563520,146104320,75151
7,1,0,0.3,1,2,3600,25,5.644802084028656e-3,6.655454940845677e-2,2.9082479e-8,40,24,10,2.444630949291815e-1,3686400,151142400,78151
7,1,1,0.0,0,0,120,9,2.7860356458641735e-2,4.518588445021582e-2,1.7423434e-4,0,0,0,4.499799283005643e-1,122880,5038080,1071
7,1,1,0.0,0,0,240,9,2.7696465535686127e-2,4.459530974059341e-2,1.679904e-4,0,0,0,1.0051785130963253e-1,245760,10076160,2151
7,1,1,0.0,0,0,360,9,2.7693595201458216e-2,4.454452426842684e-2,1.6711601e-4,0,0,0,1.4449213040506947e-2,368640,15114240,3231
7,1,1,0.0,0,0,480,9,2.7693582443750305e-2,4.4541992961288336e-2,1.6706811e-4,0,0,0,7.953669021460996e-4,491520,20152320,4311
7,1,1,0.0,0,0,600,9,2.7693611250732886e-2,4.4541948132474495e-2,1.670676e-4,0,0,0,1.4226242086936701e-5,614400,25190400,5391
7,1,1,0.0,0,0,720,9,2.7693609275122263e-2,4.454194458679183e-2,1.6706783e-4,0,0,0,2.5170708112603416e-6,737280,30228480,6471
7,1,1,0.0,0,0,840,9,2.7693611279469038e-2,4.4541946417694066e-2,1.670676e-4,0,0,0,2.561131584106341e-6,860160,35266560,7551
7,1,1,0.0,0,0,960,9,2.7693612240590727e-2,4.454194899626812e-2,1.6706761e-4,0,0,0,2.9514961418421887e-6,983040,40304640,8631
7,1,1,0.0,0,0,1080,9,2.7693614108184002e-2,4.4541952497023536e-2,1.6706789e-4,0,0,0,2.638785077082673e-6,1105920,45342720,9711
7,1,1,0.0,0,0,1200,9,2.7693609818543484e-2,4.454194773487788e-2,1.6706751e-4,0,0,0,4.045760424192628e-6,1228800,50380800,10791
7,1,1,0.0,0,1,1320,9,2.4197102014695916e-2,4.930465363222875e-2,1.429116e-4,0,0,0,5.36565414902007e-1,1351680,55418880,11871
7,1,1,0.0,0,1,1440,9,2.4197111396156105e-2,4.9334641457113824e-2,1.4292108e-4,0,0,0,1.0380493752079993e-3,1474560,60456960,12951
7,1,1,0.0,0,1,1560,9,2.419710185847525e-2,4.9334667929958304e-2,1.4292097e-4,0,0,0,4.325717151458346e-6,1597440,65495040,14031
7,1,1,0.0,0,1,1680,9,2.4197116085122948e-2,4.933467125895493e-2,1.4292123e-4,0,0,0,4.064053349355119e-6,1720320,70533120,15111
7,1,1,0.0,0,1,1800,9,2.419710049418722e-2,4.9334663287066545e-2,1.4292102e-4,0,0,0,3.901051753259864e-6,1843200,75571200,16191
7,1,1,0.0,0,1,1920,9,2.419711587839497e-2,4.933466595345399e-2,1.4292111e-4,0,0,0,5.383403992312991e-6,1966080,80609280,17271
7,1,1,0.0,0,1,2040,9,2.4197106122829205e-2,4.933466380244271e-2,1.4292095e-4,0,0,0,5.2334936321016615e-6,2088960,85647360,18351
7,1,1,0.0,0,1,2160,9,2.4197106253796133e-2,4.933466378782983e-2,1.4292107e-4,0,0,0,5.343368553858974e-6,2211840,90685440,19431
7,1,1,0.0,0,1,2280,9,2.41971019483315e-2,4.933466169817317e-2,1.4292107e-4,0,0,0,7.3660325005941996e-6,2334720,95723520,20511
7,1,1,0.0,0,1,2400,9,2.4197112937219455e-2,4.93346711037982e-2,1.429211e-4,0,0,0,7.074321179589144e-6,2457600,100761600,21591
7,1,1,0.0,0,2,2520,9,2.284041360222105e-2,4.302157099164387e-2,1.3506532e-4,0,0,0,6.091347183880162e-1,2580480,105799680,22671
7,1,1,0.0,0,2,2640,9,2.2840384486032372e-2,4.3028008760760975e-2,1.3510682e-4,0,0,0,1.1392878098438956e-3,2703360,110837760,23751
7,1,1,0.0,0,2,2760,9,2.2840384476077474e-2,4.302800552057104e-2,1.3510678e-4,0,0,0,6.669636470917582e-6,2826240,115875840,24831
7,1,1,0.0,0,2,2880,9,2.2840388296268888e-2,4.3028006140888406e-2,1.3510688e-4,0,0,0,6.136558257804903e-6,2949120,120913920,25911
7,1,1,0.0,0,2,3000,9,2.2840380501584493e-2,4.302800218752744e-2,1.3510673e-4,0,0,0,5.62282411036767e-6,3072000,125952000,26991
7,1,1,0.0,0,2,3120,9,2.2840385456012628e-2,4.302799881842276e-2,1.351068e-4,0,0,0,6.506426070553332e-6,3194880,130990080,28071
7,1,1,0.0,0,2,3240,9,2.2840387435792604e-2,4.3027996733077445e-2,1.3510688e-4,0,0,0,8.689509718549579e-6,3317760,136028160,29151
7,1,1,0.0,0,2,3360,9,2.2840400949559567e-2,4.302800299822607e-2,1.3510672e-4,0,0,0,1.2010869229608229e-5,3440640,141066240,30231
7,1,1,0.0,0,2,3480,9,2.2840383079903125e-2,4.3028005471761166e-2,1.3510673e-4,0,0,0,1.0652273123566182e-5,3563520,146104320,31311
7,1,1,0.0,0,2,3600,9,2.284038072245881e-2,4.3027994857365616e-2,1.3510672e-4,0,0,0,1.0232538205735072e-5,3686400,151142400,32391
7,1,1,0.0,1,0,120,9,2.7860356458641735e-2,4.518588445021582e-2,1.7423434e-4,0,0,0,4.499799283005643e-1,122880,5038080,1071
7,1,1,0.0,1,0,240,9,2.7696465535686127e-2,4.459530974059341e-2,1.679904e-4,0,0,0,1.0051785130963253e-1,245760,10076160,2151
7,1,1,0.0,1,0,360,9,2.7693595201458216e-2,4.454452426842684e-2,1.6711601e-4,0,0,0,1.4449213040506947e-2,368640,15114240,3231
7,1,1,0.0,1,0,480,11,1.4490807856765398e-2,2.398879153305168e-2,4.4731038e-5,2,0,0,2.410982399860302e-1,491520,20152320,4351
7,1,1,0.0,1,0,600,14,2.1888543579123498e-4,3.901808349535921e-4,8.05181e-9,5,0,0,3.6456951398983684e-1,614400,25190400,5791
7,1,1,0.0,1,0,720,14,2.8852695985796363e-5,1.6896910217876267e-4,5.971684e-11,5,0,0,4.5391498054084156e-2,737280,30228480,7471
7,1,1,0.0,1,0,840,14,1.5240446945166757e-5,8.74132004446368e-5,1.42995425e-11,5,0,0,1.4179706341159726e-3,860160,35266560,9151
7,1,1,0.0,1,0,960,14,7.605913898950702e-6,4.090945817408254e-5,3.3118664e-12,5,0,0,8.230875746544908e-4,983040,40304640,10831
7,1,1,0.0,1,0,1080,14,4.071094664516015e-6,1.7366932995954315e-5,6.0386006e-13,5,0,0,4.280195713287638e-4,1105920,45342720,12511
7,1,1,0.0,1,0,1200,14,2.9160862415379755e-6,7.37805734790722e-6,8.5431106e-14,5,0,0,2.2510629876350968e-4,1228800,50380800,14191
7,1,1,0.0,1,1,1320,14,4.858544116016403e-6,1.0521192139158402e-5,2.9681908e-12,5,0,0,1.697101525826337e-2,1351680,55418880,15871
7,1,1,0.0,1,1,1440,14,3.50386772975117e-6,9.327057535987855e-6,5.1938204e-14,5,0,0,6.919418714587655e-3,1474560,60456960,17551
7,1,1,0.0,1,1,1560,14,2.039604399286698e-5,3.232078415455154e-5,3.997858e-11,5,0,0,5.122689494548865e-2,1597440,65495040,19231
7,1,1,0.0,1,1,1680,14,3.5161718414928835e-6,9.215089517483697e-6,8.84155e-14,5,0,0,1.2994545155834234e-3,1720320,70533120,20911
7,1,1,0.0,1,1,1800,14,1.7470582645983833e-4,2.579430533188876e-4,2.752052e-9,5,0,0,5.6725008130098224e-2,1843200,75571200,22591
7,1,1,0.0,1,1,1920,14,3.6097313312889045e-6,8.420583226014058e-6,1.3916891e-13,5,0,0,1.018313738633074e-2,1966080,80609280,24271
7,1,1,0.0,1,1,2040,16,6.730234512587494e-4,9.884232662635455e-4,4.3210388e-8,7,0,0,3.1677591198361976e-1,2088960,85647360,25991
7,1,1,0.0,1,1,2160,18,2.207255805995191e-4,2.934966728402954e-4,4.0154435e-9,9,0,0,3.3129435054304146e-1,2211840,90685440,28031
7,1,1,0.0,1,1,2280,18,5.646625897109477e-6,5.262720162526798e-5,9.183079e-13,9,0,0,1.724178051827452e-2,2334720,95723520,30191
7,1,1,0.0,1,1,2400,18,4.318590880824169e-6,2.8659815646762412e-5,3.057862e-13,9,0,0,3.2961094337001853e-4,2457600,100761600,32351
7,1,1,0.0,1,2,2520,18,1.3060846004172787e-5,1.9463309571541958e-5,2.7963298e-11,9,0,0,1.3369093189831427e-3,2580480,105799680,34511
7,1,1,0.0,1,2,2640,20,1.6435026955079446e-4,2.844428608040586e-4,4.8267093e-9,11,0,0,5.557383154791893e-1,2703360,110837760,36791
7,1,1,0.0,1,2,2760,20,9.922485364179638e-6,5.659981375216257e-5,6.2402054e-12,11,0,0,1.600990875583741e-2,2826240,115875840,39191
7,1,1,0.0,1,2,2880,20,5.255028705158816e-6,2.5999465147321664e-5,1.2828918e-12,11,0,0,8.193782480410139e-4,2949120,120913920,41591
7,1,1,0.0,1,2,3000,20,3.465150816073982e-6,1.221588481810008e-5,2.0644836e-13,11,0,0,3.9873652646105207e-4,3072000,125952000,43991
7,1,1,0.0,1,2,3120,21,1.2811036203835466e-3,1.5254786957468562e-3,1.8949265e-7,12,0,0,7.010480157173976e-2,3194880,130990080,46391
7,1,1,0.0,1,2,3240,24,2.543269712491086e-4,6.392765911032331e-4,2.0117515e-8,15,0,0,5.54581125853808e-1,3317760,136028160,49031
7,1,1,0.0,1,2,3360,25,6.087144752394411e-5,3.594342055567972e-4,3.7752687e-10,17,1,0,3.7251652016537484e-1,3440640,141066240,51991
7,1,1,0.0,1,2,3480,25,1.1541511491439566e-5,1.4134628767222787e-4,1.0769846e-12,17,1,0,4.718763806410467e-3,3563520,146104320,54991
7,1,1,0.0,1,2,3600,25,9.521827792537075e-6,1.1313920124091907e-4,1.1146328e-12,17,1,0,6.99829602853818e-4,3686400,151142400,57991
7,1,1,0.3,0,0,120,9,3.935759993803943e-2,6.2380830207666896e-2,2.940034e-4,0,0,0,5.192382358095529e-1,122880,5038080,1071
7,1,1,0.3,0,0,240,9,3.9133324723012224e-2,6.31182469375091e-2,2.8021832e-4,0,0,0,1.308289547378081e-1,245760,10076160,2151
7,1,1,0.3,0,0,360,9,3.9128935486825826e-2,6.328321382877812e-2,2.7815995e-4,0,0,0,1.9833718683912593e-2,368640,15114240,3231
7,1,1,0.3,0,0,480,9,3.912896385482116e-2,6.329363445771914e-2,2.7803623e-4,0,0,0,1.1983553137113745e-3,491520,20152320,4311
7,1,1,0.3,0,0,600,9,3.9128957422903905e-2,6.329384870289191e-2,2.7803364e-4,0,0,0,2.6333929635003004e-5,614400,25190400,5391
7,1,1,0.3,0,0,720,9,3.912895729215911e-2,6.329384347650709e-2,2.7803367e-4,0,0,0,2.587938610688922e-6,737280,30228480,6471
7,1,1,0.3,0,0,840,9,3.9128958602512524e-2,6.329384876110411e-2,2.7803375e-4,0,0,0,2.6484887890674408e-6,860160,35266560,7551
7,1,1,0.3,0,0,960,9,3.912895420948714e-2,6.329384920546917e-2,2.7803346e-4,0,0,0,2.9210813646161297e-6,983040,40304640,8631
7,1,1,0.3,0,0,1080,9,3.9128960325438354e-2,6.329384905119959e-2,2.7803375e-4,0,0,0,4.162829769382807e-6,1105920,45342720,9711
7,1,1,0.3,0,0,1200,9,3.9128956048630766e-2,6.329384529673407e-2,2.780335e-4,0,0,0,4.773380106068599e-6,1228800,50380800,10791
7,1,1,0.3,0,1,1320,9,3.238629256836865e-2,7.413360825824332e-2,1.4236521e-4,0,0,0,6.898339341450119e-1,1351680,55418880,11871
7,1,1,0.3,0,1,1440,9,3.23856458479297e-2,7.388674746300147e-2,1.4184066e-4,0,0,0,9.47520981623029e-3,1474560,60456960,12951
7,1,1,0.3,0,1,1560,9,3.238564545388638e-2,7.38832603541894e-2,1.4183087e-4,0,0,0,1.4549346626174797e-4,1597440,65495040,14031
7,1,1,0.3,0,1,1680,9,3.2385645607905536e-2,7.388323840904404e-2,1.4183072e-4,0,0,0,2.826828512484357e-6,1720320,70533120,15111
7,1,1,0.3,0,1,1800,9,3.238564471275142e-2,7.388324622868707e-2,1.4183065e-4,0,0,0,1.7089012586403679e-6,1843200,75571200,16191
7,1,1,0.3,0,1,1920,9,3.238564594490473e-2,7.388323995327949e-2,1.4183072e-4,0,0,0,1.915112031041058e-6,1966080,80609280,17271
7,1,1,0.3,0,1,2040,9,3.238564347357725e-2,7.388324181487056e-2,1.4183066e-4,0,0,0,3.1149918165119736e-6,2088960,85647360,18351
7,1,1,0.3,0,1,2160,9,3.238564694186065e-2,7.388324459008144e-2,1.4183074e-4,0,0,0,2.813099734363348e-6,2211840,90685440,19431
7,1,1,0.3,0,1,2280,9,3.23856400912985e-2,7.388324401330786e-2,1.418306e-4,0,0,0,2.825266604641278e-6,2334720,95723520,20511
7,1,1,0.3,0,1,2400,9,3.238564460041835e-2,7.388323656913552e-2,1.4183065e-4,0,0,0,2.9108790590348307e-6,2457600,100761600,21591
7,1,1,0.3,0,2,2520,9,3.0647990410945063e-2,7.817576331076391e-2,1.5683736e-4,0,0,0,8.945594694568109e-1,2580480,105799680,22671
7,1,1,0.3,0,2,2640,9,3.0647906115692358e-2,7.810901974989283e-2,1.5686676e-4,0,0,0,2.5287130198188013e-3,2703360,110837760,23751
7,1,1,0.3,0,2,2760,9,3.0647907327291037e-2,7.810895539163698e-2,1.568668e-4,0,0,0,6.812407719445149e-6,2826240,115875840,24831
7,1,1,0.3,0,2,2880,9,3.0647913378328513e-2,7.810894530721744e-2,1.56867e-4,0,0,0,6.202526386054827e-6,2949120,120913920,25911
7,1,1,0.3,0,2,3000,9,3.0647911156369143e-2,7.81089575682202e-2,1.5686681e-4,0,0,0,7.879241589113864e-6,3072000,125952000,26991
7,1,1,0.3,0,2,3120,9,3.064792018887409e-2,7.810895924569831e-2,1.5686706e-4,0,0,0,7.875821095087825e-6,3194880,130990080,28071
7,1,1,0.3,0,2,3240,9,3.0647902968688592e-2,7.81089633156259e-2,1.5686687e-4,0,0,0,7.531500967699473e-6,3317760,136028160,29151
7,1,1,0.3,0,2,3360,9,3.064790958727253e-2,7.810894450928302e-2,1.5686704e-4,0,0,0,7.435509255863254e-6,3440640,141066240,30231
7,1,1,0.3,0,2,3480,9,3.0647909435185146e-2,7.810895296595756e-2,1.5686688e-4,0,0,0,1.053792679265881e-5,3563520,146104320,31311
7,1,1,0.3,0,2,3600,9,3.0647911031175267e-2,7.810896500912953e-2,1.5686695e-4,0,0,0,1.1969893028765432e-5,3686400,151142400,32391
7,1,1,0.3,1,0,120,9,3.935759993803943e-2,6.2380830207666896e-2,2.940034e-4,0,0,0,5.192382358095529e-1,122880,5038080,1071
7,1,1,0.3,1,0,240,9,3.9133324723012224e-2,6.31182469375091e-2,2.8021832e-4,0,0,0,1.308289547378081e-1,245760,10076160,2151
7,1,1,0.3,1,0,360,9,3.9128935486825826e-2,6.328321382877812e-2,2.7815995e-4,0,0,0,1.9833718683912593e-2,368640,15114240,3231
7,1,1,0.3,1,0,480,11,2.1340017837134476e-2,6.786472066217435e-2,3.9204813e-5,2,0,0,2.591780746848258e-1,491520,20152320,4351
7,1,1,0.3,1,0,600,14,1.0351695619282055e-2,6.017993403315738e-2,1.9161293e-6,5,0,0,5.764120156589687e-1,614400,25190400,5791
7,1,1,0.3,1,0,720,17,8.177804350500185e-3,6.2491509768264945e-2,7.1894203e-7,8,0,0,3.322114593748573e-1,737280,30228480,7591
7,1,1,0.3,1,0,840,20,7.441284258937293e-3,6.59831907232031e-2,1.5072e-7,11,0,0,2.4583136886682438e-1,860160,35266560,9751
7,1,1,0.3,1,0,960,23,6.516890240210376e-3,6.677727925141598e-2,3.2813084e-8,14,0,0,3.9522045519588134e-1,983040,40304640,12271
7,1,1,0.3,1,0,1080,25,5.890593578883842e-3,6.498365028514878e-2,6.7981345e-9,17,1,0,4.711696124439442e-1,1105920,45342720,15151
7,1,1,0.3,1,0,1200,25,5.771422868680771e-3,6.493984063542765e-2,3.380919e-9,18,2,0,1.2760564174404365e-1,1228800,50380800,18151
7,1,1,0.3,1,1,1320,25,9.421288355108618e-3,1.0172055229122177e-1,4.908458e-7,21,5,1,1.8767900755512112e0,1351680,55418880,21151
7,1,1,0.3,1,1,1440,25,9.027143294500566e-3,1.0060952246797412e-1,4.97501e-7,24,8,4,2.4912231102676685e-1,1474560,60456960,24151
7,1,1,0.3,1,1,1560,25,8.884855647424465e-3,9.880611560394241e-2,4.740773e-7,27,11,7,1.7170077513663973e-1,1597440,65495040,27151
7,1,1,0.3,1,1,1680,25,8.805019521686473e-3,7.96153948692578e-2,4.544767e-7,30,14,10,1.472540132648632e-1,1720320,70533120,30151
7,1,1,0.3,1,1,1800,25,8.732491970537196e-3,8.50318658554512e-2,4.418376e-7,33,17,13,1.4872498111337418e-1,1843200,75571200,33151
7,1,1,0.3,1,1,1920,25,8.658907218803524e-3,9.352004147230819e-2,4.3192478e-7,36,20,16,1.5532040086350207e-1,1966080,80609280,36151
7,1,1,0.3,1,1,2040,25,8.583455559881704e-3,9.91848380105105e-2,4.2259123e-7,39,23,19,1.6369272611069619e-1,2088960,85647360,39151
7,1,1,0.3,1,1,2160,25,8.506171049776438e-3,1.187297926850396e-1,4.1304736e-7,42,26,22,1.7242138644978766e-1,2211840,90685440,42151
7,1,1,0.3,1,1,2280,25,8.427321820852767e-3,1.2484205402483682e-1,4.034924e-7,45,29,25,1.811334325841707e-1,2334720,95723520,45151
7,1,1,0.3,1,1,2400,25,8.347269704443026e-3,1.32375316758741e-1,3.9348188e-7,48,32,28,1.8961109946764054e-1,2457600,100761600,48151
7,1,1,0.3,1,2,2520,25,1.700701529689252e-2,1.0052121625168602e-1,2.1703899e-7,51,35,29,3.4558376190495466e0,2580480,105799680,51151
7,1,1,0.3,1,2,2640,25,1.5824103478288058e-2,9.925746666888627e-2,2.1996934e-7,54,38,30,2.553018222142802e-1,2703360,110837760,54151
7,1,1,0.3,1,2,2760,25,1.543429852238718e-2,1.00013790860637e-1,1.8942399e-7,57,41,30,1.543210028263471e-1,2826240,115875840,57151
7,1,1,0.3,1,2,2880,25,1.5231444868115004e-2,1.0105521749335425e-1,1.5210946e-7,60,44,30,1.0466264466030467e-1,2949120,120913920,60151
7,1,1,0.3,1,2,3000,25,1.5074324581389352e-2,1.0126871630157439e-1,1.2421202e-7,63,47,30,9.976601871631985e-2,3072000,125952000,63151
7,1,1,0.3,1,2,3120,25,1.494549721669499e-2,1.0229175191299386e-1,1.0334806e-7,66,50,30,9.273311403217122e-2,3194880,130990080,66151
7,1,1,0.3,1,2,3240,25,1.4836421581049152e-2,1.0804545228200825e-1,8.800496e-8,69,53,30,8.413402750329624e-2,3317760,136028160,69151
7,1,1,0.3,1,2,3360,25,1.4740293563426245e-2,1.0948300476587715e-1,7.6302285e-8,72,56,30,7.672492595237301e-2,3440640,141066240,72151
7,1,1,0.3,1,2,3480,25,1.4651943051798785e-2,1.105939781866398e-1,6.997159e-8,75,59,32,7.403923544423341e-2,3563520,146104320,75151
7,1,1,0.3,1,2,3600,25,1.4567808905095155e-2,1.1173674246559756e-1,6.782622e-8,78,62,35,7.354910937505732e-2,3686400,151142400,78151
19,0,0,0.0,0,0,120,9,1.2093047511513861e-3,2.4339705799485676e-3,1.1775652e-7,0,0,0,4.521473407148733e-1,122880,5038080,1071
19,0,0,0.0,0,0,240,9,8.949204956290106e-6,1.788183483526443e-5,6.417304e-12,0,0,0,4.1341678745197896e-2,245760,10076160,2151
19,0,0,0.0,0,0,360,9,2.3618164216024541e-7,5.529421422182544e-7,5.310957e-15,0,0,0,3.1848323035198536e-4,368640,15114240,3231
19,0,0,0.0,0,0,480,9,2.4294491463423325e-7,5.371559882931794e-7,6.4923403e-15,0,0,0,4.461492717171625e-6,491520,20152320,4311
19,0,0,0.0,0,0,600,9,2.4530407239726677e-7,5.385976221138983e-7,5.5383194e-15,0,0,0,6.261577302201296e-6,614400,25190400,5391
19,0,0,0.0,0,0,720,9,2.3494446366233448e-7,5.416167267372584e-7,5.0319864e-15,0,0,0,7.952706825723257e-6,737280,30228480,6471
19,0,0,0.0,0,0,840,9,2.6966573403557924e-7,5.233701427323589e-7,9.946806e-15,0,0,0,1.3367172394829555e-5,860160,35266560,7551
19,0,0,0.0,0,0,960,9,2.8457658152508135e-7,5.451125783670481e-7,1.185134e-14,0,0,0,3.2389964277698344e-5,983040,40304640,8631
19,0,0,0.0,0,0,1080,9,2.905487622326678e-7,5.67728008190051e-7,1.3527905e-14,0,0,0,4.594672595696625e-5,1105920,45342720,9711
19,0,0,0.0,0,0,1200,9,2.576247662606851e-7,5.620684126963481e-7,1.0373046e-14,0,0,0,7.811056387954651e-5,1228800,50380800,10791
19,0,0,0.0,0,1,1320,9,3.2172578442609184e-7,6.335896377173043e-7,2.2598803e-14,0,0,0,5.043639050001086e-5,1351680,55418880,11871
19,0,0,0.0,0,1,1440,9,4.0682489770906993e-7,6.690112136853731e-7,4.4903148e-14,0,0,0,9.291054685270188e-5,1474560,60456960,12951
19,0,0,0.0,0,1,1560,9,8.84921269529927e-5,1.1302207867639515e-4,1.9532935e-9,0,0,0,1.427562860466372e-3,1597440,65495040,14031
19,0,0,0.0,0,1,1680,9,4.974483233474001e-7,7.562798071555692e-7,5.8829155e-14,0,0,0,2.561999819911595e-2,1720320,70533120,15111
19,0,0,0.0,0,1,1800,9,1.274231736342561e-4,1.6218399560224747e-4,4.4111106e-9,0,0,0,2.5568055410454926e-2,1843200,75571200,16191
19,0,0,0.0,0,1,1920,9,4.031583445807899e-7,6.971470482025081e-7,4.0679984e-14,0,0,0,5.800101401060116e-3,1966080,80609280,17271
19,0,0,0.0,0,1,2040,9,4.482996661304349e-5,5.709990473568807e-5,6.036926e-10,0,0,0,3.848403988395832e-2,2088960,85647360,18351
19,0,0,0.0,0,1,2160,9,5.842295705740994e-7,9.068576330368404e-7,1.1444121e-13,0,0,0,2.568433017098526e-3,2211840,90685440,19431
19,0,0,0.0,0,1,2280,9,1.0256072289982319e-5,1.3206422862151702e-5,3.0047312e-11,0,0,0,5.3409325116786754e-2,2334720,95723520,20511
19,0,0,0.0,0,1,2400,9,7.365835575981497e-4,9.518855796123711e-4,1.5620572e-7,0,0,0,1.5218081120934632e-2,2457600,100761600,21591
19,0,0,0.0,0,2,2520,9,4.3851746459973633e-7,6.955028194257595e-7,3.9636094e-14,0,0,0,5.645366547332786e-2,2580480,105799680,22671
19,0,0,0.0,0,2,2640,9,2.0909466573849203e-5,2.6855051004052296e-5,1.2684319e-10,0,0,0,7.868171737645535e-4,2703360,110837760,23751
19,0,0,0.0,0,2,2760,9,4.737804810585086e-6,6.007570315944355e-6,6.5348616e-12,0,0,0,6.491143048303138e-2,2826240,115875840,24831
19,0,0,0.0,0,2,2880,9,6.439394841736858e-5,8.545389957501952e-5,1.1845385e-9,0,0,0,5.39599427110008e-2,2949120,120913920,25911
19,0,0,0.0,0,2,3000,9,1.2935691724144991e-6,1.791380512768793e-6,2.1663708e-13,0,0,0,2.0856971149035175e-2,3072000,125952000,26991
19,0,0,0.0,0,2,3120,9,6.802999105819086e-5,8.840292809683347e-5,1.1548393e-9,0,0,0,7.294543624307942e-2,3194880,130990080,28071
19,0,0,0.0,0,2,3240,9,7.448106672601583e-5,9.626542576215432e-5,1.4516968e-9,0,0,0,4.661548468847432e-2,3317760,136028160,29151
19,0,0,0.0,0,2,3360,9,4.2488713209781554e-5,5.734552084025938e-5,2.5372168e-10,0,0,0,6.784649427906331e-2,3440640,141066240,30231
19,0,0,0.0,0,2,3480,9,9.189194427950844e-6,1.1787931388159214e-5,2.0868016e-11,0,0,0,5.426079798384098e-2,3563520,146104320,31311
19,0,0,0.0,0,2,3600,9,4.728311683428286e-5,6.213890618294272e-5,6.191002e-10,0,0,0,8.85764538063718e-2,3686400,151142400,32391
19,0,0,0.0,1,0,120,9,1.2093047511513861e-3,2.4339705799485676e-3,1.1775652e-7,0,0,0,4.521473407148733e-1,122880,5038080,1071
19,0,0,0.0,1,0,240,9,8.949204956290106e-6,1.788183483526443e-5,6.417304e-12,0,0,0,4.1341678745197896e-2,245760,10076160,2151
19,0,0,0.0,1,0,360,9,2.3618164216024541e-7,5.529421422182544e-7,5.310957e-15,0,0,0,3.1848323035198536e-4,368640,15114240,3231
19,0,0,0.0,1,0,480,9,2.4294491463423325e-7,5.371559882931794e-7,6.4923403e-15,0,0,0,4.461492717171625e-6,491520,20152320,4311
19,0,0,0.0,1,0,600,9,2.4530407239726677e-7,5.385976221138983e-7,5.5383194e-15,0,0,0,6.261577302201296e-6,614400,25190400,5391
19,0,0,0.0,1,0,720,9,2.3494446366233448e-7,5.416167267372584e-7,5.0319864e-15,0,0,0,7.952706825723257e-6,737280,30228480,6471
19,0,0,0.0,1,0,840,9,2.6966573403557924e-7,5.233701427323589e-7,9.946806e-15,0,0,0,1.3367172394829555e-5,860160,35266560,7551
19,0,0,0.0,1,0,960,9,2.8457658152508135e-7,5.451125783670481e-7,1.185134e-14,0,0,0,3.2389964277698344e-5,983040,40304640,8631
19,0,0,0.0,1,0,1080,9,2.905487622326678e-7,5.67728008190051e-7,1.3527905e-14,0,0,0,4.594672595696625e-5,1105920,45342720,9711
19,0,0,0.0,1,0,1200,9,2.576247662606851e-7,5.620684126963481e-7,1.0373046e-14,0,0,0,7.811056387954651e-5,1228800,50380800,10791
19,0,0,0.0,1,1,1320,9,3.2172578442609184e-7,6.335896377173043e-7,2.2598803e-14,0,0,0,5.043639050001086e-5,1351680,55418880,11871
19,0,0,0.0,1,1,1440,9,4.0682489770906993e-7,6.690112136853731e-7,4.4903148e-14,0,0,0,9.291054685270188e-5,1474560,60456960,12951
19,0,0,0.0,1,1,1560,9,8.84921269529927e-5,1.1302207867639515e-4,1.9532935e-9,0,0,0,1.427562860466372e-3,1597440,65495040,14031
19,0,0,0.0,1,1,1680,9,4.974483233474001e-7,7.562798071555692e-7,5.8829155e-14,0,0,0,2.561999819911595e-2,1720320,70533120,15111
19,0,0,0.0,1,1,1800,9,1.274231736342561e-4,1.6218399560224747e-4,4.4111106e-9,0,0,0,2.5568055410454926e-2,1843200,75571200,16191
19,0,0,0.0,1,1,1920,9,4.031583445807899e-7,6.971470482025081e-7,4.0679984e-14,0,0,0,5.800101401060116e-3,1966080,80609280,17271
19,0,0,0.0,1,1,2040,11,6.473224473472858e-4,8.583152221196535e-4,1.022767e-7,2,0,0,2.453811411982625e-1,2088960,85647360,18391
19,0,0,0.0,1,1,2160,14,3.542710594174657e-4,4.797752368618079e-4,2.3439007e-8,5,0,0,3.2706243409751323e-1,2211840,90685440,19831
19,0,0,0.0,1,1,2280,15,2.0369320851997678e-5,3.0255625625129753e-5,4.935064e-11,6,0,0,1.7997848762671254e-1,2334720,95723520,21591
19,0,0,0.0,1,1,2400,15,2.9588515404730513e-7,6.091077480225183e-7,8.0384875e-15,6,0,0,1.435545284490039e-3,2457600,100761600,23391
19,0,0,0.0,1,2,2520,15,2.643381576926528e-7,5.788872184132655e-7,3.6956077e-15,6,0,0,1.384306409424746e-4,2580480,105799680,25191
19,0,0,0.0,1,2,2640,17,2.0277752391060277e-4,2.512858268866329e-4,7.552779e-9,8,0,0,2.529121190425173e-1,2703360,110837760,27031
19,0,0,0.0,1,2,2760,19,1.2857043918629182e-4,2.22359689735473e-4,2.3505715e-9,10,0,0,3.968981531797837e-1,2826240,115875840,29191
19,0,0,0.0,1,2,2880,19,1.0003176534812394e-5,7.644599146898259e-5,1.820589e-12,10,0,0,1.551840758795442e-2,2949120,120913920,31471
19,0,0,0.0,1,2,3000,19,4.50199444488781e-6,3.413066473621224e-5,3.3639663e-13,10,0,0,7.116258938658637e-4,3072000,125952000,33751
19,0,0,0.0,1,2,3120,19,1.7937017943319452e-4,2.226907630481492e-4,2.8175815e-9,10,0,0,4.075473210439315e-3,3194880,130990080,36031
19,0,0,0.0,1,2,3240,22,2.6168425904110653e-4,3.7422253618361276e-4,7.0332598e-9,13,0,0,5.632900251237203e-1,3317760,136028160,38431
19,0,0,0.0,1,2,3360,25,3.8242291395191664e-4,4.974262030149333e-4,1.6194736e-8,16,0,0,5.797707144075162e-1,3440640,141066240,41191
19,0,0,0.0,1,2,3480,25,1.0229479615104637e-5,8.10290825595073e-5,1.2736501e-12,16,0,0,8.451189787753538e-2,3563520,146104320,44191
19,0,0,0.0,1,2,3600,25,3.4286921067880763e-6,3.540558246948155e-5,1.2848545e-13,16,0,0,1.10139892061515e-3,3686400,151142400,47191
19,0,0,0.3,0,0,120,9,2.41187147958268e-2,5.601340421637295e-2,2.5969419e-5,0,0,0,4.099998876475297e-1,122880,5038080,1071
19,0,0,0.3,0,0,240,9,2.4099573220128307e-2,5.696398617837079e-2,2.6556665e-5,0,0,0,3.291173527418323e-2,245760,10076160,2151
19,0,0,0.3,0,0,360,9,2.4099581447826788e-2,5.700369367261113e-2,2.6586484e-5,0,0,0,1.4021619443358446e-3,368640,15114240,3231
19,0,0,0.3,0,0,480,9,2.409957179577443e-2,5.70038806504037e-2,2.6586471e-5,0,0,0,8.846338653421132e-6,491520,20152320,4311
19,0,0,0.3,0,0,600,9,2.4099577351373233e-2,5.700387942155522e-2,2.6586502e-5,0,0,0,6.167217980543836e-6,614400,25190400,5391
19,0,0,0.3,0,0,720,9,2.4099565025743522e-2,5.700388208507124e-2,2.6586502e-5,0,0,0,7.086139566445972e-6,737280,30228480,6471
19,0,0,0.3,0,0,840,9,2.4099565798509536e-2,5.700387427606091e-2,2.6586495e-5,0,0,0,6.589973491242032e-6,860160,35266560,7551
19,0,0,0.3,0,0,960,9,2.4099563446600077e-2,5.700388111688897e-2,2.6586496e-5,0,0,0,9.055670538530734e-6,983040,40304640,8631
19,0,0,0.3,0,0,1080,9,2.4099571633319654e-2,5.700388049614214e-2,2.658649e-5,0,0,0,9.0410413409606e-6,1105920,45342720,9711
19,0,0,0.3,0,0,1200,9,2.4099563387337968e-2,5.700387534729984e-2,2.6586386e-5,0,0,0,1.2043633728737665e-5,1228800,50380800,10791
19,0,0,0.3,0,1,1320,9,2.4099563396772734e-2,5.700386616113204e-2,2.658656e-5,0,0,0,1.5645986217328184e-5,1351680,55418880,11871
19,0,0,0.3,0,1,1440,9,2.409957097789866e-2,5.700386082227142e-2,2.6586558e-5,0,0,0,2.3832872028920968e-5,1474560,60456960,12951
19,0,0,0.3,0,1,1560,9,2.4099571722949874e-2,5.7003859000127666e-2,2.6586586e-5,0,0,0,4.3361023190906234e-5,1597440,65495040,14031
19,0,0,0.3,0,1,1680,9,2.4099570724044637e-2,5.700385715565028e-2,2.658662e-5,0,0,0,5.770500441375226e-5,1720320,70533120,15111
19,0,0,0.3,0,1,1800,9,2.4099568432871935e-2,5.70038760206741e-2,2.6586464e-5,0,0,0,4.4466301852875544e-5,1843200,75571200,16191
19,0,0,0.3,0,1,1920,9,2.4099548557654567e-2,5.700386557404444e-2,2.6586593e-5,0,0,0,5.913148392206434e-5,1966080,80609280,17271
19,0,0,0.3,0,1,2040,9,2.4099540216137912e-2,5.700388951769221e-2,2.6586455e-5,0,0,0,7.7984188270281e-5,2088960,85647360,18351
19,0,0,0.3,0,1,2160,9,2.4099533691402285e-2,5.700384540815883e-2,2.658685e-5,0,0,0,1.2886751486427053e-4,2211840,90685440,19431
19,0,0,0.3,0,1,2280,9,2.4099564622407418e-2,5.700410357740494e-2,2.6581036e-5,0,0,0,3.5132207856199e-2,2334720,95723520,20511
19,0,0,0.3,0,1,2400,9,2.409952704106441e-2,5.700411076608441e-2,2.658078e-5,0,0,0,1.5065925656989054e-3,2457600,100761600,21591
19,0,0,0.3,0,2,2520,9,2.409953483389453e-2,5.700381879877554e-2,2.658766e-5,0,0,0,3.833311399475639e-2,2580480,105799680,22671
19,0,0,0.3,0,2,2640,9,2.409960831033173e-2,5.700554775249042e-2,2.655848e-5,0,0,0,4.36335723810473e-2,2703360,110837760,23751
19,0,0,0.3,0,2,2760,9,2.4099524365420334e-2,5.700383630486246e-2,2.6586977e-5,0,0,0,5.551060946189124e-3,2826240,115875840,24831
19,0,0,0.3,0,2,2880,9,2.4099558345340985e-2,5.700648745743644e-2,2.6550839e-5,0,0,0,5.836782270921581e-2,2949120,120913920,25911
19,0,0,0.3,0,2,3000,9,2.409953342663891e-2,5.7003951364270174e-2,2.6585602e-5,0,0,0,2.7011701239588737e-3,3072000,125952000,26991
19,0,0,0.3,0,2,3120,9,2.4099541015734856e-2,5.700229428293555e-2,2.660287e-5,0,0,0,6.489284536709261e-2,3194880,130990080,28071
19,0,0,0.3,0,2,3240,9,2.4099554487701035e-2,5.7003569591711045e-2,2.6589883e-5,0,0,0,2.182467583683196e-3,3317760,136028160,29151
19,0,0,0.3,0,2,3360,9,2.409955068991228e-2,5.700455893812401e-2,2.6579832e-5,0,0,0,7.366534431915372e-2,3440640,141066240,30231
19,0,0,0.3,0,2,3480,9,2.410161197626241e-2,5.697115693792178e-2,2.6935148e-5,0,0,0,6.6521033920468875e-3,3563520,146104320,31311
19,0,0,0.3,0,2,3600,9,2.4099564675772792e-2,5.700407292441022e-2,2.658424e-5,0,0,0,8.182361185281173e-2,3686400,151142400,32391
19,0,0,0.3,1,0,120,9,2.41187147958268e-2,5.601340421637295e-2,2.5969419e-5,0,0,0,4.099998876475297e-1,122880,5038080,1071
19,0,0,0.3,1,0,240,9,2.4099573220128307e-2,5.696398617837079e-2,2.6556665e-5,0,0,0,3.291173527418323e-2,245760,10076160,2151
19,0,0,0.3,1,0,360,9,2.4099581447826788e-2,5.700369367261113e-2,2.6586484e-5,0,0,0,1.4021619443358446e-3,368640,15114240,3231
19,0,0,0.3,1,0,480,11,2.1695649041750878e-2,6.555531322838754e-2,1.1580089e-5,2,0,0,1.7151215181138674e-1,491520,20152320,4351
19,0,0,0.3,1,0,600,14,1.78801739998601e-2,6.987398215151884e-2,3.833835e-6,5,0,0,4.723966954719572e-1,614400,25190400,5791
19,0,0,0.3,1,0,720,17,1.5319094451227998e-2,7.045533655032091e-2,3.2473424e-6,8,0,0,5.02259181160543e-1,737280,30228480,7591
19,0,0,0.3,1,0,840,20,1.2043003842290088e-2,7.85162182359167e-2,1.4946037e-6,11,0,0,5.720354045544696e-1,860160,35266560,9751
19,0,0,0.3,1,0,960,23,9.645440518634623e-3,8.719384087888292e-2,2.2897626e-7,14,0,0,5.461903560555754e-1,983040,40304640,12271
19,0,0,0.3,1,0,1080,25,7.506708648652221e-3,8.832852752625509e-2,4.4883276e-8,17,1,0,5.890725439132982e-1,1105920,45342720,15151
19,0,0,0.3,1,0,1200,25,6.746084352529755e-3,9.006643606488132e-2,3.2886845e-8,20,4,0,3.4768966536974233e-1,1228800,50380800,18151
19,0,0,0.3,1,1,1320,25,6.616345403197534e-3,9.030639874128538e-2,3.64786e-8,23,7,3,2.377857470807303e-1,1351680,55418880,21151
19,0,0,0.3,1,1,1440,25,6.561630256536279e-3,9.002921150645114e-2,3.5340534e-8,26,10,6,1.7253037021381612e-1,1474560,60456960,24151
19,0,0,0.3,1,1,1560,25,6.5154872036829615e-3,8.971391934832292e-2,2.4520173e-8,29,13,9,1.2591172638358605e-1,1597440,65495040,27151
19,0,0,0.3,1,1,1680,25,6.486259630509992e-3,8.937380804338195e-2,1.9617376e-8,32,16,10,2.3684419318057248e-1,1720320,70533120,30151
19,0,0,0.3,1,1,1800,25,6.4682073095528115e-3,8.913297420866842e-2,2.8515672e-8,35,19,11,2.1938494129255837e-1,1843200,75571200,33151
19,0,0,0.3,1,1,1920,25,6.505805348321219e-3,8.901381986540831e-2,1.773471e-7,38,22,13,2.053096682050808e-1,1966080,80609280,36151
19,0,0,0.3,1,1,2040,25,6.46820903865064e-3,8.858670817546195e-2,7.013744e-8,41,25,14,9.279160008114173e-2,2088960,85647360,39151
19,0,0,0.3,1,1,2160,25,6.435255162188189e-3,8.849224789733369e-2,1.8229771e-8,44,28,15,2.578207941860313e-1,2211840,90685440,42151
19,0,0,0.3,1,1,2280,25,6.4311986054832295e-3,8.835216271236723e-2,1.7316282e-8,47,31,16,2.4731137056541524e-1,2334720,95723520,45151
19,0,0,0.3,1,1,2400,25,6.707992533711383e-3,8.786055622876851e-2,8.401112e-7,50,34,18,2.1544921798051675e-1,2457600,100761600,48151
19,0,0,0.3,1,2,2520,25,6.482749408606081e-3,8.804144232613281e-2,1.4408552e-7,53,37,21,1.5349447653186932e-1,2580480,105799680,51151
19,0,0,0.3,1,2,2640,25,6.4261699974223945e-3,8.80828586349062e-2,2.5353499e-8,56,40,24,3.22131858708822e-1,2703360,110837760,54151
19,0,0,0.3,1,2,2760,25,6.482726715007976e-3,8.795839458801424e-2,1.7951075e-7,59,43,27,2.3498553639814546e-1,2826240,115875840,57151
19,0,0,0.3,1,2,2880,25,6.429227843118024e-3,8.804212503355682e-2,3.4006284e-8,62,46,30,3.7075091901728996e-1,2949120,120913920,60151
19,0,0,0.3,1,2,3000,25,6.425547167327215e-3,8.798588359433888e-2,3.157832e-8,65,49,33,2.898548957952407e-1,3072000,125952000,63151
19,0,0,0.3,1,2,3120,25,6.4423306160273745e-3,8.800703639228227e-2,1.4959234e-7,68,52,36,2.5838987104540045e-1,3194880,130990080,66151
19,0,0,0.3,1,2,3240,25,6.433230935572691e-3,8.786839111699156e-2,4.98149e-8,71,55,39,3.4615979998266155e-1,3317760,136028160,69151
19,0,0,0.3,1,2,3360,25,6.4283877754292345e-3,8.788117329893876e-2,3.533308e-8,74,58,42,2.407541341005106e-1,3440640,141066240,72151
19,0,0,0.3,1,2,3480,25,6.510438313847557e-3,8.808594596232415e-2,2.858848e-7,77,61,45,3.1889222526295846e-1,3563520,146104320,75151
19,0,0,0.3,1,2,3600,25,6.431520740041215e-3,8.782513724838126e-2,4.14605e-8,80,64,48,2.3648358269959857e-1,3686400,151142400,78151
19,0,1,0.0,0,0,120,9,1.2093047511513861e-3,2.4339705799485676e-3,1.1775652e-7,0,0,0,4.521473407148733e-1,122880,5038080,1071
19,0,1,0.0,0,0,240,9,8.949204956290106e-6,1.788183483526443e-5,6.417304e-12,0,0,0,4.1341678745197896e-2,245760,10076160,2151
19,0,1,0.0,0,0,360,9,2.3618164216024541e-7,5.529421422182544e-7,5.310957e-15,0,0,0,3.1848323035198536e-4,368640,15114240,3231
19,0,1,0.0,0,0,480,9,2.4294491463423325e-7,5.371559882931794e-7,6.4923403e-15,0,0,0,4.461492717171625e-6,491520,20152320,4311
19,0,1,0.0,0,0,600,9,2.4530407239726677e-7,5.385976221138983e-7,5.5383194e-15,0,0,0,6.261577302201296e-6,614400,25190400,5391
19,0,1,0.0,0,0,720,9,2.3494446366233448e-7,5.416167267372584e-7,5.0319864e-15,0,0,0,7.952706825723257e-6,737280,30228480,6471
19,0,1,0.0,0,0,840,9,2.6966573403557924e-7,5.233701427323589e-7,9.946806e-15,0,0,0,1.3367172394829555e-5,860160,35266560,7551
19,0,1,0.0,0,0,960,9,2.8457658152508135e-7,5.451125783670481e-7,1.185134e-14,0,0,0,3.2389964277698344e-5,983040,40304640,8631
19,0,1,0.0,0,0,1080,9,2.905487622326678e-7,5.67728008190051e-7,1.3527905e-14,0,0,0,4.594672595696625e-5,1105920,45342720,9711
19,0,1,0.0,0,0,1200,9,2.576247662606851e-7,5.620684126963481e-7,1.0373046e-14,0,0,0,7.811056387954651e-5,1228800,50380800,10791
19,0,1,0.0,0,1,1320,9,2.9227508079034364e-7,5.336990311603421e-7,6.6768736e-15,0,0,0,3.6913059522979824e-5,1351680,55418880,11871
19,0,1,0.0,0,1,1440,9,3.707740093698721e-7,6.593895369702031e-7,1.6843652e-14,0,0,0,4.511731985584397e-5,1474560,60456960,12951
19,0,1,0.0,0,1,1560,9,4.311087268662792e-6,5.61094915628438e-6,5.2702144e-12,0,0,0,2.9151628632497144e-2,1597440,65495040,14031
19,0,1,0.0,0,1,1680,9,6.811731765567201e-7,8.582449560477847e-7,1.6717526e-13,0,0,0,7.764137036746582e-3,1720320,70533120,15111
19,0,1,0.0,0,1,1800,9,4.952449670483719e-4,6.131004504038438e-4,8.763927e-8,0,0,0,1.5161516158141153e-2,1843200,75571200,16191
19,0,1,0.0,0,1,1920,9,1.1466846560065677e-6,1.57301127247167e-6,3.8754e-13,0,0,0,2.277548462808661e-2,1966080,80609280,17271
19,0,1,0.0,0,1,2040,9,3.720010819931238e-5,4.582530655437667e-5,5.00159e-10,0,0,0,4.226127552205972e-2,2088960,85647360,18351
19,0,1,0.0,0,1,2160,9,1.6805151817398025e-5,2.0655714087940876e-5,1.0260541e-10,0,0,0,2.4268955434079698e-3,2211840,90685440,19431
19,0,1,0.0,0,1,2280,9,2.540545563314915e-6,3.2487425636244473e-6,2.1083153e-12,0,0,0,5.195543754137155e-2,2334720,95723520,20511
19,0,1,0.0,0,1,2400,9,1.7132996484997442e-4,2.14027782984837e-4,1.0183886e-8,0,0,0,3.714501891662203e-2,2457600,100761600,21591
19,0,1,0.0,0,2,2520,9,4.699701393229904e-7,7.185731566920661e-7,2.6947438e-14,0,0,0,1.8136194973617292e-2,2580480,105799680,22671
19,0,1,0.0,0,2,2640,9,4.5440143694597557e-7,8.412188876874858e-7,2.7967434e-14,0,0,0,8.7842921035447e-5,2703360,110837760,23751
19,0,1,0.0,0,2,2760,9,2.2270859312576908e-4,2.9824485970556555e-4,1.0495616e-8,0,0,0,3.371908275389699e-2,2826240,115875840,24831
19,0,1,0.0,0,2,2880,9,1.4073908121889036e-6,1.7730043577278233e-6,3.9950362e-13,0,0,0,3.673199841208441e-2,2949120,120913920,25911
19,0,1,0.0,0,2,3000,9,2.7181413202843565e-4,3.6230696034537734e-4,1.5680719e-8,0,0,0,6.899534494842263e-2,3072000,125952000,26991
19,0,1,0.0,0,2,3120,9,4.0336482774135957e-7,7.048604634725298e-7,2.8822102e-14,0,0,0,2.402001736132016e-2,3194880,130990080,28071
19,0,1,0.0,0,2,3240,9,5.116479749913098e-7,6.659496944419861e-7,4.3269773e-14,0,0,0,1.3534664863129597e-4,3317760,136028160,29151
19,0,1,0.0,0,2,3360,9,3.5073167967616975e-7,5.556929516483716e-7,1.6259328e-14,0,0,0,9.932127706989866e-2,3440640,141066240,30231
19,0,1,0.0,0,2,3480,9,2.7195894933196657e-7,5.234828244556417e-7,6.391053e-15,0,0,0,1.9350976710385548e-3,3563520,146104320,31311
19,0,1,0.0,0,2,3600,9,5.109217586632751e-4,6.664102501621219e-4,5.5542152e-8,0,0,0,9.197945183194195e-3,3686400,151142400,32391
19,0,1,0.0,1,0,120,9,1.2093047511513861e-3,2.4339705799485676e-3,1.1775652e-7,0,0,0,4.521473407148733e-1,122880,5038080,1071
19,0,1,0.0,1,0,240,9,8.949204956290106e-6,1.788183483526443e-5,6.417304e-12,0,0,0,4.1341678745197896e-2,245760,10076160,2151
19,0,1,0.0,1,0,360,9,2.3618164216024541e-7,5.529421422182544e-7,5.310957e-15,0,0,0,3.1848323035198536e-4,368640,15114240,3231
19,0,1,0.0,1,0,480,9,2.4294491463423325e-7,5.371559882931794e-7,6.4923403e-15,0,0,0,4.461492717171625e-6,491520,20152320,4311
19,0,1,0.0,1,0,600,9,2.4530407239726677e-7,5.385976221138983e-7,5.5383194e-15,0,0,0,6.261577302201296e-6,614400,25190400,5391
19,0,1,0.0,1,0,720,9,2.3494446366233448e-7,5.416167267372584e-7,5.0319864e-15,0,0,0,7.952706825723257e-6,737280,30228480,6471
19,0,1,0.0,1,0,840,9,2.6966573403557924e-7,5.233701427323589e-7,9.946806e-15,0,0,0,1.3367172394829555e-5,860160,35266560,7551
19,0,1,0.0,1,0,960,9,2.8457658152508135e-7,5.451125783670481e-7,1.185134e-14,0,0,0,3.2389964277698344e-5,983040,40304640,8631
19,0,1,0.0,1,0,1080,9,2.905487622326678e-7,5.67728008190051e-7,1.3527905e-14,0,0,0,4.594672595696625e-5,1105920,45342720,9711
19,0,1,0.0,1,0,1200,9,2.576247662606851e-7,5.620684126963481e-7,1.0373046e-14,0,0,0,7.811056387954651e-5,1228800,50380800,10791
19,0,1,0.0,1,1,1320,9,2.9227508079034364e-7,5.336990311603421e-7,6.6768736e-15,0,0,0,3.6913059522979824e-5,1351680,55418880,11871
19,0,1,0.0,1,1,1440,9,3.707740093698721e-7,6.593895369702031e-7,1.6843652e-14,0,0,0,4.511731985584397e-5,1474560,60456960,12951
19,0,1,0.0,1,1,1560,9,4.311087268662792e-6,5.61094915628438e-6,5.2702144e-12,0,0,0,2.9151628632497144e-2,1597440,65495040,14031
19,0,1,0.0,1,1,1680,9,6.811731765567201e-7,8.582449560477847e-7,1.6717526e-13,0,0,0,7.764137036746582e-3,1720320,70533120,15111
19,0,1,0.0,1,1,1800,10,4.952449670483719e-4,6.131004504038438e-4,8.763927e-8,1,0,0,1.5161516158141153e-2,1843200,75571200,16191
19,0,1,0.0,1,1,1920,13,3.039346701506896e-4,3.864305660054094e-4,1.3478426e-8,4,0,0,4.1335120515142876e-1,1966080,80609280,17511
19,0,1,0.0,1,1,2040,14,2.2716341897447078e-5,3.6930739308349275e-5,9.04849e-11,5,0,0,2.2644809783411723e-1,2088960,85647360,19151
19,0,1,0.0,1,1,2160,14,2.439425221643582e-7,5.536601087245762e-7,4.4954054e-15,5,0,0,2.043347451463312e-3,2211840,90685440,20831
19,0,1,0.0,1,1,2280,14,2.490935352206846e-7,5.796269188360563e-7,3.6140905e-15,5,0,0,2.220205123946287e-5,2334720,95723520,22511
19,0,1,0.0,1,1,2400,14,2.527164013109599e-7,5.746343303807955e-7,6.2327865e-15,5,0,0,4.7823167107564554e-5,2457600,100761600,24191
19,0,1,0.0,1,2,2520,14,2.397680879388902e-7,9.033848176277044e-7,3.963383e-15,5,0,0,5.636451719991109e-5,2580480,105799680,25871
19,0,1,0.0,1,2,2640,14,4.063214277584492e-7,9.291911321801993e-7,2.4561833e-14,5,0,0,6.990292979806856e-5,2703360,110837760,27551
19,0,1,0.0,1,2,2760,16,2.2757057328425169e-4,3.0915398719877417e-4,5.344479e-9,7,0,0,3.389982048792062e-1,2826240,115875840,29271
19,0,1,0.0,1,2,2880,19,2.959858938952662e-4,4.326214999041053e-4,1.8041746e-8,10,0,0,3.888802203188565e-1,2949120,120913920,31311
19,0,1,0.0,1,2,3000,20,4.0643338084526964e-5,4.67505704894414e-5,4.2886328e-10,11,0,0,2.854860356778248e-1,3072000,125952000,33671
19,0,1,0.0,1,2,3120,20,9.41136405181717e-6,2.032345326902402e-5,2.779875e-12,11,0,0,2.9462672891599484e-3,3194880,130990080,36071
19,0,1,0.0,1,2,3240,20,7.63203842898597e-6,1.6475715881295664e-5,1.835341e-12,11,0,0,4.0474449682409257e-4,3317760,136028160,38471
19,0,1,0.0,1,2,3360,20,9.55401374606667e-6,1.6114432377953975e-5,5.9080575e-12,11,0,0,5.089134784071331e-4,3440640,141066240,40871
19,0,1,0.0,1,2,3480,21,2.9258450518348156e-5,1.2665445198056446e-4,8.10361e-11,12,0,0,2.2355849180314102e-1,3563520,146104320,43351
19,0,1,0.0,1,2,3600,22,8.09336757633185e-4,9.87871518662332e-4,8.363096e-8,13,0,0,1.4985096081591376e-1,3686400,151142400,45871
19,0,1,0.3,0,0,120,9,2.41187147958268e-2,5.601340421637295e-2,2.5969419e-5,0,0,0,4.099998876475297e-1,122880,5038080,1071
19,0,1,0.3,0,0,240,9,2.4099573220128307e-2,5.696398617837079e-2,2.6556665e-5,0,0,0,3.291173527418323e-2,245760,10076160,2151
19,0,1,0.3,0,0,360,9,2.4099581447826788e-2,5.700369367261113e-2,2.6586484e-5,0,0,0,1.4021619443358446e-3,368640,15114240,3231
19,0,1,0.3,0,0,480,9,2.409957179577443e-2,5.70038806504037e-2,2.6586471e-5,0,0,0,8.846338653421132e-6,491520,20152320,4311
19,0,1,0.3,0,0,600,9,2.4099577351373233e-2,5.700387942155522e-2,2.6586502e-5,0,0,0,6.167217980543836e-6,614400,25190400,5391
19,0,1,0.3,0,0,720,9,2.4099565025743522e-2,5.700388208507124e-2,2.6586502e-5,0,0,0,7.086139566445972e-6,737280,30228480,6471
19,0,1,0.3,0,0,840,9,2.4099565798509536e-2,5.700387427606091e-2,2.6586495e-5,0,0,0,6.589973491242032e-6,860160,35266560,7551
19,0,1,0.3,0,0,960,9,2.4099563446600077e-2,5.700388111688897e-2,2.6586496e-5,0,0,0,9.055670538530734e-6,983040,40304640,8631
19,0,1,0.3,0,0,1080,9,2.4099571633319654e-2,5.700388049614214e-2,2.658649e-5,0,0,0,9.0410413409606e-6,1105920,45342720,9711
19,0,1,0.3,0,0,1200,9,2.4099563387337968e-2,5.700387534729984e-2,2.6586386e-5,0,0,0,1.2043633728737665e-5,1228800,50380800,10791
19,0,1,0.3,0,1,1320,9,3.2075043718858005e-2,4.4558274666601526e-2,4.652108e-5,0,0,0,7.223016092389942e-1,1351680,55418880,11871
19,0,1,0.3,0,1,1440,9,3.207502368013399e-2,4.455295880220606e-2,4.653016e-5,0,0,0,1.438409931981778e-3,1474560,60456960,12951
19,0,1,0.3,0,1,1560,9,3.207502077682405e-2,4.455298022528915e-2,4.6530353e-5,0,0,0,7.6048334116951555e-6,1597440,65495040,14031
19,0,1,0.3,0,1,1680,9,3.207502588431007e-2,4.455296837928859e-2,4.6530513e-5,0,0,0,1.1944585446859238e-5,1720320,70533120,15111
19,0,1,0.3,0,1,1800,9,3.2075028244882786e-2,4.455296757144668e-2,4.6530437e-5,0,0,0,9.490430176735398e-6,1843200,75571200,16191
19,0,1,0.3,0,1,1920,9,3.207502246794785e-2,4.455298396663695e-2,4.6530433e-5,0,0,0,9.861877125764279e-6,1966080,80609280,17271
19,0,1,0.3,0,1,2040,9,3.207503135022303e-2,4.455299149330441e-2,4.6530397e-5,0,0,0,1.0424375580327236e-5,2088960,85647360,18351
19,0,1,0.3,0,1,2160,9,3.207502262655993e-2,4.455299924323318e-2,4.653038e-5,0,0,0,1.425636566938825e-5,2211840,90685440,19431
19,0,1,0.3,0,1,2280,9,3.20750279936732e-2,4.4552983660741265e-2,4.653041e-5,0,0,0,1.7744259727989643e-5,2334720,95723520,20511
19,0,1,0.3,0,1,2400,9,3.207502801405352e-2,4.455300005381628e-2,4.653036e-5,0,0,0,2.122428362145122e-5,2457600,100761600,21591
19,0,1,0.3,0,2,2520,9,2.8511398489729375e-2,4.8493170278886534e-2,4.557899e-5,0,0,0,7.330252330689997e-1,2580480,105799680,22671
19,0,1,0.3,0,2,2640,9,2.8511361934872817e-2,4.8478494011572414e-2,4.5458346e-5,0,0,0,1.3300565188191366e-3,2703360,110837760,23751
19,0,1,0.3,0,2,2760,9,2.8511350023318737e-2,4.847847839882056e-2,4.5458273e-5,0,0,0,1.859090649789126e-5,2826240,115875840,24831
19,0,1,0.3,0,2,2880,9,2.8511347032501463e-2,4.847849073909734e-2,4.5458386e-5,0,0,0,1.0456277889935939e-5,2949120,120913920,25911
19,0,1,0.3,0,2,3000,9,2.85113543155933e-2,4.847849523214852e-2,4.5458793e-5,0,0,0,2.8666038827739743e-5,3072000,125952000,26991
19,0,1,0.3,0,2,3120,9,2.851136500294483e-2,4.8478503638638544e-2,4.5458644e-5,0,0,0,3.2687235478556786e-5,3194880,130990080,28071
19,0,1,0.3,0,2,3240,9,2.851135960634276e-2,4.847849883004688e-2,4.545858e-5,0,0,0,2.4700124559936913e-5,3317760,136028160,29151
19,0,1,0.3,0,2,3360,9,2.8511359365944795e-2,4.847848973508466e-2,4.5457968e-5,0,0,0,2.3357539930168175e-5,3440640,141066240,30231
19,0,1,0.3,0,2,3480,9,2.8511351094284695e-2,4.8478508548164295e-2,4.5458208e-5,0,0,0,5.034796188325627e-5,3563520,146104320,31311
19,0,1,0.3,0,2,3600,9,2.8511352935757905e-2,4.847851351422995e-2,4.5458586e-5,0,0,0,6.695541532163174e-5,3686400,151142400,32391
19,0,1,0.3,1,0,120,9,2.41187147958268e-2,5.601340421637295e-2,2.5969419e-5,0,0,0,4.099998876475297e-1,122880,5038080,1071
19,0,1,0.3,1,0,240,9,2.4099573220128307e-2,5.696398617837079e-2,2.6556665e-5,0,0,0,3.291173527418323e-2,245760,10076160,2151
19,0,1,0.3,1,0,360,9,2.4099581447826788e-2,5.700369367261113e-2,2.6586484e-5,0,0,0,1.4021619443358446e-3,368640,15114240,3231
19,0,1,0.3,1,0,480,11,2.1695649041750878e-2,6.555531322838754e-2,1.1580089e-5,2,0,0,1.7151215181138674e-1,491520,20152320,4351
19,0,1,0.3,1,0,600,14,1.78801739998601e-2,6.987398215151884e-2,3.833835e-6,5,0,0,4.723966954719572e-1,614400,25190400,5791
19,0,1,0.3,1,0,720,17,1.5319094451227998e-2,7.045533655032091e-2,3.2473424e-6,8,0,0,5.02259181160543e-1,737280,30228480,7591
19,0,1,0.3,1,0,840,20,1.2043003842290088e-2,7.85162182359167e-2,1.4946037e-6,11,0,0,5.720354045544696e-1,860160,35266560,9751
19,0,1,0.3,1,0,960,23,9.645440518634623e-3,8.719384087888292e-2,2.2897626e-7,14,0,0,5.461903560555754e-1,983040,40304640,12271
19,0,1,0.3,1,0,1080,25,7.506708648652221e-3,8.832852752625509e-2,4.4883276e-8,17,1,0,5.890725439132982e-1,1105920,45342720,15151
19,0,1,0.3,1,0,1200,25,6.746084352529755e-3,9.006643606488132e-2,3.2886845e-8,20,4,0,3.4768966536974233e-1,1228800,50380800,18151
19,0,1,0.3,1,1,1320,25,1.682720074326957e-2,6.045240756788626e-2,1.7090381e-6,23,7,1,2.4729244875761935e0,1351680,55418880,21151
19,0,1,0.3,1,1,1440,25,1.2662355572067095e-2,6.91455126170211e-2,2.239358e-6,26,10,1,6.731772976509802e-1,1474560,60456960,24151
19,0,1,0.3,1,1,1560,25,1.2542134549677047e-2,7.115651369307821e-2,1.7162967e-6,29,13,1,3.514819261236184e-1,1597440,65495040,27151
19,0,1,0.3,1,1,1680,25,1.2474400973819856e-2,7.213550672332814e-2,1.6352673e-6,32,16,1,2.966126505320341e-1,1720320,70533120,30151
19,0,1,0.3,1,1,1800,25,1.2493482311897753e-2,7.24481615714094e-2,1.749574e-6,35,19,1,3.0675211508857814e-1,1843200,75571200,33151
19,0,1,0.3,1,1,1920,25,1.2438345319525973e-2,7.278898608592661e-2,1.5351786e-6,38,22,1,2.634577747880016e-1,1966080,80609280,36151
19,0,1,0.3,1,1,2040,25,1.2519423625071488e-2,7.310636429108412e-2,1.1748028e-6,41,25,1,2.9225189736623847e-1,2088960,85647360,39151
19,0,1,0.3,1,1,2160,25,1.2501154256629622e-2,7.32226410595804e-2,1.770473e-6,44,28,1,2.3500364734972834e-1,2211840,90685440,42151
19,0,1,0.3,1,1,2280,25,1.245048394409188e-2,7.334744181455058e-2,1.257274e-6,47,31,1,3.055667564683411e-1,2334720,95723520,45151
19,0,1,0.3,1,1,2400,25,1.2424635714989455e-2,7.344221438818921e-2,1.5601663e-6,50,34,1,2.896907779716287e-1,2457600,100761600,48151
19,0,1,0.3,1,2,2520,25,1.8976013997428993e-2,8.26046253597222e-2,2.259762e-6,53,37,4,2.851285886521964e0,2580480,105799680,51151
19,0,1,0.3,1,2,2640,25,1.2713051341088287e-2,8.14399701787525e-2,2.033829e-6,56,40,6,8.115136751757461e-1,2703360,110837760,54151
19,0,1,0.3,1,2,2760,25,1.0573842440790727e-2,7.693454091754566e-2,2.192032e-6,59,43,9,5.430261675547428e-1,2826240,115875840,57151
19,0,1,0.3,1,2,2880,25,9.568386022729433e-3,7.741731290458422e-2,1.9921715e-6,62,46,12,4.060761893655904e-1,2949120,120913920,60151
19,0,1,0.3,1,2,3000,25,9.096147531780402e-3,7.849644572113415e-2,1.8248256e-6,65,49,15,3.4640580358578177e-1,3072000,125952000,63151
19,0,1,0.3,1,2,3120,25,8.775302285163438e-3,7.947968416895647e-2,1.6344318e-6,68,52,18,3.155512339278346e-1,3194880,130990080,66151
19,0,1,0.3,1,2,3240,25,8.741778135723362e-3,8.036009327217995e-2,1.788338e-6,71,55,21,2.7922310837919806e-1,3317760,136028160,69151
19,0,1,0.3,1,2,3360,25,8.432447567279724e-3,8.105529465680633e-2,1.3963936e-6,74,58,24,2.853325379294258e-1,3440640,141066240,72151
19,0,1,0.3,1,2,3480,25,8.241216764512747e-3,8.170454394326773e-2,1.2900264e-6,77,61,27,2.609106306075062e-1,3563520,146104320,75151
19,0,1,0.3,1,2,3600,25,8.263582908275486e-3,8.235050747947745e-2,1.6511656e-6,80,64,30,2.619230155102503e-1,3686400,151142400,78151
19,1,0,0.0,0,0,120,9,2.7449844403323913e-2,4.58636379244034e-2,2.0328122e-4,0,0,0,3.4502481198835433e-1,122880,5038080,1071
19,1,0,0.0,0,0,240,9,2.7449792376238156e-2,4.583468093742001e-2,2.0348489e-4,0,0,0,1.6175377691099724e-3,245760,10076160,2151
19,1,0,0.0,0,0,360,9,2.744978921617556e-2,4.583476016962315e-2,2.0348464e-4,0,0,0,4.8930507287528045e-6,368640,15114240,3231
19,1,0,0.0,0,0,480,9,2.7449794283457934e-2,4.583476502617769e-2,2.0348476e-4,0,0,0,3.5134480093348356e-6,491520,20152320,4311
19,1,0,0.0,0,0,600,9,2.744979703867585e-2,4.58347653514499e-2,2.0348487e-4,0,0,0,4.5890209676600555e-6,614400,25190400,5391
19,1,0,0.0,0,0,720,9,2.7449795363387423e-2,4.5834769484632984e-2,2.0348479e-4,0,0,0,7.319525165807531e-6,737280,30228480,6471
19,1,0,0.0,0,0,840,9,2.7449793368158122e-2,4.5834763981453565e-2,2.0348476e-4,0,0,0,6.541131427846244e-6,860160,35266560,7551
19,1,0,0.0,0,0,960,9,2.74497953002276e-2,4.583476769728593e-2,2.0348425e-4,0,0,0,9.205517450235415e-6,983040,40304640,8631
19,1,0,0.0,0,0,1080,9,2.7449794751979603e-2,4.5834773261238956e-2,2.0348465e-4,0,0,0,1.5170173085122737e-5,1105920,45342720,9711
19,1,0,0.0,0,0,1200,9,2.7449787612329756e-2,4.5834775580306415e-2,2.0348454e-4,0,0,0,1.513892443897203e-5,1228800,50380800,10791
19,1,0,0.0,0,1,1320,9,2.7449826053609398e-2,4.5835127851931154e-2,2.0340632e-4,0,0,0,7.291877570686794e-2,1351680,55418880,11871
19,1,0,0.0,0,1,1440,9,2.744979129410831e-2,4.583480748401048e-2,2.0348621e-4,0,0,0,8.726289720430518e-4,1474560,60456960,12951
19,1,0,0.0,0,1,1560,9,2.7449795247421842e-2,4.583477188640737e-2,2.0348447e-4,0,0,0,6.398702898827678e-5,1597440,65495040,14031
19,1,0,0.0,0,1,1680,9,2.744979962356907e-2,4.5834774879887304e-2,2.0348447e-4,0,0,0,1.3942082265381434e-5,1720320,70533120,15111
19,1,0,0.0,0,1,1800,9,2.7449799657219793e-2,4.583475942739726e-2,2.0348426e-4,0,0,0,4.455622175805751e-5,1843200,75571200,16191
19,1,0,0.0,0,1,1920,9,2.7449799621498256e-2,4.583476529257399e-2,2.0348546e-4,0,0,0,4.202450788647755e-5,1966080,80609280,17271
19,1,0,0.0,0,1,2040,9,2.7449816241066766e-2,4.583584158020559e-2,2.0339446e-4,0,0,0,1.0040813412054889e-1,2088960,85647360,18351
19,1,0,0.0,0,1,2160,9,2.744979545191472e-2,4.583478342323634e-2,2.0348547e-4,0,0,0,2.6924145542882444e-3,2211840,90685440,19431
19,1,0,0.0,0,1,2280,9,2.744979265062103e-2,4.5834789052769165e-2,2.0348461e-4,0,0,0,3.26084906340611e-5,2334720,95723520,20511
19,1,0,0.0,0,1,2400,9,2.744979597117131e-2,4.583474870490148e-2,2.0348422e-4,0,0,0,6.873500049452488e-5,2457600,100761600,21591
19,1,0,0.0,0,2,2520,9,2.744978776220496e-2,4.5834833434464824e-2,2.0348367e-4,0,0,0,5.796550224846861e-5,2580480,105799680,22671
19,1,0,0.0,0,2,2640,9,2.7449785694367162e-2,4.583484797240826e-2,2.0348508e-4,0,0,0,9.996957964105574e-5,2703360,110837760,23751
19,1,0,0.0,0,2,2760,9,2.7449975016003957e-2,4.584639528324676e-2,2.0271272e-4,0,0,0,8.432153964047681e-2,2826240,115875840,24831
19,1,0,0.0,0,2,2880,9,2.744978569695568e-2,4.5834806802543475e-2,2.0348578e-4,0,0,0,5.7170874849667985e-3,2949120,120913920,25911
19,1,0,0.0,0,2,3000,9,2.7449796981210767e-2,4.5834842981490945e-2,2.0348009e-4,0,0,0,1.0587009039516454e-4,3072000,125952000,26991
19,1,0,0.0,0,2,3120,9,2.745083134707236e-2,4.579937816535745e-2,2.0561286e-4,0,0,0,7.421517865524013e-2,3194880,130990080,28071
19,1,0,0.0,0,2,3240,9,2.7449801607667294e-2,4.583475938075451e-2,2.0348349e-4,0,0,0,1.3873688310940893e-2,3317760,136028160,29151
19,1,0,0.0,0,2,3360,9,2.7450966771694008e-2,4.5885611847615485e-2,2.0200883e-4,0,0,0,6.115875006556178e-2,3440640,141066240,30231
19,1,0,0.0,0,2,3480,9,2.744982116623468e-2,4.58379594680964e-2,2.0333102e-4,0,0,0,8.355705116168433e-2,3563520,146104320,31311
19,1,0,0.0,0,2,3600,9,2.745106158785404e-2,4.5881956191922556e-2,2.0120524e-4,0,0,0,6.94848079073882e-2,3686400,151142400,32391
19,1,0,0.0,1,0,120,9,2.7449844403323913e-2,4.58636379244034e-2,2.0328122e-4,0,0,0,3.4502481198835433e-1,122880,5038080,1071
19,1,0,0.0,1,0,240,9,2.7449792376238156e-2,4.583468093742001e-2,2.0348489e-4,0,0,0,1.6175377691099724e-3,245760,10076160,2151
19,1,0,0.0,1,0,360,9,2.744978921617556e-2,4.583476016962315e-2,2.0348464e-4,0,0,0,4.8930507287528045e-6,368640,15114240,3231
19,1,0,0.0,1,0,480,11,1.019950613813082e-2,2.68230145046811e-2,2.8828388e-5,2,0,0,3.719112084002363e-1,491520,20152320,4351
19,1,0,0.0,1,0,600,12,1.8189647638619055e-5,2.422260475381439e-5,9.506019e-11,3,0,0,2.4105149016105365e-1,614400,25190400,5751
19,1,0,0.0,1,0,720,12,1.9832876671391315e-6,4.199466400139403e-6,1.1472416e-13,3,0,0,1.1541629192793217e-3,737280,30228480,7191
19,1,0,0.0,1,0,840,12,1.9765991532414875e-6,4.233647786065335e-6,1.1486501e-13,3,0,0,1.871235348144002e-5,860160,35266560,8631
19,1,0,0.0,1,0,960,12,1.9897636515983165e-6,4.2745969293979106e-6,1.11745465e-13,3,0,0,4.770212972164591e-5,983040,40304640,10071
19,1,0,0.0,1,0,1080,12,2.005749712104512e-6,4.326641226378016e-6,1.1472114e-13,3,0,0,9.034073439299906e-5,1105920,45342720,11511
19,1,0,0.0,1,0,1200,12,1.9975147615649477e-6,4.308077171281836e-6,1.06028765e-13,3,0,0,6.045266459203842e-5,1228800,50380800,12951
19,1,0,0.0,1,1,1320,12,1.9940745100507247e-6,4.299463148220892e-6,1.2024968e-13,3,0,0,1.003271723699177e-4,1351680,55418880,14391
19,1,0,0.0,1,1,1440,12,1.0578342120955684e-4,1.1182913628677955e-4,2.9999978e-9,3,0,0,2.2922117158177637e-3,1474560,60456960,15831
19,1,0,0.0,1,1,1560,12,3.5947034262239356e-6,4.599980103670428e-6,2.9613048e-12,3,0,0,3.172266771538368e-2,1597440,65495040,17271
19,1,0,0.0,1,1,1680,15,4.143523147299638e-4,5.219551365035216e-4,2.9343877e-8,6,0,0,3.944019867993678e-1,1720320,70533120,18831
19,1,0,0.0,1,1,1800,16,1.2669413818281444e-5,2.8824699027310727e-5,2.154308e-11,7,0,0,1.9477014671564064e-1,1843200,75571200,20711
19,1,0,0.0,1,1,1920,16,2.2937943740602817e-6,5.746787960293885e-6,1.8926261e-13,7,0,0,1.6856962293760602e-3,1966080,80609280,22631
19,1,0,0.0,1,1,2040,16,1.8363149613065762e-6,4.273014744252509e-6,3.315587e-14,7,0,0,1.3148128839214884e-4,2088960,85647360,24551
19,1,0,0.0,1,1,2160,16,1.914628886141223e-6,4.096433116521592e-6,6.954917e-14,7,0,0,1.760410604718897e-4,2211840,90685440,26471
19,1,0,0.0,1,1,2280,19,3.314030955926605e-4,4.3767604384631884e-4,2.2276504e-8,10,0,0,4.5103740247496593e-1,2334720,95723520,28511
19,1,0,0.0,1,1,2400,22,1.3567278873685397e-4,2.697265280700023e-4,6.1727587e-9,13,0,0,3.3622134938577375e-1,2457600,100761600,30911
19,1,0,0.0,1,2,2520,22,5.0006253620838956e-6,2.3313147065080432e-5,1.089398e-12,13,0,0,1.333392815796599e-1,2580480,105799680,33551
19,1,0,0.0,1,2,2640,22,1.9582168374673514e-6,5.9619389862452095e-6,3.0644314e-14,13,0,0,4.7944888205079736e-4,2703360,110837760,36191
19,1,0,0.0,1,2,2760,24,8.143155623573209e-5,4.332891611825787e-4,2.8399869e-10,15,0,0,4.9712846540369005e-1,2826240,115875840,38951
19,1,0,0.0,1,2,2880,24,1.7879213228778854e-5,2.713745162119123e-4,1.0682725e-11,15,0,0,1.019759431289713e-2,2949120,120913920,41831
19,1,0,0.0,1,2,3000,24,1.2516951842566154e-5,2.0007363476255715e-4,6.270625e-12,15,0,0,1.4773311618004048e-3,3072000,125952000,44711
19,1,0,0.0,1,2,3120,24,1.1186819438148158e-5,1.7091653770740967e-4,4.702081e-12,15,0,0,6.501899470380615e-4,3194880,130990080,47591
19,1,0,0.0,1,2,3240,25,8.130830809127566e-5,3.4775184031138654e-4,1.8143237e-10,17,1,0,4.733139252199987e-1,3317760,136028160,50551
19,1,0,0.0,1,2,3360,25,1.5400617503202575e-5,2.618464915807387e-4,8.9039635e-12,17,1,0,8.320922316003343e-3,3440640,141066240,53551
19,1,0,0.0,1,2,3480,25,1.2645853898106066e-5,2.2088556398013745e-4,5.317194e-12,17,1,0,1.0503662753550032e-3,3563520,146104320,56551
19,1,0,0.0,1,2,3600,25,1.4028623201363062e-5,1.980649097512046e-4,3.2628108e-12,17,1,0,7.165666508258109e-4,3686400,151142400,59551
19,1,0,0.3,0,0,120,9,3.41738300351542e-2,7.666038250821214e-2,2.6042032e-4,0,0,0,5.669362361531967e-1,122880,5038080,1071
19,1,0,0.3,0,0,240,9,3.410910992359552e-2,7.830381825313013e-2,2.506934e-4,0,0,0,7.443211866257116e-2,245760,10076160,2151
19,1,0,0.3,0,0,360,9,3.410904341449516e-2,7.834935239279724e-2,2.5042737e-4,0,0,0,2.024619548509632e-3,368640,15114240,3231
19,1,0,0.3,0,0,480,9,3.410903431029265e-2,7.834931848127766e-2,2.5042775e-4,0,0,0,5.306625212939207e-6,491520,20152320,4311
19,1,0,0.3,0,0,600,9,3.410904465271984e-2,7.834932794605907e-2,2.5042804e-4,0,0,0,7.104945606683198e-6,614400,25190400,5391
19,1,0,0.3,0,0,720,9,3.410905295532348e-2,7.834932495821395e-2,2.5042737e-4,0,0,0,8.000973640563767e-6,737280,30228480,6471
19,1,0,0.3,0,0,840,9,3.410904229625991e-2,7.834931476455201e-2,2.5042752e-4,0,0,0,8.734647864275073e-6,860160,35266560,7551
19,1,0,0.3,0,0,960,9,3.4109040056456257e-2,7.83493274393293e-2,2.504279e-4,0,0,0,8.932030740121076e-6,983040,40304640,8631
19,1,0,0.3,0,0,1080,9,3.4109063444398735e-2,7.834931999897495e-2,2.504271e-4,0,0,0,1.6906392169974138e-5,1105920,45342720,9711
19,1,0,0.3,0,0,1200,9,3.4109052235386836e-2,7.834931951485348e-2,2.5042729e-4,0,0,0,2.1561890288641222e-5,1228800,50380800,10791
19,1,0,0.3,0,1,1320,9,3.4109048115749066e-2,7.83493208922381e-2,2.504275e-4,0,0,0,2.8263728857139055e-5,1351680,55418880,11871
19,1,0,0.3,0,1,1440,9,3.41090669807529e-2,7.834933683982132e-2,2.5042667e-4,0,0,0,5.035200505320789e-5,1474560,60456960,12951
19,1,0,0.3,0,1,1560,9,3.4109039738984076e-2,7.834932116263754e-2,2.5042327e-4,0,0,0,1.0748686498790114e-4,1597440,65495040,14031
19,1,0,0.3,0,1,1680,9,3.4111345993932014e-2,7.833995267966494e-2,2.460002e-4,0,0,0,4.24560548090841e-3,1720320,70533120,15111
19,1,0,0.3,0,1,1800,9,3.410902973569245e-2,7.834925552822272e-2,2.5040805e-4,0,0,0,5.022654649519437e-2,1843200,75571200,16191
19,1,0,0.3,0,1,1920,9,3.4109041818801776e-2,7.834934550987195e-2,2.5043142e-4,0,0,0,1.9601164768638657e-4,1966080,80609280,17271
19,1,0,0.3,0,1,2040,9,3.411333529126232e-2,7.833640467708597e-2,2.444675e-4,0,0,0,3.0599135051411402e-2,2088960,85647360,18351
19,1,0,0.3,0,1,2160,9,3.4109044646053764e-2,7.834926978881679e-2,2.5041218e-4,0,0,0,2.6070005537703445e-2,2211840,90685440,19431
19,1,0,0.3,0,1,2280,9,3.410903242629071e-2,7.834937542608489e-2,2.5043133e-4,0,0,0,1.5487711827548434e-4,2334720,95723520,20511
19,1,0,0.3,0,1,2400,9,3.4109076760720086e-2,7.834871569680327e-2,2.4997024e-4,0,0,0,5.9144354102850294e-2,2457600,100761600,21591
19,1,0,0.3,0,2,2520,9,3.410904533016038e-2,7.83493259762197e-2,2.50432e-4,0,0,0,2.2895143022472753e-3,2580480,105799680,22671
19,1,0,0.3,0,2,2640,9,3.4109047957429646e-2,7.834941626280305e-2,2.5044315e-4,0,0,0,2.5537170801551157e-4,2703360,110837760,23751
19,1,0,0.3,0,2,2760,9,3.4109028315816414e-2,7.834928971972341e-2,2.503805e-4,0,0,0,7.96463303660433e-2,2826240,115875840,24831
19,1,0,0.3,0,2,2880,9,3.410906090878925e-2,7.834934785430067e-2,2.5043395e-4,0,0,0,4.5434370672947644e-4,2949120,120913920,25911
19,1,0,0.3,0,2,3000,9,3.410904075222861e-2,7.834940240095728e-2,2.504317e-4,0,0,0,1.774047313214122e-4,3072000,125952000,26991
19,1,0,0.3,0,2,3120,9,3.4109057983213946e-2,7.834950079696326e-2,2.507955e-4,0,0,0,8.862683989851616e-2,3194880,130990080,28071
19,1,0,0.3,0,2,3240,9,3.410903266626973e-2,7.834930903635458e-2,2.504246e-4,0,0,0,4.991002124593302e-3,3317760,136028160,29151
19,1,0,0.3,0,2,3360,9,3.4109052232053794e-2,7.834932987684892e-2,2.504266e-4,0,0,0,1.3760455424200596e-4,3440640,141066240,30231
19,1,0,0.3,0,2,3480,9,3.4109121749199625e-2,7.83468198722673e-2,2.5119414e-4,0,0,0,7.050512736942915e-2,3563520,146104320,31311
19,1,0,0.3,0,2,3600,9,3.410904006478886e-2,7.834929030120517e-2,2.504272e-4,0,0,0,1.4059133704540289e-2,3686400,151142400,32391
19,1,0,0.3,1,0,120,9,3.41738300351542e-2,7.666038250821214e-2,2.6042032e-4,0,0,0,5.669362361531967e-1,122880,5038080,1071
19,1,0,0.3,1,0,240,9,3.410910992359552e-2,7.830381825313013e-2,2.506934e-4,0,0,0,7.443211866257116e-2,245760,10076160,2151
19,1,0,0.3,1,0,360,9,3.410904341449516e-2,7.834935239279724e-2,2.5042737e-4,0,0,0,2.024619548509632e-3,368640,15114240,3231
19,1,0,0.3,1,0,480,11,1.8032478098469973e-2,7.013537591981914e-2,2.256762e-5,2,0,0,3.6742745641932223e-1,491520,20152320,4351
19,1,0,0.3,1,0,600,14,1.2592365894049377e-2,7.534089329484651e-2,2.0839304e-6,5,0,0,5.712766120939676e-1,614400,25190400,5791
19,1,0,0.3,1,0,720,17,1.0149650133197278e-2,7.571468114390988e-2,5.008272e-7,8,0,0,3.746465210900425e-1,737280,30228480,7591
19,1,0,0.3,1,0,840,20,9.359785683959603e-3,7.897699878547514e-2,3.3444886e-7,11,0,0,3.147129926586629e-1,860160,35266560,9751
19,1,0,0.3,1,0,960,23,8.802326016278207e-3,8.162053798487084e-2,1.2444279e-7,14,0,0,3.188561006424564e-1,983040,40304640,12271
19,1,0,0.3,1,0,1080,25,7.300050090177464e-3,8.316524890850227e-2,2.6245079e-8,17,1,0,6.027180606675842e-1,1105920,45342720,15151
19,1,0,0.3,1,0,1200,25,6.916726230132811e-3,8.165845978565138e-2,1.5071869e-8,20,4,0,2.011807642555663e-1,1228800,50380800,18151
19,1,0,0.3,1,1,1320,25,6.755968952737795e-3,8.110674615230892e-2,1.6148634e-8,23,7,3,1.3680462913283176e-1,1351680,55418880,21151
19,1,0,0.3,1,1,1440,25,6.728441325267454e-3,8.109900885215254e-2,9.2073016e-8,26,10,3,9.420537368401938e-2,1474560,60456960,24151
19,1,0,0.3,1,1,1560,25,6.674796178980801e-3,8.125491398341604e-2,2.2639753e-8,29,13,4,2.0430094321348946e-1,1597440,65495040,27151
19,1,0,0.3,1,1,1680,25,6.6856757755969195e-3,8.141308966036098e-2,9.595685e-8,32,16,5,2.0016729043625614e-1,1720320,70533120,30151
19,1,0,0.3,1,1,1800,25,6.656995670994665e-3,8.149902755203572e-2,2.3955641e-8,35,19,5,6.499896536852878e-2,1843200,75571200,33151
19,1,0,0.3,1,1,1920,25,6.651732657498559e-3,8.160907198842186e-2,2.7762182e-8,38,22,7,2.413906327578449e-1,1966080,80609280,36151
19,1,0,0.3,1,1,2040,25,6.647118538548448e-3,8.173121369864096e-2,2.1034701e-8,41,25,7,3.0820054417896287e-2,2088960,85647360,39151
19,1,0,0.3,1,1,2160,25,6.643182018855915e-3,8.181887644923506e-2,2.1956641e-8,44,28,8,2.828063844575581e-1,2211840,90685440,42151
19,1,0,0.3,1,1,2280,25,6.727275267128529e-3,8.195331823089876e-2,2.8902238e-7,47,31,9,1.6298671803379416e-1,2334720,95723520,45151
19,1,0,0.3,1,1,2400,25,6.63791244930199e-3,8.19834044365145e-2,2.1091019e-8,50,34,9,1.27884336635117e-1,2457600,100761600,48151
19,1,0,0.3,1,2,2520,25,6.63616634077222e-3,8.204055986178546e-2,2.2457671e-8,53,37,12,2.7282644615122154e-1,2580480,105799680,51151
19,1,0,0.3,1,2,2640,25,6.650895180164912e-3,8.205835517244316e-2,8.324555e-8,56,40,15,1.8822492777140898e-1,2703360,110837760,54151
19,1,0,0.3,1,2,2760,25,6.651974413184198e-3,8.216813038096113e-2,9.3045855e-8,59,43,18,2.839699980815098e-1,2826240,115875840,57151
19,1,0,0.3,1,2,2880,25,6.68297654413697e-3,8.221650961712228e-2,1.8926987e-7,62,46,21,1.9900855709730791e-1,2949120,120913920,60151
19,1,0,0.3,1,2,3000,25,6.6328865616211005e-3,8.222182272336366e-2,1.8119254e-8,65,49,24,2.0081765233609694e-1,3072000,125952000,63151
19,1,0,0.3,1,2,3120,25,6.631802600331203e-3,8.225621665349928e-2,1.8359746e-8,68,52,27,2.406916618945083e-1,3194880,130990080,66151
19,1,0,0.3,1,2,3240,25,6.631486740090831e-3,8.227930471125434e-2,1.9310729e-8,71,55,30,2.8815543783712094e-1,3317760,136028160,69151
19,1,0,0.3,1,2,3360,25,6.63753071861187e-3,8.225208329637308e-2,2.2604642e-8,74,58,33,3.2708113903801816e-1,3440640,141066240,72151
19,1,0,0.3,1,2,3480,25,6.631137562304514e-3,8.231770595547443e-2,2.3034357e-8,77,61,36,7.221464517134163e-2,3563520,146104320,75151
19,1,0,0.3,1,2,3600,25,6.6308800326948004e-3,8.233343879294348e-2,1.8355177e-8,80,64,39,2.836413120340744e-1,3686400,151142400,78151
19,1,1,0.0,0,0,120,9,2.7449844403323913e-2,4.58636379244034e-2,2.0328122e-4,0,0,0,3.4502481198835433e-1,122880,5038080,1071
19,1,1,0.0,0,0,240,9,2.7449792376238156e-2,4.583468093742001e-2,2.0348489e-4,0,0,0,1.6175377691099724e-3,245760,10076160,2151
19,1,1,0.0,0,0,360,9,2.744978921617556e-2,4.583476016962315e-2,2.0348464e-4,0,0,0,4.8930507287528045e-6,368640,15114240,3231
19,1,1,0.0,0,0,480,9,2.7449794283457934e-2,4.583476502617769e-2,2.0348476e-4,0,0,0,3.5134480093348356e-6,491520,20152320,4311
19,1,1,0.0,0,0,600,9,2.744979703867585e-2,4.58347653514499e-2,2.0348487e-4,0,0,0,4.5890209676600555e-6,614400,25190400,5391
19,1,1,0.0,0,0,720,9,2.7449795363387423e-2,4.5834769484632984e-2,2.0348479e-4,0,0,0,7.319525165807531e-6,737280,30228480,6471
19,1,1,0.0,0,0,840,9,2.7449793368158122e-2,4.5834763981453565e-2,2.0348476e-4,0,0,0,6.541131427846244e-6,860160,35266560,7551
19,1,1,0.0,0,0,960,9,2.74497953002276e-2,4.583476769728593e-2,2.0348425e-4,0,0,0,9.205517450235415e-6,983040,40304640,8631
19,1,1,0.0,0,0,1080,9,2.7449794751979603e-2,4.5834773261238956e-2,2.0348465e-4,0,0,0,1.5170173085122737e-5,1105920,45342720,9711
19,1,1,0.0,0,0,1200,9,2.7449787612329756e-2,4.5834775580306415e-2,2.0348454e-4,0,0,0,1.513892443897203e-5,1228800,50380800,10791
19,1,1,0.0,0,1,1320,9,2.493377186213182e-2,4.323528026122188e-2,1.1393958e-4,0,0,0,6.527294609860408e-1,1351680,55418880,11871
19,1,1,0.0,0,1,1440,9,2.493378059908748e-2,4.323326773551814e-2,1.1394781e-4,0,0,0,1.1737688209389613e-3,1474560,60456960,12951
19,1,1,0.0,0,1,1560,9,2.4933779434692185e-2,4.323329550815278e-2,1.1394753e-4,0,0,0,6.1726949919993154e-6,1597440,65495040,14031
19,1,1,0.0,0,1,1680,9,2.4933780002926214e-2,4.323328369742704e-2,1.1394787e-4,0,0,0,5.4879671233035165e-6,1720320,70533120,15111
19,1,1,0.0,0,1,1800,9,2.4933783842637676e-2,4.3233286925919524e-2,1.1394774e-4,0,0,0,5.300143157461329e-6,1843200,75571200,16191
19,1,1,0.0,0,1,1920,9,2.493378688328749e-2,4.323328729934086e-2,1.139478e-4,0,0,0,6.668728959714461e-6,1966080,80609280,17271
19,1,1,0.0,0,1,2040,9,2.4933784143567984e-2,4.323328584423582e-2,1.139478e-4,0,0,0,7.42173145273071e-6,2088960,85647360,18351
19,1,1,0.0,0,1,2160,9,2.4933784992214228e-2,4.323329980233852e-2,1.1394766e-4,0,0,0,9.52002297975596e-6,2211840,90685440,19431
19,1,1,0.0,0,1,2280,9,2.4933782067262773e-2,4.323328023474359e-2,1.1394794e-4,0,0,0,1.0150908939935907e-5,2334720,95723520,20511
19,1,1,0.0,0,1,2400,9,2.4933782749485503e-2,4.323327924608488e-2,1.1394794e-4,0,0,0,1.0882548020861148e-5,2457600,100761600,21591
19,1,1,0.0,0,2,2520,9,1.6378685302049546e-2,3.9684844315269203e-2,5.5084918e-5,0,0,0,6.619832980439977e-1,2580480,105799680,22671
19,1,1,0.0,0,2,2640,9,1.637868146402946e-2,3.969453310312697e-2,5.505607e-5,0,0,0,1.1594215408683023e-3,2703360,110837760,23751
19,1,1,0.0,0,2,2760,9,1.6378681494396977e-2,3.969451442805323e-2,5.5055818e-5,0,0,0,6.642510204180399e-6,2826240,115875840,24831
19,1,1,0.0,0,2,2880,9,1.637867509205516e-2,3.96945216151648e-2,5.5055858e-5,0,0,0,4.916817470744083e-6,2949120,120913920,25911
19,1,1,0.0,0,2,3000,9,1.6378683828357526e-2,3.9694522611448915e-2,5.5056003e-5,0,0,0,6.28406315562012e-6,3072000,125952000,26991
19,1,1,0.0,0,2,3120,9,1.6378675738449724e-2,3.969451506185897e-2,5.5055905e-5,0,0,0,6.902462457196272e-6,3194880,130990080,28071
19,1,1,0.0,0,2,3240,9,1.637868625255263e-2,3.9694513973703556e-2,5.505602e-5,0,0,0,7.660004579639881e-6,3317760,136028160,29151
19,1,1,0.0,0,2,3360,9,1.6378684888617562e-2,3.969452028047801e-2,5.50561e-5,0,0,0,9.636836518542736e-6,3440640,141066240,30231
19,1,1,0.0,0,2,3480,9,1.637867196593451e-2,3.969451390364211e-2,5.5055843e-5,0,0,0,1.0008683868021825e-5,3563520,146104320,31311
19,1,1,0.0,0,2,3600,9,1.637868137205926e-2,3.969450514821525e-2,5.5056207e-5,0,0,0,1.1393076235327246e-5,3686400,151142400,32391
19,1,1,0.0,1,0,120,9,2.7449844403323913e-2,4.58636379244034e-2,2.0328122e-4,0,0,0,3.4502481198835433e-1,122880,5038080,1071
19,1,1,0.0,1,0,240,9,2.7449792376238156e-2,4.583468093742001e-2,2.0348489e-4,0,0,0,1.6175377691099724e-3,245760,10076160,2151
19,1,1,0.0,1,0,360,9,2.744978921617556e-2,4.583476016962315e-2,2.0348464e-4,0,0,0,4.8930507287528045e-6,368640,15114240,3231
19,1,1,0.0,1,0,480,11,1.019950613813082e-2,2.68230145046811e-2,2.8828388e-5,2,0,0,3.719112084002363e-1,491520,20152320,4351
19,1,1,0.0,1,0,600,12,1.8189647638619055e-5,2.422260475381439e-5,9.506019e-11,3,0,0,2.4105149016105365e-1,614400,25190400,5751
19,1,1,0.0,1,0,720,12,1.9832876671391315e-6,4.199466400139403e-6,1.1472416e-13,3,0,0,1.1541629192793217e-3,737280,30228480,7191
19,1,1,0.0,1,0,840,12,1.9765991532414875e-6,4.233647786065335e-6,1.1486501e-13,3,0,0,1.871235348144002e-5,860160,35266560,8631
19,1,1,0.0,1,0,960,12,1.9897636515983165e-6,4.2745969293979106e-6,1.11745465e-13,3,0,0,4.770212972164591e-5,983040,40304640,10071
19,1,1,0.0,1,0,1080,12,2.005749712104512e-6,4.326641226378016e-6,1.1472114e-13,3,0,0,9.034073439299906e-5,1105920,45342720,11511
19,1,1,0.0,1,0,1200,12,1.9975147615649477e-6,4.308077171281836e-6,1.06028765e-13,3,0,0,6.045266459203842e-5,1228800,50380800,12951
19,1,1,0.0,1,1,1320,12,1.903512163774159e-6,3.576796212195984e-6,1.455439e-13,3,0,0,1.5953237247780597e-4,1351680,55418880,14391
19,1,1,0.0,1,1,1440,13,2.2218760616466292e-4,2.6250744017506847e-4,1.1281386e-8,4,0,0,3.298940173636777e-2,1474560,60456960,15831
19,1,1,0.0,1,1,1560,15,1.2349214348020548e-4,1.6208860418682737e-4,1.1828766e-9,6,0,0,4.8365325593595543e-1,1597440,65495040,17511
19,1,1,0.0,1,1,1680,15,1.9266378845853613e-6,3.4500562889816316e-6,1.2312091e-13,6,0,0,1.2305617856692293e-2,1720320,70533120,19311
19,1,1,0.0,1,1,1800,15,1.8006008669694495e-6,3.396280479427641e-6,3.8454896e-14,6,0,0,5.330287835640657e-5,1843200,75571200,21111
19,1,1,0.0,1,1,1920,15,1.8160933484832722e-6,3.43859933953909e-6,6.174805e-14,6,0,0,5.067391942170131e-5,1966080,80609280,22911
19,1,1,0.0,1,1,2040,15,1.8414261051435263e-6,3.4787066193330587e-6,2.6113123e-14,6,0,0,9.505552649001145e-5,2088960,85647360,24711
19,1,1,0.0,1,1,2160,15,1.868386286996074e-6,3.54636337099395e-6,5.3273924e-14,6,0,0,1.4945746579370783e-4,2211840,90685440,26511
19,1,1,0.0,1,1,2280,17,4.1214122068975644e-4,4.619446646007036e-4,3.1668666e-8,8,0,0,2.6527463569080867e-1,2334720,95723520,28351
19,1,1,0.0,1,1,2400,20,3.6515301134124484e-4,4.1757291625074987e-4,2.839562e-8,11,0,0,5.200198281468715e-1,2457600,100761600,30511
19,1,1,0.0,1,2,2520,22,7.473772468875841e-5,4.696787174502096e-4,4.8462e-10,13,0,0,3.299829392431093e-1,2580480,105799680,33031
19,1,1,0.0,1,2,2640,22,1.8652333777079845e-5,2.2929389889569395e-4,1.9680564e-12,13,0,0,9.58151394857204e-3,2703360,110837760,35671
19,1,1,0.0,1,2,2760,22,8.691790850881748e-6,9.491972517557675e-5,1.0489219e-12,13,0,0,1.4375436390245272e-3,2826240,115875840,38311
19,1,1,0.0,1,2,2880,22,1.95835013848851e-5,5.528713234418229e-5,7.991325e-11,13,0,0,1.1240190161654617e-3,2949120,120913920,40951
19,1,1,0.0,1,2,3000,22,1.586417508900629e-5,3.8767460895327833e-5,4.405853e-11,13,0,0,1.0326013142697388e-1,3072000,125952000,43591
19,1,1,0.0,1,2,3120,22,8.702374219185378e-6,3.144062521460655e-5,9.371498e-12,13,0,0,1.6089806987263167e-1,3194880,130990080,46231
19,1,1,0.0,1,2,3240,24,5.8027560619297505e-5,1.8961840433470347e-3,2.9444555e-10,15,0,0,3.678992667662937e-1,3317760,136028160,48991
19,1,1,0.0,1,2,3360,24,1.3991494331339853e-5,9.089158539842987e-4,2.92386e-12,15,0,0,7.552971747348369e-3,3440640,141066240,51871
19,1,1,0.0,1,2,3480,24,1.0551000698625605e-4,1.3423297280620147e-3,1.3056638e-9,15,0,0,8.195687043265489e-2,3563520,146104320,54751
19,1,1,0.0,1,2,3600,25,2.010648060635119e-4,1.0701805971555058e-3,4.863037e-9,16,0,0,3.1729181227782277e-1,3686400,151142400,57671
19,1,1,0.3,0,0,120,9,3.41738300351542e-2,7.666038250821214e-2,2.6042032e-4,0,0,0,5.669362361531967e-1,122880,5038080,1071
19,1,1,0.3,0,0,240,9,3.410910992359552e-2,7.830381825313013e-2,2.506934e-4,0,0,0,7.443211866257116e-2,245760,10076160,2151
19,1,1,0.3,0,0,360,9,3.410904341449516e-2,7.834935239279724e-2,2.5042737e-4,0,0,0,2.024619548509632e-3,368640,15114240,3231
19,1,1,0.3,0,0,480,9,3.410903431029265e-2,7.834931848127766e-2,2.5042775e-4,0,0,0,5.306625212939207e-6,491520,20152320,4311
19,1,1,0.3,0,0,600,9,3.410904465271984e-2,7.834932794605907e-2,2.5042804e-4,0,0,0,7.104945606683198e-6,614400,25190400,5391
19,1,1,0.3,0,0,720,9,3.410905295532348e-2,7.834932495821395e-2,2.5042737e-4,0,0,0,8.000973640563767e-6,737280,30228480,6471
19,1,1,0.3,0,0,840,9,3.410904229625991e-2,7.834931476455201e-2,2.5042752e-4,0,0,0,8.734647864275073e-6,860160,35266560,7551
19,1,1,0.3,0,0,960,9,3.4109040056456257e-2,7.83493274393293e-2,2.504279e-4,0,0,0,8.932030740121076e-6,983040,40304640,8631
19,1,1,0.3,0,0,1080,9,3.4109063444398735e-2,7.834931999897495e-2,2.504271e-4,0,0,0,1.6906392169974138e-5,1105920,45342720,9711
19,1,1,0.3,0,0,1200,9,3.4109052235386836e-2,7.834931951485348e-2,2.5042729e-4,0,0,0,2.1561890288641222e-5,1228800,50380800,10791
19,1,1,0.3,0,1,1320,9,4.231408574823023e-2,5.914426586621458e-2,1.4260395e-4,0,0,0,1.0082274726701614e0,1351680,55418880,11871
19,1,1,0.3,0,1,1440,9,4.231407883659764e-2,5.914377255145775e-2,1.4262441e-4,0,0,0,1.8616865718163178e-3,1474560,60456960,12951
19,1,1,0.3,0,1,1560,9,4.231407272158183e-2,5.91437926098116e-2,1.426239e-4,0,0,0,5.8856479984953185e-6,1597440,65495040,14031
19,1,1,0.3,0,1,1680,9,4.2314064973028004e-2,5.914378966901596e-2,1.4262377e-4,0,0,0,3.265980473181069e-6,1720320,70533120,15111
19,1,1,0.3,0,1,1800,9,4.231406718690067e-2,5.91437929896231e-2,1.4262366e-4,0,0,0,3.256754222026939e-6,1843200,75571200,16191
19,1,1,0.3,0,1,1920,9,4.2314069690940974e-2,5.9143791617734996e-2,1.4262393e-4,0,0,0,4.053362872320472e-6,1966080,80609280,17271
19,1,1,0.3,0,1,2040,9,4.2314065996675455e-2,5.9143800082728036e-2,1.4262357e-4,0,0,0,4.222055154372925e-6,2088960,85647360,18351
19,1,1,0.3,0,1,2160,9,4.231407314339973e-2,5.914379900150165e-2,1.4262396e-4,0,0,0,5.077394131671343e-6,2211840,90685440,19431
19,1,1,0.3,0,1,2280,9,4.231407627076291e-2,5.9143794491583565e-2,1.4262399e-4,0,0,0,6.490476268546791e-6,2334720,95723520,20511
19,1,1,0.3,0,1,2400,9,4.2314071692561066e-2,5.9143786077172036e-2,1.4262415e-4,0,0,0,6.480193646131362e-6,2457600,100761600,21591
19,1,1,0.3,0,2,2520,9,3.7579745048371825e-2,6.30132850036905e-2,1.259585e-4,0,0,0,6.559071114586339e-1,2580480,105799680,22671
19,1,1,0.3,0,2,2640,9,3.7579713461324285e-2,6.302105347602148e-2,1.2609066e-4,0,0,0,1.2710191861185355e-3,2703360,110837760,23751
19,1,1,0.3,0,2,2760,9,3.757972218756552e-2,6.302105873090814e-2,1.2609057e-4,0,0,0,4.861319269485083e-6,2826240,115875840,24831
19,1,1,0.3,0,2,2880,9,3.757971924705388e-2,6.302106737454598e-2,1.260906e-4,0,0,0,4.191525448046796e-6,2949120,120913920,25911
19,1,1,0.3,0,2,3000,9,3.757971875394337e-2,6.30210635807837e-2,1.260906e-4,0,0,0,4.26900683361299e-6,3072000,125952000,26991
19,1,1,0.3,0,2,3120,9,3.757971754688141e-2,6.302106349495594e-2,1.260906e-4,0,0,0,4.067413228212892e-6,3194880,130990080,28071
19,1,1,0.3,0,2,3240,9,3.7579723672947346e-2,6.30210647675983e-2,1.2609044e-4,0,0,0,4.595877823685736e-6,3317760,136028160,29151
19,1,1,0.3,0,2,3360,9,3.7579728050436814e-2,6.302105218774079e-2,1.260907e-4,0,0,0,4.872215243593975e-6,3440640,141066240,30231
19,1,1,0.3,0,2,3480,9,3.757972567261606e-2,6.302107235414968e-2,1.2609092e-4,0,0,0,6.157169048390428e-6,3563520,146104320,31311
19,1,1,0.3,0,2,3600,9,3.7579724349839756e-2,6.302105973447121e-2,1.2609044e-4,0,0,0,6.260436772530589e-6,3686400,151142400,32391
19,1,1,0.3,1,0,120,9,3.41738300351542e-2,7.666038250821214e-2,2.6042032e-4,0,0,0,5.669362361531967e-1,122880,5038080,1071
19,1,1,0.3,1,0,240,9,3.410910992359552e-2,7.830381825313013e-2,2.506934e-4,0,0,0,7.443211866257116e-2,245760,10076160,2151
19,1,1,0.3,1,0,360,9,3.410904341449516e-2,7.834935239279724e-2,2.5042737e-4,0,0,0,2.024619548509632e-3,368640,15114240,3231
19,1,1,0.3,1,0,480,11,1.8032478098469973e-2,7.013537591981914e-2,2.256762e-5,2,0,0,3.6742745641932223e-1,491520,20152320,4351
19,1,1,0.3,1,0,600,14,1.2592365894049377e-2,7.534089329484651e-2,2.0839304e-6,5,0,0,5.712766120939676e-1,614400,25190400,5791
19,1,1,0.3,1,0,720,17,1.0149650133197278e-2,7.571468114390988e-2,5.008272e-7,8,0,0,3.746465210900425e-1,737280,30228480,7591
19,1,1,0.3,1,0,840,20,9.359785683959603e-3,7.897699878547514e-2,3.3444886e-7,11,0,0,3.147129926586629e-1,860160,35266560,9751
19,1,1,0.3,1,0,960,23,8.802326016278207e-3,8.162053798487084e-2,1.2444279e-7,14,0,0,3.188561006424564e-1,983040,40304640,12271
19,1,1,0.3,1,0,1080,25,7.300050090177464e-3,8.316524890850227e-2,2.6245079e-8,17,1,0,6.027180606675842e-1,1105920,45342720,15151
19,1,1,0.3,1,0,1200,25,6.916726230132811e-3,8.165845978565138e-2,1.5071869e-8,20,4,0,2.011807642555663e-1,1228800,50380800,18151
19,1,1,0.3,1,1,1320,25,1.5743895124809056e-2,7.816787367538462e-2,6.1263097e-7,23,7,0,2.400592157826644e0,1351680,55418880,21151
19,1,1,0.3,1,1,1440,25,1.4707891765710142e-2,8.098262799095046e-2,1.5412564e-6,26,10,2,5.386600050956076e-1,1474560,60456960,24151
19,1,1,0.3,1,1,1560,25,1.4033601989139825e-2,8.180750523561814e-2,6.489182e-7,29,13,5,5.327037994417907e-1,1597440,65495040,27151
19,1,1,0.3,1,1,1680,25,1.3529159071532659e-2,8.202420924356854e-2,3.8672394e-7,32,16,5,4.916108951616458e-1,1720320,70533120,30151
19,1,1,0.3,1,1,1800,25,1.3245504918268551e-2,8.216950838123653e-2,1.8197759e-6,35,19,6,4.76715341630074e-1,1843200,75571200,33151
19,1,1,0.3,1,1,1920,25,1.2906404375991547e-2,8.20838042318605e-2,1.7351965e-6,38,22,6,4.5851878697697757e-1,1966080,80609280,36151
19,1,1,0.3,1,1,2040,25,1.264188823936723e-2,8.155244232519307e-2,1.7852293e-6,41,25,6,4.252743199098532e-1,2088960,85647360,39151
19,1,1,0.3,1,1,2160,25,1.2407957428520527e-2,8.082229452534152e-2,1.3748054e-6,44,28,6,3.816820996755723e-1,2211840,90685440,42151
19,1,1,0.3,1,1,2280,25,1.2236582191934164e-2,8.06133219083744e-2,9.837976e-7,47,31,6,3.3522341090580277e-1,2334720,95723520,45151
19,1,1,0.3,1,1,2400,25,1.2116923186155822e-2,8.059712168148755e-2,7.293507e-7,50,34,6,2.889910041097039e-1,2457600,100761600,48151
19,1,1,0.3,1,2,2520,25,2.1065232711023615e-2,6.484178544230927e-2,1.8750767e-6,53,37,8,2.721679215709969e0,2580480,105799680,51151
19,1,1,0.3,1,2,2640,25,1.3975897950554733e-2,7.13841869372922e-2,3.3804165e-6,56,40,10,9.917408963742389e-1,2703360,110837760,54151
19,1,1,0.3,1,2,2760,25,1.240644947333089e-2,7.179448506180765e-2,2.3396791e-7,59,43,13,2.9350327579032864e-1,2826240,115875840,57151
19,1,1,0.3,1,2,2880,25,1.1969288850463533e-2,7.122602028044646e-2,2.6246454e-7,62,46,13,1.6951198742319207e-1,2949120,120913920,60151
19,1,1,0.3,1,2,3000,25,1.164325497388147e-2,7.234631373114522e-2,3.164799e-7,65,49,13,1.38057225882946e-1,3072000,125952000,63151
19,1,1,0.3,1,2,3120,25,1.1314712486020957e-2,7.49414927652317e-2,3.7071925e-7,68,52,13,1.3220177585489523e-1,3194880,130990080,66151
19,1,1,0.3,1,2,3240,25,1.0850516597159207e-2,7.862633142061146e-2,4.2649566e-7,71,55,13,1.626801899843091e-1,3317760,136028160,69151
19,1,1,0.3,1,2,3360,25,9.846410317008692e-3,8.259036526295516e-2,3.5443878e-7,74,58,13,2.6244449224821054e-1,3440640,141066240,72151
19,1,1,0.3,1,2,3480,25,8.818040066649234e-3,8.333821232687445e-2,1.7769699e-7,77,61,13,2.8198271143837417e-1,3563520,146104320,75151
19,1,1,0.3,1,2,3600,25,8.522949317405899e-3,8.332482795741619e-2,1.1939896e-7,80,64,13,1.5721409302007316e-1,3686400,151142400,78151
41,0,0,0.0,0,0,120,9,1.4182060324118013e-3,5.292768857988737e-3,1.34341e-7,0,0,0,3.9014794401254704e-1,122880,5038080,1071
41,0,0,0.0,0,0,240,9,1.1784342050545011e-4,4.360617825023211e-4,9.629816e-10,0,0,0,6.593488297312433e-2,245760,10076160,2151
41,0,0,0.0,0,0,360,9,2.6982329321848885e-6,9.928122649541928e-6,4.8754767e-13,0,0,0,5.862599842771488e-3,368640,15114240,3231
41,0,0,0.0,0,0,480,9,1.8754533638271506e-7,3.554139756307835e-7,2.8225022e-15,0,0,0,1.359996001042696e-4,491520,20152320,4311
41,0,0,0.0,0,0,600,9,1.831464253855028e-7,3.517096268585126e-7,2.2788422e-15,0,0,0,3.932510465019107e-6,614400,25190400,5391
41,0,0,0.0,0,0,720,9,1.8868880364491157e-7,3.4625666537795495e-7,2.8792e-15,0,0,0,4.1913533794322305e-6,737280,30228480,6471
41,0,0,0.0,0,0,840,9,1.8885421537811423e-7,3.541328832123152e-7,2.8396557e-15,0,0,0,5.4696383151062004e-6,860160,35266560,7551
41,0,0,0.0,0,0,960,9,1.849935802509656e-7,3.521680283493745e-7,2.0980587e-15,0,0,0,6.491380090636444e-6,983040,40304640,8631
41,0,0,0.0,0,0,1080,9,1.9122753691242038e-7,3.453788139160669e-7,2.8790961e-15,0,0,0,7.4277480567996185e-6,1105920,45342720,9711
41,0,0,0.0,0,0,1200,9,1.933027254658879e-7,3.5574571883075697e-7,2.9003702e-15,0,0,0,1.1463277847698593e-5,1228800,50380800,10791
41,0,0,0.0,0,1,1320,9,1.9382252602768784e-7,3.541916604547469e-7,2.78194e-15,0,0,0,1.1793379076714206e-5,1351680,55418880,11871
41,0,0,0.0,0,1,1440,9,2.407068011038021e-7,3.9111556547724714e-7,5.589361e-15,0,0,0,2.3018334545872425e-5,1474560,60456960,12951
41,0,0,0.0,0,1,1560,9,2.1744337897766363e-7,3.7576067197573544e-7,3.6419456e-15,0,0,0,2.688441433241882e-5,1597440,65495040,14031
41,0,0,0.0,0,1,1680,9,2.0300268691646676e-7,3.5863054520756097e-7,3.3196998e-15,0,0,0,4.822163294996196e-5,1720320,70533120,15111
41,0,0,0.0,0,1,1800,9,1.49129542538426e-4,1.7065977760085706e-4,7.5727e-9,0,0,0,8.968069044174376e-2,1843200,75571200,16191
41,0,0,0.0,0,1,1920,9,2.7678931986808976e-7,4.2179762884134534e-7,1.07014846e-14,0,0,0,9.544540146953412e-3,1966080,80609280,17271
41,0,0,0.0,0,1,2040,9,1.8700808879749674e-7,3.5478378685740013e-7,2.1469028e-15,0,0,0,6.833198279077024e-5,2088960,85647360,18351
41,0,0,0.0,0,1,2160,9,1.5159722952369516e-5,1.5604737817803227e-5,6.143029e-11,0,0,0,1.417460760949115e-1,2211840,90685440,19431
41,0,0,0.0,0,1,2280,9,2.0300268691646676e-7,3.731106524171332e-7,3.5530466e-15,0,0,0,4.629053183166141e-3,2334720,95723520,20511
41,0,0,0.0,0,1,2400,9,1.994161502067782e-7,3.68935418222545e-7,3.422014e-15,0,0,0,4.197165855742563e-5,2457600,100761600,21591
41,0,0,0.0,0,2,2520,9,1.0296876583386798e-3,1.1405581322777828e-3,3.4936804e-7,0,0,0,8.332708617140971e-2,2580480,105799680,22671
41,0,0,0.0,0,2,2640,9,1.399970834958433e-6,1.443058408975115e-6,5.25719e-13,0,0,0,7.796478549617047e-2,2703360,110837760,23751
41,0,0,0.0,0,2,2760,9,3.463318062536855e-7,4.483948263669686e-7,2.1071993e-14,0,0,0,1.987009434233078e-4,2826240,115875840,24831
41,0,0,0.0,0,2,2880,9,5.522169595322213e-7,5.86455237673016e-7,6.1670734e-14,0,0,0,1.472192562114727e-4,2949120,120913920,25911
41,0,0,0.0,0,2,3000,9,2.8199570840240347e-4,3.073248082203981e-4,2.2846013e-8,0,0,0,1.5410869754313028e-1,3072000,125952000,26991
41,0,0,0.0,0,2,3120,9,1.1445362778491215e-4,1.2656468863504557e-4,3.9208534e-9,0,0,0,8.084968570736129e-2,3194880,130990080,28071
41,0,0,0.0,0,2,3240,9,1.0230096300886158e-4,1.1247662247029526e-4,3.3302276e-9,0,0,0,9.420649128065861e-2,3317760,136028160,29151
41,0,0,0.0,0,2,3360,9,9.286259028643335e-5,1.0155097496623663e-4,2.8789424e-9,0,0,0,1.036046300981539e-1,3440640,141066240,30231
41,0,0,0.0,0,2,3480,9,3.478224234643075e-4,3.715659300735895e-4,3.380377e-8,0,0,0,8.623867499125204e-2,3563520,146104320,31311
41,0,0,0.0,0,2,3600,9,1.0299294616070997e-4,1.1266341953046832e-4,3.0958658e-9,0,0,0,8.532194830960904e-2,3686400,151142400,32391
41,0,0,0.0,1,0,120,9,1.4182060324118013e-3,5.292768857988737e-3,1.34341e-7,0,0,0,3.9014794401254704e-1,122880,5038080,1071
41,0,0,0.0,1,0,240,9,1.1784342050545011e-4,4.360617825023211e-4,9.629816e-10,0,0,0,6.593488297312433e-2,245760,10076160,2151
41,0,0,0.0,1,0,360,9,2.6982329321848885e-6,9.928122649541928e-6,4.8754767e-13,0,0,0,5.862599842771488e-3,368640,15114240,3231
41,0,0,0.0,1,0,480,9,1.8754533638271506e-7,3.554139756307835e-7,2.8225022e-15,0,0,0,1.359996001042696e-4,491520,20152320,4311
41,0,0,0.0,1,0,600,9,1.831464253855028e-7,3.517096268585126e-7,2.2788422e-15,0,0,0,3.932510465019107e-6,614400,25190400,5391
41,0,0,0.0,1,0,720,9,1.8868880364491157e-7,3.4625666537795495e-7,2.8792e-15,0,0,0,4.1913533794322305e-6,737280,30228480,6471
41,0,0,0.0,1,0,840,9,1.8885421537811423e-7,3.541328832123152e-7,2.8396557e-15,0,0,0,5.4696383151062004e-6,860160,35266560,7551
41,0,0,0.0,1,0,960,9,1.849935802509656e-7,3.521680283493745e-7,2.0980587e-15,0,0,0,6.491380090636444e-6,983040,40304640,8631
41,0,0,0.0,1,0,1080,9,1.9122753691242038e-7,3.453788139160669e-7,2.8790961e-15,0,0,0,7.4277480567996185e-6,1105920,45342720,9711
41,0,0,0.0,1,0,1200,9,1.933027254658879e-7,3.5574571883075697e-7,2.9003702e-15,0,0,0,1.1463277847698593e-5,1228800,50380800,10791
41,0,0,0.0,1,1,1320,9,1.9382252602768784e-7,3.541916604547469e-7,2.78194e-15,0,0,0,1.1793379076714206e-5,1351680,55418880,11871
41,0,0,0.0,1,1,1440,9,2.407068011038021e-7,3.9111556547724714e-7,5.589361e-15,0,0,0,2.3018334545872425e-5,1474560,60456960,12951
41,0,0,0.0,1,1,1560,9,2.1744337897766363e-7,3.7576067197573544e-7,3.6419456e-15,0,0,0,2.688441433241882e-5,1597440,65495040,14031
41,0,0,0.0,1,1,1680,9,2.0300268691646676e-7,3.5863054520756097e-7,3.3196998e-15,0,0,0,4.822163294996196e-5,1720320,70533120,15111
41,0,0,0.0,1,1,1800,11,2.6481881700245874e-4,4.00558940313488e-4,2.8500146e-8,2,0,0,2.9932111510782056e-1,1843200,75571200,16231
41,0,0,0.0,1,1,1920,12,1.9623919163255726e-5,2.2145094521591597e-4,2.8024165e-11,3,0,0,2.211970716887457e-1,1966080,80609280,17631
41,0,0,0.0,1,1,2040,12,8.224712085563286e-7,9.404267551513175e-6,1.2890397e-14,3,0,0,1.7175792395573986e-3,2088960,85647360,19071
41,0,0,0.0,1,1,2160,12,1.9124567908189455e-7,3.7586683796731947e-7,2.0914245e-15,3,0,0,6.270462290391661e-5,2211840,90685440,20511
41,0,0,0.0,1,1,2280,12,1.9068246919020603e-7,4.2080942530759986e-7,1.6288114e-15,3,0,0,1.20003560819011e-5,2334720,95723520,21951
41,0,0,0.0,1,1,2400,12,1.917891461595578e-7,4.2687909559670366e-7,1.9234536e-15,3,0,0,1.4374880132059838e-5,2457600,100761600,23391
41,0,0,0.0,1,2,2520,13,7.593253027126709e-4,9.169558107917502e-4,1.1364862e-7,4,0,0,2.2784232987679832e-2,2580480,105799680,24831
41,0,0,0.0,1,2,2640,14,1.0006488256296691e-5,7.23297529523827e-5,1.7790769e-11,5,0,0,2.610041149274327e-1,2703360,110837760,26471
41,0,0,0.0,1,2,2760,14,1.3569571260421007e-6,1.283198833322969e-5,6.443849e-14,5,0,0,9.548042116257526e-4,2826240,115875840,28151
41,0,0,0.0,1,2,2880,14,3.2738074964748774e-7,2.1385364705544435e-6,3.335638e-15,5,0,0,1.4998863105224495e-4,2949120,120913920,29831
41,0,0,0.0,1,2,3000,14,8.906002529150186e-5,9.607666410448021e-5,2.207728e-9,5,0,0,5.502942139886076e-2,3072000,125952000,31511
41,0,0,0.0,1,2,3120,16,9.892628025406375e-4,1.4205125849813926e-3,1.9313408e-7,7,0,0,3.5685707939605216e-1,3194880,130990080,33231
41,0,0,0.0,1,2,3240,19,2.710934505517547e-4,7.424097552628813e-4,8.964392e-9,10,0,0,3.883577809769134e-1,3317760,136028160,35271
41,0,0,0.0,1,2,3360,22,3.1348155442463506e-4,7.042791800710914e-4,1.5414045e-8,13,0,0,3.545985063262975e-1,3440640,141066240,37671
41,0,0,0.0,1,2,3480,22,1.96872818085579e-5,3.8655935518922815e-4,1.6073526e-11,13,0,0,2.2698869536451471e-1,3563520,146104320,40311
41,0,0,0.0,1,2,3600,22,1.433063592736401e-5,4.2528023088773026e-4,4.654469e-12,13,0,0,1.3776997617972325e-3,3686400,151142400,42951
41,0,0,0.3,0,0,120,9,2.0284187030367693e-2,6.440677806451346e-2,1.6930793e-5,0,0,0,3.1958535810889543e-1,122880,5038080,1071
41,0,0,0.3,0,0,240,9,2.0283381690938945e-2,6.457970036827215e-2,1.6603046e-5,0,0,0,7.852891660185435e-3,245760,10076160,2151
41,0,0,0.3,0,0,360,9,2.0283384773122123e-2,6.46038276986141e-2,1.656028e-5,0,0,0,1.024362719270755e-3,368640,15114240,3231
41,0,0,0.3,0,0,480,9,2.0283380386480136e-2,6.460501560636074e-2,1.6558424e-5,0,0,0,4.8533560524929766e-5,491520,20152320,4311
41,0,0,0.3,0,0,600,9,2.0283386806921377e-2,6.460502999731264e-2,1.65584e-5,0,0,0,5.551393904083086e-6,614400,25190400,5391
41,0,0,0.3,0,0,720,9,2.028338758950885e-2,6.460502231397157e-2,1.655836e-5,0,0,0,6.69312927774942e-6,737280,30228480,6471
41,0,0,0.3,0,0,840,9,2.0283387394737756e-2,6.460503120965042e-2,1.6558282e-5,0,0,0,8.846164726003525e-6,860160,35266560,7551
41,0,0,0.3,0,0,960,9,2.0283382111395912e-2,6.460502148059931e-2,1.6558304e-5,0,0,0,1.29413152613507e-5,983040,40304640,8631
41,0,0,0.3,0,0,1080,9,2.0283384710679763e-2,6.460504509899605e-2,1.6558277e-5,0,0,0,1.6949540929116214e-5,1105920,45342720,9711
41,0,0,0.3,0,0,1200,9,2.0283389879382743e-2,6.46048956905562e-2,1.6558566e-5,0,0,0,4.8607935359414045e-5,1228800,50380800,10791
41,0,0,0.3,0,1,1320,9,2.0283427445293198e-2,6.458637803636316e-2,1.6656672e-5,0,0,0,1.0892472457764563e-3,1351680,55418880,11871
41,0,0,0.3,0,1,1440,9,2.02833954620604e-2,6.46058535542205e-2,1.6554195e-5,0,0,0,4.7838301548147624e-2,1474560,60456960,12951
41,0,0,0.3,0,1,1560,9,2.0288350370933524e-2,6.442408357831252e-2,1.7398792e-5,0,0,0,4.047353609954122e-2,1597440,65495040,14031
41,0,0,0.3,0,1,1680,9,2.0283382455836073e-2,6.460527285740753e-2,1.6556623e-5,0,0,0,2.402230531706817e-2,1720320,70533120,15111
41,0,0,0.3,0,1,1800,9,2.0283369098726113e-2,6.4605318894621e-2,1.6557133e-5,0,0,0,1.9145089788788483e-4,1843200,75571200,16191
41,0,0,0.3,0,1,1920,9,2.0283394916106014e-2,6.460246324333835e-2,1.6567961e-5,0,0,0,7.484875194436214e-2,1966080,80609280,17271
41,0,0,0.3,0,1,2040,9,2.0283396077025364e-2,6.460488884153842e-2,1.6558886e-5,0,0,0,5.865125019416106e-4,2088960,85647360,18351
41,0,0,0.3,0,1,2160,9,2.02855859528773e-2,6.451395595934033e-2,1.7027673e-5,0,0,0,1.0048424421903346e-1,2211840,90685440,19431
41,0,0,0.3,0,1,2280,9,2.028336378240675e-2,6.46074113016482e-2,1.6550115e-5,0,0,0,7.953293404740691e-2,2334720,95723520,20511
41,0,0,0.3,0,1,2400,9,2.0283509762550583e-2,6.460919996442689e-2,1.6559708e-5,0,0,0,8.285506858682368e-2,2457600,100761600,21591
41,0,0,0.3,0,2,2520,9,2.0284115314742137e-2,6.453040604045687e-2,1.6884936e-5,0,0,0,1.2499800310708054e-1,2580480,105799680,22671
41,0,0,0.3,0,2,2640,9,2.0283413910957386e-2,6.461776136312654e-2,1.6502405e-5,0,0,0,8.982455034438885e-2,2703360,110837760,23751
41,0,0,0.3,0,2,2760,9,2.0283400180615495e-2,6.460767580568631e-2,1.6544052e-5,0,0,0,8.929422403176801e-2,2826240,115875840,24831
41,0,0,0.3,0,2,2880,9,2.028345836258048e-2,6.459157242427409e-2,1.6625894e-5,0,0,0,9.630587517046507e-2,2949120,120913920,25911
41,0,0,0.3,0,2,3000,9,2.0283445037354634e-2,6.460892188468484e-2,1.652627e-5,0,0,0,8.488597417487398e-2,3072000,125952000,26991
41,0,0,0.3,0,2,3120,9,2.0283399421761845e-2,6.459593889521677e-2,1.659419e-5,0,0,0,9.969530892586675e-2,3194880,130990080,28071
41,0,0,0.3,0,2,3240,9,2.0284526990569065e-2,6.45145794598619e-2,1.6956617e-5,0,0,0,1.469849908325216e-1,3317760,136028160,29151
41,0,0,0.3,0,2,3360,9,2.0290865012830197e-2,6.451810300886297e-2,1.7115364e-5,0,0,0,2.7832855979632587e-2,3440640,141066240,30231
41,0,0,0.3,0,2,3480,9,2.028338516275194e-2,6.46060374954479e-2,1.655442e-5,0,0,0,1.0954757589559244e-1,3563520,146104320,31311
41,0,0,0.3,0,2,3600,9,2.02836268201619e-2,6.46401794507922e-2,1.6457378e-5,0,0,0,7.952700475308072e-2,3686400,151142400,32391
41,0,0,0.3,1,0,120,9,2.0284187030367693e-2,6.440677806451346e-2,1.6930793e-5,0,0,0,3.1958535810889543e-1,122880,5038080,1071
41,0,0,0.3,1,0,240,9,2.0283381690938945e-2,6.457970036827215e-2,1.6603046e-5,0,0,0,7.852891660185435e-3,245760,10076160,2151
41,0,0,0.3,1,0,360,9,2.0283384773122123e-2,6.46038276986141e-2,1.656028e-5,0,0,0,1.024362719270755e-3,368640,15114240,3231
41,0,0,0.3,1,0,480,11,1.7935230703588566e-2,6.57386165275844e-2,1.8136972e-5,2,0,0,2.802464512328995e-1,491520,20152320,4351
41,0,0,0.3,1,0,600,14,1.3319338935609586e-2,8.963097989754817e-2,2.1131978e-6,5,0,0,6.761898143960963e-1,614400,25190400,5791
41,0,0,0.3,1,0,720,17,1.1277189488827999e-2,1.3571510734429157e-1,3.990964e-7,8,0,0,6.286805133295665e-1,737280,30228480,7591
41,0,0,0.3,1,0,840,20,1.0207733986301221e-2,1.411611862315162e-1,1.353985e-7,11,0,0,6.190961724208126e-1,860160,35266560,9751
41,0,0,0.3,1,0,960,23,8.902730919666276e-3,1.8678816669851453e-1,2.419899e-7,14,0,0,7.272197625488914e-1,983040,40304640,12271
41,0,0,0.3,1,0,1080,25,7.867633644137919e-3,2.02173340562586e-1,1.861017e-7,17,1,0,1.0538024829390231e0,1105920,45342720,15151
41,0,0,0.3,1,0,1200,25,7.22530296804833e-3,2.0862927456331432e-1,2.7245608e-8,20,4,0,2.948301343675004e-1,1228800,50380800,18151
41,0,0,0.3,1,1,1320,25,6.744348774757708e-3,2.1293614723578264e-1,1.5096845e-8,23,7,1,2.1839237595540784e-1,1351680,55418880,21151
41,0,0,0.3,1,1,1440,25,3.269983137055707e-2,2.096432657618786e-1,2.1310471e-4,26,10,1,3.323079558654115e0,1474560,60456960,24151
41,0,0,0.3,1,1,1560,25,8.45171553412273e-3,2.0982177731075016e-1,1.1700448e-7,29,13,2,9.260003057194659e-1,1597440,65495040,27151
41,0,0,0.3,1,1,1680,25,7.329960037041803e-3,2.1118889646197714e-1,4.7861214e-8,32,16,3,1.6973796060775026e-1,1720320,70533120,30151
41,0,0,0.3,1,1,1800,25,6.988852065480026e-3,2.1227448525662593e-1,2.8499825e-8,35,19,3,8.383600444986161e-2,1843200,75571200,33151
41,0,0,0.3,1,1,1920,25,6.827278625997882e-3,2.127216754344246e-1,1.8210436e-8,38,22,3,5.3253792985743065e-2,1966080,80609280,36151
41,0,0,0.3,1,1,2040,25,6.722436513413208e-3,2.1308951836503887e-1,1.203044e-8,41,25,3,4.257498799389481e-2,2088960,85647360,39151
41,0,0,0.3,1,1,2160,25,6.64148610211968e-3,2.1351258687903665e-1,8.168946e-9,44,28,3,3.7397912389675936e-2,2211840,90685440,42151
41,0,0,0.3,1,1,2280,25,6.572826404208532e-3,2.140797908174522e-1,7.1324746e-9,47,31,3,3.375663980822985e-2,2334720,95723520,45151
41,0,0,0.3,1,1,2400,25,6.511673608949704e-3,2.1497867538501056e-1,7.130535e-9,50,34,3,3.138303257342967e-2,2457600,100761600,48151
41,0,0,0.3,1,2,2520,25,6.455589932630121e-3,2.1633773806510004e-1,6.922853e-9,53,37,6,2.9812004785019663e-2,2580480,105799680,51151
41,0,0,0.3,1,2,2640,25,6.4032566227417145e-3,2.171830041811447e-1,6.579468e-9,56,40,9,2.879952803028374e-2,2703360,110837760,54151
41,0,0,0.3,1,2,2760,25,6.353762845028983e-3,2.1781792158825086e-1,6.1438588e-9,59,43,12,2.797763306815154e-2,2826240,115875840,57151
41,0,0,0.3,1,2,2880,25,6.306596329391227e-3,2.1838194928595503e-1,5.6509166e-9,62,46,15,2.741536852983595e-2,2949120,120913920,60151
41,0,0,0.3,1,2,3000,25,6.26151353607759e-3,2.1906919384783866e-1,5.1326454e-9,65,49,18,2.7011742417053952e-2,3072000,125952000,63151
41,0,0,0.3,1,2,3120,25,6.218454245402631e-3,2.1984187760917892e-1,4.6473674e-9,65,49,18,2.669100594650753e-2,3194880,130990080,66151
41,0,0,0.3,1,2,3240,25,6.177398467083762e-3,2.2084865748301644e-1,4.127973e-9,65,49,18,2.655266607350626e-2,3317760,136028160,69151
41,0,0,0.3,1,2,3360,25,6.138543221589269e-3,2.2218310947421213e-1,3.6232708e-9,65,49,18,2.6419768236806362e-2,3440640,141066240,72151
41,0,0,0.3,1,2,3480,25,6.101961337192849e-3,2.237494451879622e-1,3.3223853e-9,65,49,18,2.6240216076146794e-2,3563520,146104320,75151
41,0,0,0.3,1,2,3600,25,6.067869322855531e-3,2.2527739040294642e-1,3.7076089e-9,65,49,18,2.5997436836590282e-2,3686400,151142400,78151
41,0,1,0.0,0,0,120,9,1.4182060324118013e-3,5.292768857988737e-3,1.34341e-7,0,0,0,3.9014794401254704e-1,122880,5038080,1071
41,0,1,0.0,0,0,240,9,1.1784342050545011e-4,4.360617825023211e-4,9.629816e-10,0,0,0,6.593488297312433e-2,245760,10076160,2151
41,0,1,0.0,0,0,360,9,2.6982329321848885e-6,9.928122649541928e-6,4.8754767e-13,0,0,0,5.862599842771488e-3,368640,15114240,3231
41,0,1,0.0,0,0,480,9,1.8754533638271506e-7,3.554139756307835e-7,2.8225022e-15,0,0,0,1.359996001042696e-4,491520,20152320,4311
41,0,1,0.0,0,0,600,9,1.831464253855028e-7,3.517096268585126e-7,2.2788422e-15,0,0,0,3.932510465019107e-6,614400,25190400,5391
41,0,1,0.0,0,0,720,9,1.8868880364491157e-7,3.4625666537795495e-7,2.8792e-15,0,0,0,4.1913533794322305e-6,737280,30228480,6471
41,0,1,0.0,0,0,840,9,1.8885421537811423e-7,3.541328832123152e-7,2.8396557e-15,0,0,0,5.4696383151062004e-6,860160,35266560,7551
41,0,1,0.0,0,0,960,9,1.849935802509656e-7,3.521680283493745e-7,2.0980587e-15,0,0,0,6.491380090636444e-6,983040,40304640,8631
41,0,1,0.0,0,0,1080,9,1.9122753691242038e-7,3.453788139160669e-7,2.8790961e-15,0,0,0,7.4277480567996185e-6,1105920,45342720,9711
41,0,1,0.0,0,0,1200,9,1.933027254658879e-7,3.5574571883075697e-7,2.9003702e-15,0,0,0,1.1463277847698593e-5,1228800,50380800,10791
41,0,1,0.0,0,1,1320,9,2.187319671823036e-7,3.4073680869576703e-7,1.1692102e-15,0,0,0,1.4336563606259095e-5,1351680,55418880,11871
41,0,1,0.0,0,1,1440,9,2.291886272321943e-7,3.4447858293030276e-7,1.7683387e-15,0,0,0,1.7263950027126412e-5,1474560,60456960,12951
41,0,1,0.0,0,1,1560,9,2.3494446366233448e-7,3.3830476799927874e-7,1.9839549e-15,0,0,0,2.287316444098131e-5,1597440,65495040,14031
41,0,1,0.0,0,1,1680,9,2.516984333337675e-7,3.7565909382139713e-7,3.0495765e-15,0,0,0,2.7581319942799297e-5,1720320,70533120,15111
41,0,1,0.0,0,1,1800,9,2.332103137059441e-7,3.460461841238522e-7,2.1541636e-15,0,0,0,3.858917449335239e-5,1843200,75571200,16191
41,0,1,0.0,0,1,1920,9,2.3234585120547825e-7,3.4092003885140876e-7,2.3158982e-15,0,0,0,2.8153203162909618e-5,1966080,80609280,17271
41,0,1,0.0,0,1,2040,9,2.3695891937299447e-7,3.570696095124078e-7,2.9790058e-15,0,0,0,4.993640965141131e-5,2088960,85647360,18351
41,0,1,0.0,0,1,2160,9,2.5445396247132474e-7,3.5993900605498686e-7,5.7222984e-15,0,0,0,5.5065259458780824e-5,2211840,90685440,19431
41,0,1,0.0,0,1,2280,9,2.700257342222351e-7,3.8701355837074946e-7,7.0829276e-15,0,0,0,1.0450673751327688e-4,2334720,95723520,20511
41,0,1,0.0,0,1,2400,9,6.944061202945283e-5,9.656544279834036e-5,1.1219872e-9,0,0,0,2.0568093856677683e-3,2457600,100761600,21591
41,0,1,0.0,0,2,2520,9,1.0940074360208607e-5,1.4139869206198553e-5,3.555171e-11,0,0,0,2.9458496770132925e-1,2580480,105799680,22671
41,0,1,0.0,0,2,2640,9,1.3567934819664293e-7,3.5329424499060725e-7,1.7782953e-15,0,0,0,6.012377556116918e-4,2703360,110837760,23751
41,0,1,0.0,0,2,2760,9,1.4737278554478647e-7,3.667992412066977e-7,3.113782e-15,0,0,0,1.9324281459072445e-5,2826240,115875840,24831
41,0,1,0.0,0,2,2880,9,1.2971822430551164e-7,3.658142129330172e-7,1.757262e-15,0,0,0,2.3310080834441915e-5,2949120,120913920,25911
41,0,1,0.0,0,2,3000,9,1.2958442517314916e-7,3.621731366522237e-7,1.3468681e-15,0,0,0,2.984994821715603e-5,3072000,125952000,26991
41,0,1,0.0,0,2,3120,9,1.5368797886920175e-7,3.661412708552365e-7,2.6897241e-15,0,0,0,4.049193958790935e-5,3194880,130990080,28071
41,0,1,0.0,0,2,3240,9,4.219785484619654e-7,5.944260722535342e-7,3.2930632e-14,0,0,0,8.073667591434325e-5,3317760,136028160,29151
41,0,1,0.0,0,2,3360,9,4.2659770055508196e-5,5.576550333245076e-5,3.3619033e-10,0,0,0,1.1860691848783467e-3,3440640,141066240,30231
41,0,1,0.0,0,2,3480,9,2.586596509343378e-7,4.57786493559832e-7,8.897933e-15,0,0,0,6.910344758600206e-2,3563520,146104320,31311
41,0,1,0.0,0,2,3600,9,9.503876325683497e-6,1.2235741504842778e-5,1.6750728e-11,0,0,0,6.59686685874572e-4,3686400,151142400,32391
41,0,1,0.0,1,0,120,9,1.4182060324118013e-3,5.292768857988737e-3,1.34341e-7,0,0,0,3.9014794401254704e-1,122880,5038080,1071
41,0,1,0.0,1,0,240,9,1.1784342050545011e-4,4.360617825023211e-4,9.629816e-10,0,0,0,6.593488297312433e-2,245760,10076160,2151
41,0,1,0.0,1,0,360,9,2.6982329321848885e-6,9.928122649541928e-6,4.8754767e-13,0,0,0,5.862599842771488e-3,368640,15114240,3231
41,0,1,0.0,1,0,480,9,1.8754533638271506e-7,3.554139756307835e-7,2.8225022e-15,0,0,0,1.359996001042696e-4,491520,20152320,4311
41,0,1,0.0,1,0,600,9,1.831464253855028e-7,3.517096268585126e-7,2.2788422e-15,0,0,0,3.932510465019107e-6,614400,25190400,5391
41,0,1,0.0,1,0,720,9,1.8868880364491157e-7,3.4625666537795495e-7,2.8792e-15,0,0,0,4.1913533794322305e-6,737280,30228480,6471
41,0,1,0.0,1,0,840,9,1.8885421537811423e-7,3.541328832123152e-7,2.8396557e-15,0,0,0,5.4696383151062004e-6,860160,35266560,7551
41,0,1,0.0,1,0,960,9,1.849935802509656e-7,3.521680283493745e-7,2.0980587e-15,0,0,0,6.491380090636444e-6,983040,40304640,8631
41,0,1,0.0,1,0,1080,9,1.9122753691242038e-7,3.453788139160669e-7,2.8790961e-15,0,0,0,7.4277480567996185e-6,1105920,45342720,9711
41,0,1,0.0,1,0,1200,9,1.933027254658879e-7,3.5574571883075697e-7,2.9003702e-15,0,0,0,1.1463277847698593e-5,1228800,50380800,10791
41,0,1,0.0,1,1,1320,9,2.187319671823036e-7,3.4073680869576703e-7,1.1692102e-15,0,0,0,1.4336563606259095e-5,1351680,55418880,11871
41,0,1,0.0,1,1,1440,9,2.291886272321943e-7,3.4447858293030276e-7,1.7683387e-15,0,0,0,1.7263950027126412e-5,1474560,60456960,12951
41,0,1,0.0,1,1,1560,9,2.3494446366233448e-7,3.3830476799927874e-7,1.9839549e-15,0,0,0,2.287316444098131e-5,1597440,65495040,14031
41,0,1,0.0,1,1,1680,9,2.516984333337675e-7,3.7565909382139713e-7,3.0495765e-15,0,0,0,2.7581319942799297e-5,1720320,70533120,15111
41,0,1,0.0,1,1,1800,9,2.332103137059441e-7,3.460461841238522e-7,2.1541636e-15,0,0,0,3.858917449335239e-5,1843200,75571200,16191
41,0,1,0.0,1,1,1920,9,2.3234585120547825e-7,3.4092003885140876e-7,2.3158982e-15,0,0,0,2.8153203162909618e-5,1966080,80609280,17271
41,0,1,0.0,1,1,2040,9,2.3695891937299447e-7,3.570696095124078e-7,2.9790058e-15,0,0,0,4.993640965141131e-5,2088960,85647360,18351
41,0,1,0.0,1,1,2160,9,2.5445396247132474e-7,3.5993900605498686e-7,5.7222984e-15,0,0,0,5.5065259458780824e-5,2211840,90685440,19431
41,0,1,0.0,1,1,2280,9,2.700257342222351e-7,3.8701355837074946e-7,7.0829276e-15,0,0,0,1.0450673751327688e-4,2334720,95723520,20511
41,0,1,0.0,1,1,2400,9,6.944061202945283e-5,9.656544279834036e-5,1.1219872e-9,0,0,0,2.0568093856677683e-3,2457600,100761600,21591
41,0,1,0.0,1,2,2520,12,1.639075370050118e-4,2.1167509543937646e-4,8.746451e-9,3,0,0,4.7779783640464757e-1,2580480,105799680,22791
41,0,1,0.0,1,2,2640,15,3.794771563687751e-4,5.050663001863641e-4,2.1133703e-8,6,0,0,4.0016383023507274e-1,2703360,110837760,24351
41,0,1,0.0,1,2,2760,18,1.954825862200466e-4,2.786579862387751e-4,5.081063e-9,9,0,0,3.294882361381042e-1,2826240,115875840,26271
41,0,1,0.0,1,2,2880,18,8.052176417289423e-6,3.3866178609123027e-5,3.8025442e-12,9,0,0,1.092098945898412e-1,2949120,120913920,28431
41,0,1,0.0,1,2,3000,18,2.5343256955076283e-6,1.1383105017193984e-5,1.8157403e-13,9,0,0,7.580208349006988e-4,3072000,125952000,30591
41,0,1,0.0,1,2,3120,18,8.650136907783207e-7,3.8339413813076855e-6,1.8873354e-14,9,0,0,2.8877008049110753e-4,3194880,130990080,32751
41,0,1,0.0,1,2,3240,20,5.251953748375003e-4,8.181270866088003e-4,1.8975491e-8,11,0,0,5.052745264880836e-1,3317760,136028160,34951
41,0,1,0.0,1,2,3360,23,4.0213263363390753e-4,4.6431341695850093e-4,1.7098175e-8,14,0,0,4.531670791957154e-1,3440640,141066240,37471
41,0,1,0.0,1,2,3480,23,7.43113108146022e-6,6.855689780045957e-5,1.3181859e-12,14,0,0,1.5711260024188078e-1,3563520,146104320,40231
41,0,1,0.0,1,2,3600,23,4.66430892361223e-6,7.509171937341288e-5,9.503647e-13,14,0,0,6.148485701162054e-4,3686400,151142400,42991
41,0,1,0.3,0,0,120,9,2.0284187030367693e-2,6.440677806451346e-2,1.6930793e-5,0,0,0,3.1958535810889543e-1,122880,5038080,1071
41,0,1,0.3,0,0,240,9,2.0283381690938945e-2,6.457970036827215e-2,1.6603046e-5,0,0,0,7.852891660185435e-3,245760,10076160,2151
41,0,1,0.3,0,0,360,9,2.0283384773122123e-2,6.46038276986141e-2,1.656028e-5,0,0,0,1.024362719270755e-3,368640,15114240,3231
41,0,1,0.3,0,0,480,9,2.0283380386480136e-2,6.460501560636074e-2,1.6558424e-5,0,0,0,4.8533560524929766e-5,491520,20152320,4311
41,0,1,0.3,0,0,600,9,2.0283386806921377e-2,6.460502999731264e-2,1.65584e-5,0,0,0,5.551393904083086e-6,614400,25190400,5391
41,0,1,0.3,0,0,720,9,2.028338758950885e-2,6.460502231397157e-2,1.655836e-5,0,0,0,6.69312927774942e-6,737280,30228480,6471
41,0,1,0.3,0,0,840,9,2.0283387394737756e-2,6.460503120965042e-2,1.6558282e-5,0,0,0,8.846164726003525e-6,860160,35266560,7551
41,0,1,0.3,0,0,960,9,2.0283382111395912e-2,6.460502148059931e-2,1.6558304e-5,0,0,0,1.29413152613507e-5,983040,40304640,8631
41,0,1,0.3,0,0,1080,9,2.0283384710679763e-2,6.460504509899605e-2,1.6558277e-5,0,0,0,1.6949540929116214e-5,1105920,45342720,9711
41,0,1,0.3,0,0,1200,9,2.0283389879382743e-2,6.46048956905562e-2,1.6558566e-5,0,0,0,4.8607935359414045e-5,1228800,50380800,10791
41,0,1,0.3,0,1,1320,9,2.3952842926608944e-2,7.861310135198404e-2,3.4444885e-5,0,0,0,9.923352698336623e-1,1351680,55418880,11871
41,0,1,0.3,0,1,1440,9,2.3952168652641097e-2,7.905333182505803e-2,3.42293e-5,0,0,0,7.3890330167681005e-3,1474560,60456960,12951
41,0,1,0.3,0,1,1560,9,2.3952158053309597e-2,7.905263002726713e-2,3.4229568e-5,0,0,0,1.3275329493892332e-5,1597440,65495040,14031
41,0,1,0.3,0,1,1680,9,2.3952157438649088e-2,7.905264414774799e-2,3.4229648e-5,0,0,0,3.7849402748234458e-6,1720320,70533120,15111
41,0,1,0.3,0,1,1800,9,2.3952165577559848e-2,7.905262893563726e-2,3.422959e-5,0,0,0,5.349371681917861e-6,1843200,75571200,16191
41,0,1,0.3,0,1,1920,9,2.3952156717787564e-2,7.905262988383516e-2,3.4229575e-5,0,0,0,7.646574555218453e-6,1966080,80609280,17271
41,0,1,0.3,0,1,2040,9,2.39521625796074e-2,7.905264472129617e-2,3.4229604e-5,0,0,0,8.283393219565838e-6,2088960,85647360,18351
41,0,1,0.3,0,1,2160,9,2.3952157758438678e-2,7.905262818761527e-2,3.4229626e-5,0,0,0,1.0674871930336323e-5,2211840,90685440,19431
41,0,1,0.3,0,1,2280,9,2.3952158450821694e-2,7.905264618843051e-2,3.4229623e-5,0,0,0,8.9856779603055e-6,2334720,95723520,20511
41,0,1,0.3,0,1,2400,9,2.3952166911894786e-2,7.905264028162932e-2,3.422971e-5,0,0,0,9.217587800563814e-6,2457600,100761600,21591
41,0,1,0.3,0,2,2520,9,2.609631788959553e-2,4.728514726800689e-2,3.166048e-5,0,0,0,1.3208433539584954e0,2580480,105799680,22671
41,0,1,0.3,0,2,2640,9,2.6096117389618208e-2,4.724585042018174e-2,3.1661515e-5,0,0,0,3.2912368378967827e-3,2703360,110837760,23751
41,0,1,0.3,0,2,2760,9,2.6096109706445433e-2,4.7245826634382926e-2,3.1662257e-5,0,0,0,5.1621578178002395e-6,2826240,115875840,24831
41,0,1,0.3,0,2,2880,9,2.6096118406989048e-2,4.7245829322769536e-2,3.166227e-5,0,0,0,1.1704340562513949e-6,2949120,120913920,25911
41,0,1,0.3,0,2,3000,9,2.609610871099273e-2,4.7245828299462965e-2,3.1662188e-5,0,0,0,1.170664235279617e-6,3072000,125952000,26991
41,0,1,0.3,0,2,3120,9,2.609610947133236e-2,4.724582907668432e-2,3.1662184e-5,0,0,0,1.512527522711462e-6,3194880,130990080,28071
41,0,1,0.3,0,2,3240,9,2.6096115744099417e-2,4.7245830223144526e-2,3.1662235e-5,0,0,0,1.7329280964910608e-6,3317760,136028160,29151
41,0,1,0.3,0,2,3360,9,2.609611077881696e-2,4.724582693548861e-2,3.1662214e-5,0,0,0,1.6245936518867465e-6,3440640,141066240,30231
41,0,1,0.3,0,2,3480,9,2.609611242991779e-2,4.724582537476615e-2,3.1662206e-5,0,0,0,1.657358653559286e-6,3563520,146104320,31311
41,0,1,0.3,0,2,3600,9,2.6096113652995714e-2,4.7245829879440766e-2,3.1662214e-5,0,0,0,2.0522753275198976e-6,3686400,151142400,32391
41,0,1,0.3,1,0,120,9,2.0284187030367693e-2,6.440677806451346e-2,1.6930793e-5,0,0,0,3.1958535810889543e-1,122880,5038080,1071
41,0,1,0.3,1,0,240,9,2.0283381690938945e-2,6.457970036827215e-2,1.6603046e-5,0,0,0,7.852891660185435e-3,245760,10076160,2151
41,0,1,0.3,1,0,360,9,2.0283384773122123e-2,6.46038276986141e-2,1.656028e-5,0,0,0,1.024362719270755e-3,368640,15114240,3231
41,0,1,0.3,1,0,480,11,1.7935230703588566e-2,6.57386165275844e-2,1.8136972e-5,2,0,0,2.802464512328995e-1,491520,20152320,4351
41,0,1,0.3,1,0,600,14,1.3319338935609586e-2,8.963097989754817e-2,2.1131978e-6,5,0,0,6.761898143960963e-1,614400,25190400,5791
41,0,1,0.3,1,0,720,17,1.1277189488827999e-2,1.3571510734429157e-1,3.990964e-7,8,0,0,6.286805133295665e-1,737280,30228480,7591
41,0,1,0.3,1,0,840,20,1.0207733986301221e-2,1.411611862315162e-1,1.353985e-7,11,0,0,6.190961724208126e-1,860160,35266560,9751
41,0,1,0.3,1,0,960,23,8.902730919666276e-3,1.8678816669851453e-1,2.419899e-7,14,0,0,7.272197625488914e-1,983040,40304640,12271
41,0,1,0.3,1,0,1080,25,7.867633644137919e-3,2.02173340562586e-1,1.861017e-7,17,1,0,1.0538024829390231e0,1105920,45342720,15151
41,0,1,0.3,1,0,1200,25,7.22530296804833e-3,2.0862927456331432e-1,2.7245608e-8,20,4,0,2.948301343675004e-1,1228800,50380800,18151
41,0,1,0.3,1,1,1320,25,1.565601362298756e-2,1.5457979133635757e-1,8.0306063e-7,23,7,0,3.1357740530695963e0,1351680,55418880,21151
41,0,1,0.3,1,1,1440,25,1.264096216872001e-2,1.5084284925022012e-1,2.7143733e-7,26,10,0,3.016650523185178e-1,1474560,60456960,24151
41,0,1,0.3,1,1,1560,25,1.1777897335059951e-2,1.5150652408900392e-1,1.3729249e-7,29,13,0,1.6745715372062175e-1,1597440,65495040,27151
41,0,1,0.3,1,1,1680,25,1.1418349493470238e-2,1.5325904191829354e-1,9.164168e-8,32,16,0,1.1822969932741234e-1,1720320,70533120,30151
41,0,1,0.3,1,1,1800,25,1.1177649210907907e-2,1.5582598369448228e-1,6.3548455e-8,35,19,0,1.0031375992167746e-1,1843200,75571200,33151
41,0,1,0.3,1,1,1920,25,1.1005647475078264e-2,1.562728969665967e-1,4.4731863e-8,38,22,0,8.69868577868127e-2,1966080,80609280,36151
41,0,1,0.3,1,1,2040,25,1.0880790744408248e-2,1.564241283953645e-1,4.283128e-8,41,25,0,7.645193077122414e-2,2088960,85647360,39151
41,0,1,0.3,1,1,2160,25,1.0787787790087384e-2,1.562881239849429e-1,4.6786383e-8,44,28,0,6.876383931076191e-2,2211840,90685440,42151
41,0,1,0.3,1,1,2280,25,1.0715847278352657e-2,1.5594714806810017e-1,4.9983527e-8,47,31,0,6.2425502412438494e-2,2334720,95723520,45151
41,0,1,0.3,1,1,2400,25,1.0657857325841352e-2,1.555715749707093e-1,5.2437162e-8,50,34,0,5.7415460972320975e-2,2457600,100761600,48151
41,0,1,0.3,1,2,2520,25,1.670504689364715e-2,7.173427313548274e-2,1.2275157e-6,53,37,2,3.4295617481499114e0,2580480,105799680,51151
41,0,1,0.3,1,2,2640,25,1.5405928391299487e-2,7.391211565874117e-2,8.8975224e-7,56,40,5,2.598890842247368e-1,2703360,110837760,54151
41,0,1,0.3,1,2,2760,25,1.4886384711057282e-2,7.322566197097914e-2,8.626692e-7,59,43,8,1.6801765747360609e-1,2826240,115875840,57151
41,0,1,0.3,1,2,2880,25,1.4374861588592948e-2,7.259534583699781e-2,8.3831225e-7,62,46,11,1.835425598140361e-1,2949120,120913920,60151
41,0,1,0.3,1,2,3000,25,1.383163552758971e-2,7.155587205935675e-2,8.234094e-7,65,49,14,1.8583352956091836e-1,3072000,125952000,63151
41,0,1,0.3,1,2,3120,25,1.2670914278222756e-2,6.750763093195927e-2,8.5753265e-7,68,52,17,2.3711953098543637e-1,3194880,130990080,66151
41,0,1,0.3,1,2,3240,25,9.743107359602723e-3,6.598799531623632e-2,5.185373e-7,71,55,19,6.099755858458025e-1,3317760,136028160,69151
41,0,1,0.3,1,2,3360,25,9.23116892170397e-3,6.65829856526824e-2,3.4900114e-7,74,58,22,1.528596989691149e-1,3440640,141066240,72151
41,0,1,0.3,1,2,3480,25,9.02406772510453e-3,6.612535613830983e-2,3.1962588e-7,77,61,23,9.324480423349979e-2,3563520,146104320,75151
41,0,1,0.3,1,2,3600,25,8.931513134024887e-3,6.569187389121521e-2,3.1855268e-7,80,64,23,6.003675442050958e-2,3686400,151142400,78151
41,1,0,0.0,0,0,120,9,2.210622976772857e-2,6.0711215596666326e-2,7.315476e-5,0,0,0,6.790828103078184e-1,122880,5038080,1071
41,1,0,0.0,0,0,240,9,2.0973138014581283e-2,7.009573505085018e-2,5.1978444e-5,0,0,0,2.515931365596771e-1,245760,10076160,2151
41,1,0,0.0,0,0,360,9,2.0933069809688568e-2,7.206033075434347e-2,4.8500566e-5,0,0,0,5.174982658991212e-2,368640,15114240,3231
41,1,0,0.0,0,0,480,9,2.0932726952527583e-2,7.225046162112185e-2,4.817764e-5,0,0,0,5.012265508753444e-3,491520,20152320,4311
41,1,0,0.0,0,0,600,9,2.0932708004069548e-2,7.22589930630871e-2,4.816315e-5,0,0,0,2.2444165048413067e-4,614400,25190400,5391
41,1,0,0.0,0,0,720,9,2.0932704457246237e-2,7.225911044696118e-2,4.816297e-5,0,0,0,7.505355158810879e-6,737280,30228480,6471
41,1,0,0.0,0,0,840,9,2.0932710223888786e-2,7.225913323724725e-2,4.8163027e-5,0,0,0,6.264430077247869e-6,860160,35266560,7551
41,1,0,0.0,0,0,960,9,2.0932710193339067e-2,7.225913808232529e-2,4.8162914e-5,0,0,0,9.742386128493684e-6,983040,40304640,8631
41,1,0,0.0,0,0,1080,9,2.0932720379631987e-2,7.225913421969914e-2,4.816305e-5,0,0,0,9.670549976369385e-6,1105920,45342720,9711
41,1,0,0.0,0,0,1200,9,2.0932710604741975e-2,7.225912241625235e-2,4.8162838e-5,0,0,0,1.3060427942083314e-5,1228800,50380800,10791
41,1,0,0.0,0,1,1320,9,2.0932714942801862e-2,7.225916230164937e-2,4.816264e-5,0,0,0,1.3379720093466621e-5,1351680,55418880,11871
41,1,0,0.0,0,1,1440,9,2.093270103440333e-2,7.225922540973466e-2,4.8162536e-5,0,0,0,2.121589905146326e-5,1474560,60456960,12951
41,1,0,0.0,0,1,1560,9,2.0932719760491263e-2,7.225913165703575e-2,4.816292e-5,0,0,0,2.7878923693834372e-5,1597440,65495040,14031
41,1,0,0.0,0,1,1680,9,2.093271247281488e-2,7.225911027185612e-2,4.8162994e-5,0,0,0,2.881757427328213e-5,1720320,70533120,15111
41,1,0,0.0,0,1,1800,9,2.0932715478206815e-2,7.225930457444445e-2,4.816214e-5,0,0,0,8.296468907025706e-5,1843200,75571200,16191
41,1,0,0.0,0,1,1920,9,2.093300319930846e-2,7.228823897052292e-2,4.8020353e-5,0,0,0,6.2362255554158086e-2,1966080,80609280,17271
41,1,0,0.0,0,1,2040,9,2.093271697887658e-2,7.22593013567601e-2,4.8162332e-5,0,0,0,5.424871873080328e-3,2088960,85647360,18351
41,1,0,0.0,0,1,2160,9,2.0932715047392206e-2,7.225839601379577e-2,4.81681e-5,0,0,0,7.958814569712303e-2,2211840,90685440,19431
41,1,0,0.0,0,1,2280,9,2.0932821313624443e-2,7.227679551230475e-2,4.8072463e-5,0,0,0,2.6416306683160196e-3,2334720,95723520,20511
41,1,0,0.0,0,1,2400,9,2.093270259165478e-2,7.225799994913112e-2,4.8169146e-5,0,0,0,1.0789259504358739e-1,2457600,100761600,21591
41,1,0,0.0,0,2,2520,9,2.0932710264494458e-2,7.225922300150621e-2,4.8162616e-5,0,0,0,3.9250773347387913e-4,2580480,105799680,22671
41,1,0,0.0,0,2,2640,9,2.09327150055985e-2,7.225429788797613e-2,4.8192367e-5,0,0,0,1.2104362710802619e-1,2703360,110837760,23751
41,1,0,0.0,0,2,2760,9,2.0932712890306474e-2,7.225927122824428e-2,4.8162274e-5,0,0,0,1.4787790421736322e-3,2826240,115875840,24831
41,1,0,0.0,0,2,2880,9,2.0932863409686538e-2,7.224557845819178e-2,4.8243528e-5,0,0,0,1.1339991174527822e-1,2949120,120913920,25911
41,1,0,0.0,0,2,3000,9,2.0932723003851607e-2,7.225914504507139e-2,4.816284e-5,0,0,0,8.594316855979806e-3,3072000,125952000,26991
41,1,0,0.0,0,2,3120,9,2.0937983611145763e-2,7.216718144293241e-2,4.8615326e-5,0,0,0,9.988984678636892e-2,3194880,130990080,28071
41,1,0,0.0,0,2,3240,9,2.0932710688414267e-2,7.225896632821674e-2,4.816326e-5,0,0,0,5.2832211936785e-2,3317760,136028160,29151
41,1,0,0.0,0,2,3360,9,2.0932721833458522e-2,7.225913400894975e-2,4.816282e-5,0,0,0,1.2200659038152147e-4,3440640,141066240,30231
41,1,0,0.0,0,2,3480,9,2.0945433216003832e-2,7.238804059228247e-2,4.7465717e-5,0,0,0,9.996247425362852e-3,3563520,146104320,31311
41,1,0,0.0,0,2,3600,9,2.0932696303649093e-2,7.225832460680197e-2,4.8166723e-5,0,0,0,1.4731831486405866e-1,3686400,151142400,32391
41,1,0,0.0,1,0,120,9,2.210622976772857e-2,6.0711215596666326e-2,7.315476e-5,0,0,0,6.790828103078184e-1,122880,5038080,1071
41,1,0,0.0,1,0,240,9,2.0973138014581283e-2,7.009573505085018e-2,5.1978444e-5,0,0,0,2.515931365596771e-1,245760,10076160,2151
41,1,0,0.0,1,0,360,9,2.0933069809688568e-2,7.206033075434347e-2,4.8500566e-5,0,0,0,5.174982658991212e-2,368640,15114240,3231
41,1,0,0.0,1,0,480,11,8.662898937774994e-3,3.9992206374386906e-2,9.4417355e-6,2,0,0,3.5524325359119757e-1,491520,20152320,4351
41,1,0,0.0,1,0,600,14,2.043804022029022e-3,1.840603904789014e-2,1.3408399e-7,5,0,0,3.7109901468083706e-1,614400,25190400,5791
41,1,0,0.0,1,0,720,17,1.0065692894180012e-3,1.5218254309576388e-2,2.3842915e-8,8,0,0,2.3393477617864455e-1,737280,30228480,7591
41,1,0,0.0,1,0,840,19,6.804195082766495e-4,3.719573167806466e-2,3.3479703e-9,10,0,0,2.3563444444271298e-1,860160,35266560,9751
41,1,0,0.0,1,0,960,19,6.004792860740878e-4,3.975738356845112e-2,1.6254887e-9,10,0,0,3.087446582199016e-2,983040,40304640,12031
41,1,0,0.0,1,0,1080,19,5.452132383767782e-4,3.595609417043112e-2,1.3111784e-9,10,0,0,2.062390151528204e-2,1105920,45342720,14311
41,1,0,0.0,1,0,1200,19,4.903014332858508e-4,3.196618347520081e-2,1.0644166e-9,10,0,0,2.083865992226208e-2,1228800,50380800,16591
41,1,0,0.0,1,1,1320,21,6.779112557714741e-4,2.759943754597071e-2,4.89989e-8,12,0,0,4.905149325942806e-1,1351680,55418880,18911
41,1,0,0.0,1,1,1440,24,4.303502775238453e-4,3.3350791781314844e-2,2.3661947e-8,15,0,0,4.832451899333279e-1,1474560,60456960,21551
41,1,0,0.0,1,1,1560,25,2.7355862093658007e-4,3.3788951507076025e-2,1.2118545e-9,17,1,0,4.5809164597672947e-1,1597440,65495040,24511
41,1,0,0.0,1,1,1680,25,2.2005147472212044e-4,3.099518654098638e-2,2.8801517e-10,17,1,0,1.5095030459564285e-2,1720320,70533120,27511
41,1,0,0.0,1,1,1800,25,1.9729456782930003e-4,2.870522047161493e-2,2.9010475e-10,17,1,0,9.016879579235582e-3,1843200,75571200,30511
41,1,0,0.0,1,1,1920,25,1.834874097734645e-4,2.6632316600651993e-2,3.2137842e-10,17,1,0,7.39994281586509e-3,1966080,80609280,33511
41,1,0,0.0,1,1,2040,25,1.7407704986173073e-4,2.4711712672586504e-2,3.550903e-10,17,1,0,6.366428642988822e-3,2088960,85647360,36511
41,1,0,0.0,1,1,2160,25,1.7518836632056614e-4,2.2993049535413455e-2,8.9644964e-10,19,3,0,2.3248191179254607e-1,2211840,90685440,39511
41,1,0,0.0,1,1,2280,25,1.0155257275684508e-3,2.117076663288751e-2,9.334228e-8,20,4,0,2.187876888194573e-2,2334720,95723520,42511
41,1,0,0.0,1,1,2400,25,8.180002962259545e-4,2.006554970773885e-2,1.205246e-7,22,6,0,4.010940590732419e-1,2457600,100761600,45511
41,1,0,0.0,1,2,2520,25,7.20001653678555e-4,1.8624272990942898e-2,9.6075645e-8,23,7,1,5.937762341480157e-2,2580480,105799680,48511
41,1,0,0.0,1,2,2640,25,1.7479215698310162e-4,1.7449040468362712e-2,5.5342814e-10,24,8,1,2.168890415189223e-1,2703360,110837760,51511
41,1,0,0.0,1,2,2760,25,4.104547228306976e-4,1.6203374071457534e-2,2.7235142e-8,27,11,4,3.7130049027851797e-1,2826240,115875840,54511
41,1,0,0.0,1,2,2880,25,6.108315186959356e-4,1.5096670417782116e-2,3.762822e-8,30,14,6,2.2160708268014417e-1,2949120,120913920,57511
41,1,0,0.0,1,2,3000,25,1.9069960698950929e-4,1.4267471864858926e-2,3.379362e-9,31,15,7,3.6944108940596365e-1,3072000,125952000,60511
41,1,0,0.0,1,2,3120,25,9.063932864835896e-4,1.3362314276046712e-2,1.5349332e-7,33,17,8,3.2050356555092563e-1,3194880,130990080,63511
41,1,0,0.0,1,2,3240,25,2.8906274472422427e-4,1.248291486090612e-2,1.2314823e-8,35,19,10,2.6670897066655463e-1,3317760,136028160,66511
41,1,0,0.0,1,2,3360,25,1.2741105746962296e-4,1.1767882870357647e-2,1.655173e-10,36,20,10,2.6244703711085116e-1,3440640,141066240,69511
41,1,0,0.0,1,2,3480,25,1.3222872071042962e-4,1.1223752107637012e-2,5.3766225e-10,38,22,12,3.342378289805259e-1,3563520,146104320,72511
41,1,0,0.0,1,2,3600,25,2.7012336855849637e-3,1.1268328936102105e-2,5.338103e-7,39,23,13,7.832713786252982e-2,3686400,151142400,75511
41,1,0,0.3,0,0,120,9,3.342160736027527e-2,8.811092623744517e-2,1.08700464e-4,0,0,0,6.664344954779153e-1,122880,5038080,1071
41,1,0,0.3,0,0,240,9,3.315015529671845e-2,9.247626843815356e-2,9.068369e-5,0,0,0,1.7327704896160867e-1,245760,10076160,2151
41,1,0,0.3,0,0,360,9,3.314689693680657e-2,9.30492716153288e-2,8.8756125e-5,0,0,0,2.052397834597741e-2,368640,15114240,3231
41,1,0,0.3,0,0,480,9,3.314687680994555e-2,9.307290534267675e-2,8.867824e-5,0,0,0,8.391991185536796e-4,491520,20152320,4311
41,1,0,0.3,0,0,600,9,3.3146878258174486e-2,9.30731014242973e-2,8.867747e-5,0,0,0,1.7511009903201037e-5,614400,25190400,5391
41,1,0,0.3,0,0,720,9,3.3146875011877915e-2,9.307309274141376e-2,8.8677494e-5,0,0,0,9.783846665167416e-6,737280,30228480,6471
41,1,0,0.3,0,0,840,9,3.314687771883997e-2,9.307311649325138e-2,8.867719e-5,0,0,0,1.939326122664224e-5,860160,35266560,7551
41,1,0,0.3,0,0,960,9,3.3147328541980096e-2,9.309834825372452e-2,8.9169276e-5,0,0,0,4.685976818121909e-2,983040,40304640,8631
41,1,0,0.3,0,0,1080,9,3.314686457588117e-2,9.307320099111516e-2,8.867773e-5,0,0,0,1.2721444200678722e-2,1105920,45342720,9711
41,1,0,0.3,0,0,1200,9,3.3146882514543834e-2,9.307311008938517e-2,8.867745e-5,0,0,0,4.360961904900217e-5,1228800,50380800,10791
41,1,0,0.3,0,1,1320,9,3.314686528327568e-2,9.307819959316589e-2,8.872821e-5,0,0,0,8.050149778766698e-2,1351680,55418880,11871
41,1,0,0.3,0,1,1440,9,3.314688098057034e-2,9.307309302633233e-2,8.8677625e-5,0,0,0,2.4797716636506054e-3,1474560,60456960,12951
41,1,0,0.3,0,1,1560,9,3.314689782340682e-2,9.306576969360883e-2,8.860659e-5,0,0,0,8.470756107741492e-4,1597440,65495040,14031
41,1,0,0.3,0,1,1680,9,3.314688146245581e-2,9.307216022696421e-2,8.867216e-5,0,0,0,8.530343962227205e-2,1720320,70533120,15111
41,1,0,0.3,0,1,1800,9,3.315188115908568e-2,9.316015888808696e-2,8.912645e-5,0,0,0,6.754849762933046e-2,1843200,75571200,16191
41,1,0,0.3,0,1,1920,9,3.314689613852335e-2,9.307286052457364e-2,8.867749e-5,0,0,0,4.986994686287671e-2,1966080,80609280,17271
41,1,0,0.3,0,1,2040,9,3.3161819442644555e-2,9.321578034942299e-2,8.903818e-5,0,0,0,1.835406242223314e-2,2088960,85647360,18351
41,1,0,0.3,0,1,2160,9,3.314686742260807e-2,9.307347723558082e-2,8.867732e-5,0,0,0,1.0539601709020019e-1,2211840,90685440,19431
41,1,0,0.3,0,1,2280,9,3.3159398573722985e-2,9.296843265424352e-2,8.873257e-5,0,0,0,6.472871467840458e-2,2334720,95723520,20511
41,1,0,0.3,0,1,2400,9,3.31468909912681e-2,9.307283047691826e-2,8.867825e-5,0,0,0,6.309267728047985e-2,2457600,100761600,21591
41,1,0,0.3,0,2,2520,9,3.3147737478932945e-2,9.308351031177824e-2,8.865365e-5,0,0,0,8.231277820068361e-2,2580480,105799680,22671
41,1,0,0.3,0,2,2640,9,3.314688162880062e-2,9.30731045599691e-2,8.867749e-5,0,0,0,5.295590740363565e-2,2703360,110837760,23751
41,1,0,0.3,0,2,2760,9,3.318202498979695e-2,9.32311406834549e-2,8.84492e-5,0,0,0,3.460884644340545e-2,2826240,115875840,24831
41,1,0,0.3,0,2,2880,9,3.3146879212513594e-2,9.307277569281906e-2,8.867809e-5,0,0,0,9.290617177957117e-2,2949120,120913920,25911
41,1,0,0.3,0,2,3000,9,3.3176660273006274e-2,9.293224238406794e-2,8.88901e-5,0,0,0,7.5826919722355e-2,3072000,125952000,26991
41,1,0,0.3,0,2,3120,9,3.31468698629045e-2,9.30730574787494e-2,8.8678265e-5,0,0,0,7.299098764375955e-2,3194880,130990080,28071
41,1,0,0.3,0,2,3240,9,3.3146871078765405e-2,9.307302224827001e-2,8.867794e-5,0,0,0,2.6921853677733254e-4,3317760,136028160,29151
41,1,0,0.3,0,2,3360,9,3.3146887968766525e-2,9.307403059769138e-2,8.867597e-5,0,0,0,1.2727981576014713e-1,3440640,141066240,30231
41,1,0,0.3,0,2,3480,9,3.314687004811322e-2,9.307317095007808e-2,8.8677465e-5,0,0,0,2.0044513902129496e-3,3563520,146104320,31311
41,1,0,0.3,0,2,3600,9,3.3146873622812725e-2,9.307732857332496e-2,8.86697e-5,0,0,0,1.5951150510711168e-1,3686400,151142400,32391
41,1,0,0.3,1,0,120,9,3.342160736027527e-2,8.811092623744517e-2,1.08700464e-4,0,0,0,6.664344954779153e-1,122880,5038080,1071
41,1,0,0.3,1,0,240,9,3.315015529671845e-2,9.247626843815356e-2,9.068369e-5,0,0,0,1.7327704896160867e-1,245760,10076160,2151
41,1,0,0.3,1,0,360,9,3.314689693680657e-2,9.30492716153288e-2,8.8756125e-5,0,0,0,2.052397834597741e-2,368640,15114240,3231
41,1,0,0.3,1,0,480,11,2.3375811923402694e-2,6.720634022118492e-2,2.8358825e-5,2,0,0,4.6444075915047733e-1,491520,20152320,4351
41,1,0,0.3,1,0,600,14,1.8404065227108055e-2,7.172490696471433e-2,3.861378e-6,5,0,0,7.049646725351622e-1,614400,25190400,5791
41,1,0,0.3,1,0,720,17,1.3302375465282807e-2,1.815200972161486e-1,1.1308645e-6,8,0,0,1.102995446088471e0,737280,30228480,7591
41,1,0,0.3,1,0,840,20,1.1931819074981859e-2,1.951865273392731e-1,2.1600569e-7,11,0,0,6.189515862291852e-1,860160,35266560,9751
41,1,0,0.3,1,0,960,23,1.0089283173540246e-2,2.0082039901854332e-1,6.022484e-8,14,0,0,6.309648900720219e-1,983040,40304640,12271
41,1,0,0.3,1,0,1080,25,9.668323350325591e-3,1.66396327263885e-1,9.744854e-8,17,1,0,6.153883544839704e-1,1105920,45342720,15151
41,1,0,0.3,1,0,1200,25,9.618399920291747e-3,1.872797644066433e-1,4.1516433e-8,20,4,0,9.37317256272352e-2,1228800,50380800,18151
41,1,0,0.3,1,1,1320,25,9.608256923346438e-3,2.0647116858441042e-1,3.6054463e-8,23,7,3,5.442314233916168e-2,1351680,55418880,21151
41,1,0,0.3,1,1,1440,25,9.600800229900567e-3,2.1345899194857157e-1,3.28555e-8,26,10,6,4.814723932819476e-2,1474560,60456960,24151
41,1,0,0.3,1,1,1560,25,9.595554876035922e-3,2.162347275943666e-1,3.1070666e-8,29,13,8,2.6159531382481127e-1,1597440,65495040,27151
41,1,0,0.3,1,1,1680,25,9.591525423357639e-3,2.1788919469241025e-1,3.464382e-8,32,16,11,2.602919730510907e-1,1720320,70533120,30151
41,1,0,0.3,1,1,1800,25,9.587803785240283e-3,2.1995810508251598e-1,2.9234087e-8,35,19,14,6.350006990228085e-2,1843200,75571200,33151
41,1,0,0.3,1,1,1920,25,9.585303949159775e-3,2.204941303196857e-1,2.6717476e-8,38,22,15,2.940565536876374e-1,1966080,80609280,36151
41,1,0,0.3,1,1,2040,25,9.612849966043032e-3,2.210270447508264e-1,1.521319e-7,41,25,17,2.543960618512665e-1,2088960,85647360,39151
41,1,0,0.3,1,1,2160,25,9.58051270913669e-3,2.2230116156857924e-1,2.7309639e-8,44,28,20,8.600845414515312e-2,2211840,90685440,42151
41,1,0,0.3,1,1,2280,25,9.579402103002998e-3,2.223839178791236e-1,2.74513e-8,47,31,22,3.263503969292403e-1,2334720,95723520,45151
41,1,0,0.3,1,1,2400,25,9.57811367283212e-3,2.2355135070720752e-1,3.191853e-8,50,34,25,3.307216195119411e-2,2457600,100761600,48151
41,1,0,0.3,1,2,2520,25,9.575533543141479e-3,2.2363568814142334e-1,2.5275568e-8,53,37,28,3.163125366586481e-1,2580480,105799680,51151
41,1,0,0.3,1,2,2640,25,9.587468221463821e-3,2.2382186315638086e-1,3.9305075e-8,56,40,30,3.0329057873607446e-1,2703360,110837760,54151
41,1,0,0.3,1,2,2760,25,9.572952783271233e-3,2.2487047449280437e-1,2.743756e-8,59,43,33,5.3487495753297365e-2,2826240,115875840,57151
41,1,0,0.3,1,2,2880,25,9.571521371294781e-3,2.2517057536423501e-1,2.5100741e-8,62,46,36,2.709482166336441e-1,2949120,120913920,60151
41,1,0,0.3,1,2,3000,25,9.570516380139137e-3,2.2550963751032987e-1,2.4987415e-8,65,49,39,2.8234877517158274e-1,3072000,125952000,63151
41,1,0,0.3,1,2,3120,25,9.574566374390994e-3,2.2525095234339218e-1,4.7671858e-8,68,52,41,3.4451082558331847e-1,3194880,130990080,66151
41,1,0,0.3,1,2,3240,25,9.568692789947424e-3,2.2617315350204745e-1,2.3671387e-8,71,55,44,3.761002854030426e-2,3317760,136028160,69151
41,1,0,0.3,1,2,3360,25,9.570229766669856e-3,2.2608170201347808e-1,2.8690511e-8,74,58,47,3.208503365426173e-1,3440640,141066240,72151
41,1,0,0.3,1,2,3480,25,9.590693456789224e-3,2.2682356195451417e-1,9.441006e-8,77,61,49,1.422441197712736e-1,3563520,146104320,75151
41,1,0,0.3,1,2,3600,25,9.56660209101274e-3,2.2719999847959013e-1,2.3923457e-8,80,64,52,3.0649648633668036e-1,3686400,151142400,78151
41,1,1,0.0,0,0,120,9,2.210622976772857e-2,6.0711215596666326e-2,7.315476e-5,0,0,0,6.790828103078184e-1,122880,5038080,1071
41,1,1,0.0,0,0,240,9,2.0973138014581283e-2,7.009573505085018e-2,5.1978444e-5,0,0,0,2.515931365596771e-1,245760,10076160,2151
41,1,1,0.0,0,0,360,9,2.0933069809688568e-2,7.206033075434347e-2,4.8500566e-5,0,0,0,5.174982658991212e-2,368640,15114240,3231
41,1,1,0.0,0,0,480,9,2.0932726952527583e-2,7.225046162112185e-2,4.817764e-5,0,0,0,5.012265508753444e-3,491520,20152320,4311
41,1,1,0.0,0,0,600,9,2.0932708004069548e-2,7.22589930630871e-2,4.816315e-5,0,0,0,2.2444165048413067e-4,614400,25190400,5391
41,1,1,0.0,0,0,720,9,2.0932704457246237e-2,7.225911044696118e-2,4.816297e-5,0,0,0,7.505355158810879e-6,737280,30228480,6471
41,1,1,0.0,0,0,840,9,2.0932710223888786e-2,7.225913323724725e-2,4.8163027e-5,0,0,0,6.264430077247869e-6,860160,35266560,7551
41,1,1,0.0,0,0,960,9,2.0932710193339067e-2,7.225913808232529e-2,4.8162914e-5,0,0,0,9.742386128493684e-6,983040,40304640,8631
41,1,1,0.0,0,0,1080,9,2.0932720379631987e-2,7.225913421969914e-2,4.816305e-5,0,0,0,9.670549976369385e-6,1105920,45342720,9711
41,1,1,0.0,0,0,1200,9,2.0932710604741975e-2,7.225912241625235e-2,4.8162838e-5,0,0,0,1.3060427942083314e-5,1228800,50380800,10791
41,1,1,0.0,0,1,1320,9,1.9746955710424525e-2,3.8437264397168505e-2,1.10784094e-4,0,0,0,1.0660706810608613e0,1351680,55418880,11871
41,1,1,0.0,0,1,1440,9,1.9739527063812042e-2,3.856751710843588e-2,1.1140011e-4,0,0,0,1.9920067749382042e-2,1474560,60456960,12951
41,1,1,0.0,0,1,1560,9,1.9739535127979744e-2,3.856895446877319e-2,1.1140791e-4,0,0,0,1.8436727952423314e-4,1597440,65495040,14031
41,1,1,0.0,0,1,1680,9,1.9739536370738858e-2,3.8568957906893464e-2,1.1140788e-4,0,0,0,2.3896280450966083e-6,1720320,70533120,15111
41,1,1,0.0,0,1,1800,9,1.973953678955136e-2,3.8568958230095526e-2,1.1140788e-4,0,0,0,2.308349031049199e-6,1843200,75571200,16191
41,1,1,0.0,0,1,1920,9,1.973953930800556e-2,3.856895717868337e-2,1.1140793e-4,0,0,0,2.4457307371051652e-6,1966080,80609280,17271
41,1,1,0.0,0,1,2040,9,1.9739535387330347e-2,3.8568957926621225e-2,1.1140788e-4,0,0,0,2.5632044291091886e-6,2088960,85647360,18351
41,1,1,0.0,0,1,2160,9,1.9739535459862127e-2,3.856895905598436e-2,1.1140787e-4,0,0,0,2.3189241866810825e-6,2211840,90685440,19431
41,1,1,0.0,0,1,2280,9,1.9739535544992477e-2,3.856895917812006e-2,1.11407884e-4,0,0,0,2.770216701986246e-6,2334720,95723520,20511
41,1,1,0.0,0,1,2400,9,1.9739534660212752e-2,3.856895699123165e-2,1.1140781e-4,0,0,0,3.3422340286546736e-6,2457600,100761600,21591
41,1,1,0.0,0,2,2520,9,2.6998290061730355e-2,4.005628551391396e-2,1.4767192e-4,0,0,0,3.632256442893705e-1,2580480,105799680,22671
41,1,1,0.0,0,2,2640,9,2.6998292443515072e-2,4.0056803563328296e-2,1.4770268e-4,0,0,0,6.969586691232266e-4,2703360,110837760,23751
41,1,1,0.0,0,2,2760,9,2.6998294774242548e-2,4.005681448977198e-2,1.4770273e-4,0,0,0,3.7251487073329016e-6,2826240,115875840,24831
41,1,1,0.0,0,2,2880,9,2.699828987645118e-2,4.005681299625405e-2,1.4770275e-4,0,0,0,3.354189232297267e-6,2949120,120913920,25911
41,1,1,0.0,0,2,3000,9,2.6998292504572977e-2,4.0056819799227344e-2,1.4770275e-4,0,0,0,3.4051189246768e-6,3072000,125952000,26991
41,1,1,0.0,0,2,3120,9,2.6998288013132143e-2,4.005681462003228e-2,1.4770265e-4,0,0,0,3.905392440003465e-6,3194880,130990080,28071
41,1,1,0.0,0,2,3240,9,2.699829492583457e-2,4.0056819392370775e-2,1.4770274e-4,0,0,0,4.0616868186617045e-6,3317760,136028160,29151
41,1,1,0.0,0,2,3360,9,2.6998291199197073e-2,4.0056817384486264e-2,1.4770267e-4,0,0,0,3.890876215343654e-6,3440640,141066240,30231
41,1,1,0.0,0,2,3480,9,2.699828097252211e-2,4.005681445175557e-2,1.4770274e-4,0,0,0,4.661548365695288e-6,3563520,146104320,31311
41,1,1,0.0,0,2,3600,9,2.6998295266390263e-2,4.005681496550317e-2,1.4770271e-4,0,0,0,4.655453463590789e-6,3686400,151142400,32391
41,1,1,0.0,1,0,120,9,2.210622976772857e-2,6.0711215596666326e-2,7.315476e-5,0,0,0,6.790828103078184e-1,122880,5038080,1071
41,1,1,0.0,1,0,240,9,2.0973138014581283e-2,7.009573505085018e-2,5.1978444e-5,0,0,0,2.515931365596771e-1,245760,10076160,2151
41,1,1,0.0,1,0,360,9,2.0933069809688568e-2,7.206033075434347e-2,4.8500566e-5,0,0,0,5.174982658991212e-2,368640,15114240,3231
41,1,1,0.0,1,0,480,11,8.662898937774994e-3,3.9992206374386906e-2,9.4417355e-6,2,0,0,3.5524325359119757e-1,491520,20152320,4351
41,1,1,0.0,1,0,600,14,2.043804022029022e-3,1.840603904789014e-2,1.3408399e-7,5,0,0,3.7109901468083706e-1,614400,25190400,5791
41,1,1,0.0,1,0,720,17,1.0065692894180012e-3,1.5218254309576388e-2,2.3842915e-8,8,0,0,2.3393477617864455e-1,737280,30228480,7591
41,1,1,0.0,1,0,840,19,6.804195082766495e-4,3.719573167806466e-2,3.3479703e-9,10,0,0,2.3563444444271298e-1,860160,35266560,9751
41,1,1,0.0,1,0,960,19,6.004792860740878e-4,3.975738356845112e-2,1.6254887e-9,10,0,0,3.087446582199016e-2,983040,40304640,12031
41,1,1,0.0,1,0,1080,19,5.452132383767782e-4,3.595609417043112e-2,1.3111784e-9,10,0,0,2.062390151528204e-2,1105920,45342720,14311
41,1,1,0.0,1,0,1200,19,4.903014332858508e-4,3.196618347520081e-2,1.0644166e-9,10,0,0,2.083865992226208e-2,1228800,50380800,16591
41,1,1,0.0,1,1,1320,20,4.4816432990331823e-4,1.797823030917639e-2,8.031739e-10,11,0,0,5.270633254220343e-1,1351680,55418880,18951
41,1,1,0.0,1,1,1440,20,3.618354286298276e-4,1.5447807500638908e-2,7.047589e-10,11,0,0,2.6147892096886893e-2,1474560,60456960,21351
41,1,1,0.0,1,1,1560,20,2.907314046877088e-4,1.2790028718701149e-2,4.7118137e-10,11,0,0,2.209606485043114e-2,1597440,65495040,23751
41,1,1,0.0,1,1,1680,20,2.2954103369471357e-4,1.030944883032779e-2,2.9689257e-10,11,0,0,1.8998100933118045e-2,1720320,70533120,26151
41,1,1,0.0,1,1,1800,20,1.7783268396283228e-4,8.10969911515742e-3,1.794153e-10,11,0,0,1.6050356071216493e-2,1843200,75571200,28551
41,1,1,0.0,1,1,1920,20,1.3503457147307532e-4,6.2283623434925715e-3,1.0396492e-10,11,0,0,1.3269436973372808e-2,1966080,80609280,30951
41,1,1,0.0,1,1,2040,21,3.5342203634380236e-4,4.68891569881744e-3,2.0336739e-8,12,0,0,1.8193426511346256e-2,2088960,85647360,33351
41,1,1,0.0,1,1,2160,23,2.956968027715578e-4,3.1841234910543643e-3,4.2185904e-9,14,0,0,5.56213188833965e-1,2211840,90685440,35991
41,1,1,0.0,1,1,2280,23,4.906927507150418e-5,2.124012469975891e-3,1.1449294e-11,14,0,0,2.4281231908656498e-2,2334720,95723520,38751
41,1,1,0.0,1,1,2400,23,3.131420680961724e-5,1.542085833593902e-3,7.6316635e-12,14,0,0,5.540858627037959e-3,2457600,100761600,41511
41,1,1,0.0,1,2,2520,24,5.2365201889262867e-5,2.4132343587188407e-4,3.050444e-10,15,0,0,6.46206228220235e-1,2580480,105799680,44351
41,1,1,0.0,1,2,2640,24,2.257766238479804e-5,1.334120628877054e-4,3.2019776e-11,15,0,0,5.0774701228807895e-3,2703360,110837760,47231
41,1,1,0.0,1,2,2760,24,1.4690313749545706e-5,9.302047924591567e-5,4.7372904e-12,15,0,0,1.5362135693208212e-3,2826240,115875840,50111
41,1,1,0.0,1,2,2880,24,1.1322925028964293e-5,7.171419796026034e-5,8.9715393e-13,15,0,0,9.869891203782444e-4,2949120,120913920,52991
41,1,1,0.0,1,2,3000,24,8.953377381891313e-6,5.650541326704304e-5,4.562643e-13,15,0,0,7.600918095145848e-4,3072000,125952000,55871
41,1,1,0.0,1,2,3120,24,1.8951101709435384e-5,4.6265618126391765e-5,6.195816e-11,15,0,0,1.1348017739297722e-3,3194880,130990080,58751
41,1,1,0.0,1,2,3240,25,8.082409208317778e-5,3.5210849481283536e-4,2.1703951e-10,17,1,0,6.822661492064963e-1,3317760,136028160,61711
41,1,1,0.0,1,2,3360,25,3.192701766716801e-5,1.8580506833375536e-4,2.8378678e-11,17,1,0,1.0536336830760051e-2,3440640,141066240,64711
41,1,1,0.0,1,2,3480,25,1.9899506490345585e-5,1.138258450313886e-4,1.0183083e-11,17,1,0,2.945584995144468e-3,3563520,146104320,67711
41,1,1,0.0,1,2,3600,25,1.2159427997444721e-5,6.794035748677097e-5,3.1741918e-12,17,1,0,1.9170854706203055e-3,3686400,151142400,70711
41,1,1,0.3,0,0,120,9,3.342160736027527e-2,8.811092623744517e-2,1.08700464e-4,0,0,0,6.664344954779153e-1,122880,5038080,1071
41,1,1,0.3,0,0,240,9,3.315015529671845e-2,9.247626843815356e-2,9.068369e-5,0,0,0,1.7327704896160867e-1,245760,10076160,2151
41,1,1,0.3,0,0,360,9,3.314689693680657e-2,9.30492716153288e-2,8.8756125e-5,0,0,0,2.052397834597741e-2,368640,15114240,3231
41,1,1,0.3,0,0,480,9,3.314687680994555e-2,9.307290534267675e-2,8.867824e-5,0,0,0,8.391991185536796e-4,491520,20152320,4311
41,1,1,0.3,0,0,600,9,3.3146878258174486e-2,9.30731014242973e-2,8.867747e-5,0,0,0,1.7511009903201037e-5,614400,25190400,5391
41,1,1,0.3,0,0,720,9,3.3146875011877915e-2,9.307309274141376e-2,8.8677494e-5,0,0,0,9.783846665167416e-6,737280,30228480,6471
41,1,1,0.3,0,0,840,9,3.314687771883997e-2,9.307311649325138e-2,8.867719e-5,0,0,0,1.939326122664224e-5,860160,35266560,7551
41,1,1,0.3,0,0,960,9,3.3147328541980096e-2,9.309834825372452e-2,8.9169276e-5,0,0,0,4.685976818121909e-2,983040,40304640,8631
41,1,1,0.3,0,0,1080,9,3.314686457588117e-2,9.307320099111516e-2,8.867773e-5,0,0,0,1.2721444200678722e-2,1105920,45342720,9711
41,1,1,0.3,0,0,1200,9,3.3146882514543834e-2,9.307311008938517e-2,8.867745e-5,0,0,0,4.360961904900217e-5,1228800,50380800,10791
41,1,1,0.3,0,1,1320,9,3.6644669049695176e-2,7.327834272218321e-2,2.3736125e-4,0,0,0,1.5582283440391063e0,1351680,55418880,11871
41,1,1,0.3,0,1,1440,9,3.573095917529507e-2,9.268155481069075e-2,2.4856435e-4,0,0,0,2.9218088142806664e-1,1474560,60456960,12951
41,1,1,0.3,0,1,1560,9,3.5716020596256164e-2,9.527822827562667e-2,2.4993025e-4,0,0,0,3.7349971064486454e-2,1597440,65495040,14031
41,1,1,0.3,0,1,1680,9,3.5715954162197805e-2,9.546576197144926e-2,2.500293e-4,0,0,0,2.7020062742337814e-3,1720320,70533120,15111
41,1,1,0.3,0,1,1800,9,3.571597345346456e-2,9.547541185460336e-2,2.5003453e-4,0,0,0,1.3928300611568134e-4,1843200,75571200,16191
41,1,1,0.3,0,1,1920,9,3.571597707919262e-2,9.547570181792987e-2,2.5003482e-4,0,0,0,5.4522814688183876e-6,1966080,80609280,17271
41,1,1,0.3,0,1,2040,9,3.57159753921598e-2,9.547570876564608e-2,2.5003497e-4,0,0,0,2.149580593803187e-6,2088960,85647360,18351
41,1,1,0.3,0,1,2160,9,3.571597145787164e-2,9.547575402549448e-2,2.500351e-4,0,0,0,3.0463937627290584e-6,2211840,90685440,19431
41,1,1,0.3,0,1,2280,9,3.571597459638958e-2,9.547574165707975e-2,2.5003488e-4,0,0,0,2.8681923977803657e-6,2334720,95723520,20511
41,1,1,0.3,0,1,2400,9,3.571597700279868e-2,9.547575137960426e-2,2.5003494e-4,0,0,0,2.9923750292650767e-6,2457600,100761600,21591
41,1,1,0.3,0,2,2520,9,3.8484349069261e-2,5.599515933341513e-2,1.5554292e-4,0,0,0,1.2705377237371667e0,2580480,105799680,22671
41,1,1,0.3,0,2,2640,9,3.8481612446417714e-2,5.594352448049571e-2,1.5769713e-4,0,0,0,1.4241855149009552e-2,2703360,110837760,23751
41,1,1,0.3,0,2,2760,9,3.848161506209503e-2,5.594266731858964e-2,1.5772694e-4,0,0,0,1.993027094169264e-4,2826240,115875840,24831
41,1,1,0.3,0,2,2880,9,3.848160920036304e-2,5.5942662892613675e-2,1.577271e-4,0,0,0,2.6416780671014405e-6,2949120,120913920,25911
41,1,1,0.3,0,2,3000,9,3.848160749867692e-2,5.594266154755332e-2,1.577271e-4,0,0,0,1.1651393517681007e-6,3072000,125952000,26991
41,1,1,0.3,0,2,3120,9,3.848160609279166e-2,5.594266420947576e-2,1.5772712e-4,0,0,0,1.3533936510442147e-6,3194880,130990080,28071
41,1,1,0.3,0,2,3240,9,3.8481611162028875e-2,5.594266110829636e-2,1.577272e-4,0,0,0,1.5331673850229027e-6,3317760,136028160,29151
41,1,1,0.3,0,2,3360,9,3.848161087841455e-2,5.5942664059576305e-2,1.577271e-4,0,0,0,1.4728597534665287e-6,3440640,141066240,30231
41,1,1,0.3,0,2,3480,9,3.8481605454659326e-2,5.594266428108166e-2,1.5772726e-4,0,0,0,1.6540283779085518e-6,3563520,146104320,31311
41,1,1,0.3,0,2,3600,9,3.8481606721322455e-2,5.594265986221339e-2,1.5772725e-4,0,0,0,1.6252564201146326e-6,3686400,151142400,32391
41,1,1,0.3,1,0,120,9,3.342160736027527e-2,8.811092623744517e-2,1.08700464e-4,0,0,0,6.664344954779153e-1,122880,5038080,1071
41,1,1,0.3,1,0,240,9,3.315015529671845e-2,9.247626843815356e-2,9.068369e-5,0,0,0,1.7327704896160867e-1,245760,10076160,2151
41,1,1,0.3,1,0,360,9,3.314689693680657e-2,9.30492716153288e-2,8.8756125e-5,0,0,0,2.052397834597741e-2,368640,15114240,3231
41,1,1,0.3,1,0,480,11,2.3375811923402694e-2,6.720634022118492e-2,2.8358825e-5,2,0,0,4.6444075915047733e-1,491520,20152320,4351
41,1,1,0.3,1,0,600,14,1.8404065227108055e-2,7.172490696471433e-2,3.861378e-6,5,0,0,7.049646725351622e-1,614400,25190400,5791
41,1,1,0.3,1,0,720,17,1.3302375465282807e-2,1.815200972161486e-1,1.1308645e-6,8,0,0,1.102995446088471e0,737280,30228480,7591
41,1,1,0.3,1,0,840,20,1.1931819074981859e-2,1.951865273392731e-1,2.1600569e-7,11,0,0,6.189515862291852e-1,860160,35266560,9751
41,1,1,0.3,1,0,960,23,1.0089283173540246e-2,2.0082039901854332e-1,6.022484e-8,14,0,0,6.309648900720219e-1,983040,40304640,12271
41,1,1,0.3,1,0,1080,25,9.668323350325591e-3,1.66396327263885e-1,9.744854e-8,17,1,0,6.153883544839704e-1,1105920,45342720,15151
41,1,1,0.3,1,0,1200,25,9.618399920291747e-3,1.872797644066433e-1,4.1516433e-8,20,4,0,9.37317256272352e-2,1228800,50380800,18151
41,1,1,0.3,1,1,1320,25,1.5540974538598052e-2,9.2099673332621e-2,1.7514252e-6,23,7,1,3.754895688802975e0,1351680,55418880,21151
41,1,1,0.3,1,1,1440,25,1.3135616010171922e-2,9.549482324717175e-2,1.2109863e-6,26,10,1,3.663589911272567e-1,1474560,60456960,24151
41,1,1,0.3,1,1,1560,25,1.1409842576702878e-2,1.026832281630796e-1,7.2638136e-7,29,13,1,3.1014289511822923e-1,1597440,65495040,27151
41,1,1,0.3,1,1,1680,25,1.0400606910897047e-2,1.0613631281756464e-1,5.108578e-7,32,16,1,2.3650434449065472e-1,1720320,70533120,30151
41,1,1,0.3,1,1,1800,25,9.923253211967123e-3,1.1158344116168271e-1,3.9759095e-7,35,19,1,1.698475402834818e-1,1843200,75571200,33151
41,1,1,0.3,1,1,1920,25,9.682583068781388e-3,1.1312536380926688e-1,3.2233575e-7,38,22,1,1.2279168381796701e-1,1966080,80609280,36151
41,1,1,0.3,1,1,2040,25,9.526481685930236e-3,1.1378971905095568e-1,2.703666e-7,41,25,1,9.756631235634361e-2,2088960,85647360,39151
41,1,1,0.3,1,1,2160,25,9.408218975150538e-3,1.1403095476641065e-1,2.3237797e-7,44,28,1,8.667888150609258e-2,2211840,90685440,42151
41,1,1,0.3,1,1,2280,25,9.314115774351032e-3,1.1372020196523386e-1,2.0320319e-7,47,31,1,7.908640030508429e-2,2334720,95723520,45151
41,1,1,0.3,1,1,2400,25,9.250213083780379e-3,1.1275491487777106e-1,1.7332981e-7,50,34,1,2.0344181990357058e-1,2457600,100761600,48151
41,1,1,0.3,1,2,2520,25,3.4432892449290355e-2,6.357209510858282e-2,2.8467364e-6,53,37,2,4.362549659930451e0,2580480,105799680,51151
41,1,1,0.3,1,2,2640,25,3.23532553781423e-2,5.9829323083167844e-2,1.1585687e-6,56,40,3,3.8807965864963023e-1,2703360,110837760,54151
41,1,1,0.3,1,2,2760,25,3.15257073703585e-2,5.9393389751480966e-2,1.0971481e-6,59,43,3,2.516372374499447e-1,2826240,115875840,57151
41,1,1,0.3,1,2,2880,25,3.08296418481256e-2,5.810012675009673e-2,1.1996879e-6,62,46,3,2.5803482134112765e-1,2949120,120913920,60151
41,1,1,0.3,1,2,3000,25,3.0392087207738797e-2,5.545645958577408e-2,1.8052276e-6,65,49,3,2.755922499362775e-1,3072000,125952000,63151
41,1,1,0.3,1,2,3120,25,2.9995806567122384e-2,5.262427442023607e-2,1.6215399e-6,68,52,6,2.3890477277573652e-1,3194880,130990080,66151
41,1,1,0.3,1,2,3240,25,2.9664519309036443e-2,5.0241177329407395e-2,1.951346e-6,71,55,9,1.654426433213252e-1,3317760,136028160,69151
41,1,1,0.3,1,2,3360,25,2.9306273756656086e-2,4.8544022144161196e-2,2.1966732e-6,74,58,12,1.685419032481754e-1,3440640,141066240,72151
41,1,1,0.3,1,2,3480,25,2.8925378516737085e-2,4.763765247814752e-2,2.2138383e-6,77,61,15,1.7286984863631005e-1,3563520,146104320,75151
41,1,1,0.3,1,2,3600,25,2.8550973789037863e-2,4.7619351603632995e-2,1.9928736e-6,80,64,18,1.7357022689631485e-1,3686400,151142400,78151
