seed,rich,fresh,omega,window,step,candidate,accepted,prior_candidate_requests,prior_site_requests,repeated_earlier_window,k_before,x,y,sigma,coverage,local_residual_mse,g,h,score
7,0,0,0.0,0,1160,10,1,0,0,0,9,4e-1,2e-1,1.4e-1,8.788578e-1,4.674288226046908e-8,-8.670318e-5,3.8568828e-1,9.745488e-9
7,0,0,0.0,0,1200,9,1,0,0,0,10,2e-1,2e-1,1.4e-1,9.4965845e-1,2.3395623282866896e-7,1.17889416e-4,1.9424796e-1,3.5773645e-8
7,0,0,0.0,1,2320,26,1,0,1,0,11,4e-1,2e-1,9e-2,1e0,5.564713067260901e-8,2.9624005e-5,7.08077e-2,6.1969363e-9
7,0,0,0.0,1,2360,25,1,0,1,0,12,2e-1,2e-1,9e-2,1e0,1.4082176355225598e-7,2.8690554e-5,5.112466e-2,8.0503995e-9
7,0,0,0.0,2,2760,17,1,0,0,0,13,2e-1,6e-1,1.4e-1,8.7885773e-1,9.025247105476479e-7,2.7974977e-4,5.529627e-1,7.076421e-8
7,0,0,0.0,2,2800,18,1,0,0,0,14,4e-1,6e-1,1.4e-1,8.133355e-1,3.2677593561027537e-7,-3.1022215e-4,8.9280957e-1,5.389603e-8
7,0,0,0.0,2,2840,12,1,0,0,0,15,8e-1,2e-1,1.4e-1,9.4965845e-1,5.7881910563583906e-8,9.170435e-5,4.2456314e-1,9.903931e-9
7,0,0,0.0,2,3560,28,1,0,1,0,16,8e-1,2e-1,9e-2,1e0,4.2464490403016334e-7,-1.4242118e-4,2.5802833e-1,3.930536e-8
7,0,0,0.0,2,3600,16,1,0,0,0,17,8e-1,4e-1,1.4e-1,8.7885773e-1,1.013135833318801e-7,-1.02815684e-4,5.0821584e-1,1.0400172e-8
7,0,0,0.3,0,440,40,1,0,0,0,9,8e-1,8e-1,9e-2,9.496584e-1,1.7097703749301258e-3,5.143053e-3,3.0190545e-1,4.3806747e-5
7,0,0,0.3,0,480,30,1,0,0,0,10,4e-1,4e-1,9e-2,8.1333554e-1,2.4062316851211616e-4,-6.4284e-3,1.1650392e0,1.7735167e-5
7,0,0,0.3,0,520,39,1,0,0,0,11,6e-1,8e-1,9e-2,8.788577e-1,5.695962119859655e-4,-3.1133546e-3,4.0604472e-1,1.1935848e-5
7,0,0,0.3,0,560,32,1,0,0,0,12,8e-1,4e-1,9e-2,8.7885773e-1,1.417433357339161e-4,2.523294e-3,6.5733486e-1,4.8430506e-6
7,0,0,0.3,0,600,31,1,0,0,0,13,6e-1,4e-1,9e-2,8.133355e-1,9.437903740724413e-5,2.294517e-3,1.2086179e0,2.1780281e-6
7,0,0,0.3,0,640,38,1,0,0,0,14,4e-1,8e-1,9e-2,8.7885773e-1,4.936131133610961e-4,-1.0932316e-3,2.4931014e-1,2.396925e-6
7,0,0,0.3,0,680,25,1,0,0,0,15,2e-1,2e-1,9e-2,9.4965845e-1,1.7577952882421428e-4,-4.3099062e-4,6.68608e-2,1.3891017e-6
7,0,0,0.3,0,720,34,1,0,0,0,16,4e-1,6e-1,9e-2,8.133355e-1,1.871202187170277e-4,-1.097136e-3,1.1817031e0,5.093104e-7
7,0,0,0.3,0,760,33,1,0,0,0,17,2e-1,6e-1,9e-2,8.7885773e-1,5.5592233750286683e-5,-1.0246077e-3,7.1899444e-1,7.3006186e-7
7,0,0,0.3,0,800,26,1,0,0,0,18,4e-1,2e-1,9e-2,8.788578e-1,9.98792337339307e-5,2.936636e-4,5.00946e-2,8.607545e-7
7,0,0,0.3,0,840,28,1,0,0,0,19,8e-1,2e-1,9e-2,9.4965845e-1,4.090198216757232e-5,-4.266799e-4,2.5237218e-1,3.6068903e-7
7,0,0,0.3,0,880,19,1,0,0,0,20,6e-1,6e-1,1.4e-1,8.133354e-1,4.4910752853145116e-5,-3.804968e-4,7.840697e-1,9.232457e-8
7,0,0,0.3,0,920,22,1,0,1,0,21,4e-1,8e-1,1.4e-1,1e0,3.065931799001168e-5,2.4526083e-4,2.9331538e-1,1.0253959e-7
7,0,0,0.3,0,960,15,1,0,1,0,22,6e-1,4e-1,1.4e-1,1e0,3.8922257894709776e-5,3.312333e-4,9.916676e-1,5.531869e-8
7,0,0,0.3,0,1000,27,1,0,0,0,23,6e-1,2e-1,9e-2,8.7885773e-1,1.3729432950848993e-5,-4.4725498e-4,7.1911865e-1,1.3908485e-7
7,0,0,0.3,0,1040,21,1,0,0,0,24,2e-1,8e-1,1.4e-1,9.4965845e-1,1.3504665943393821e-5,-6.589582e-5,1.5379599e-1,1.4116947e-8
7,0,0,0.3,0,1080,11,0,0,1,0,25,6e-1,2e-1,1.4e-1,1e0,7.979370115051543e-6,9.9428595e-5,3.6944333e-1,1.3379651e-8
7,0,0,0.3,0,1120,35,0,0,1,0,25,6e-1,6e-1,9e-2,1e0,3.7192116995912686e-5,-7.502055e-4,2.8467536e0,9.88509e-8
7,0,0,0.3,0,1160,18,0,0,1,0,25,4e-1,6e-1,1.4e-1,1e0,1.6796933874314766e-5,8.75955e-4,1.4537183e0,2.6390848e-7
7,0,0,0.3,0,1200,18,0,1,2,0,25,4e-1,6e-1,1.4e-1,1e0,1.6426602210995563e-5,6.5003044e-4,1.450099e0,1.4569336e-7
7,0,0,0.3,1,1240,18,0,2,3,1,25,4e-1,6e-1,1.4e-1,1e0,1.6064602001998955e-5,3.7154788e-4,1.453783e0,4.7478824e-8
7,0,0,0.3,1,1280,35,0,1,2,1,25,6e-1,6e-1,9e-2,1e0,4.3268274385496535e-5,-1.568738e-3,2.8386095e0,4.3347615e-7
7,0,0,0.3,1,1320,35,0,2,3,1,25,6e-1,6e-1,9e-2,1e0,3.645971607398665e-5,-3.245904e-4,3.2274692e0,1.632222e-8
7,0,0,0.3,1,1360,23,0,0,1,0,25,6e-1,8e-1,1.4e-1,1e0,4.401210319434173e-5,5.5584016e-5,1.298631e-1,1.1895538e-8
7,0,0,0.3,1,1400,35,0,3,4,1,25,6e-1,6e-1,9e-2,1e0,3.666614352181131e-5,-3.4092958e-4,3.298407e0,1.7619563e-8
7,0,0,0.3,1,1440,36,0,0,0,0,25,8e-1,6e-1,9e-2,8.788577e-1,2.9159077590709346e-5,-2.615895e-4,8.492914e-1,4.028598e-8
7,0,0,0.3,1,1480,35,0,4,5,1,25,6e-1,6e-1,9e-2,1e0,3.6685135192307854e-5,-2.8611693e-4,3.3705904e0,1.2143703e-8
7,0,0,0.3,1,1520,18,0,3,4,1,25,4e-1,6e-1,1.4e-1,1e0,1.5367024331188018e-5,6.727955e-4,1.5103326e0,1.4985235e-7
7,0,0,0.3,1,1560,36,0,1,1,0,25,8e-1,6e-1,9e-2,8.788577e-1,3.131649371851021e-5,-6.541664e-4,8.8776124e-1,2.4101843e-7
7,0,0,0.3,1,1600,35,0,5,6,1,25,6e-1,6e-1,9e-2,1e0,3.981805131468899e-5,-1.0416169e-3,3.2711484e0,1.6583867e-7
7,0,0,0.3,1,1640,18,0,4,5,1,25,4e-1,6e-1,1.4e-1,1e0,1.494915533987724e-5,3.6839704e-4,1.5115505e0,4.48931e-8
7,0,0,0.3,1,1680,36,0,2,2,0,25,8e-1,6e-1,9e-2,8.788577e-1,3.047523795354316e-5,-4.612933e-4,8.849019e-1,1.2023452e-7
7,0,0,0.3,1,1720,36,0,3,3,0,25,8e-1,6e-1,9e-2,8.788577e-1,3.381936899905799e-5,-9.530345e-4,9.130863e-1,4.973652e-7
7,0,0,0.3,1,1760,36,0,4,4,0,25,8e-1,6e-1,9e-2,8.788577e-1,2.974075042864079e-5,-1.8788951e-4,8.7296075e-1,2.0219964e-8
7,0,0,0.3,1,1800,36,0,5,5,0,25,8e-1,6e-1,9e-2,8.788577e-1,3.047686780238466e-5,-4.612491e-4,8.933914e-1,1.1906916e-7
7,0,0,0.3,1,1840,35,0,6,7,1,25,6e-1,6e-1,9e-2,1e0,5.0875610187225444e-5,-2.1805542e-3,3.0654206e0,7.7555694e-7
7,0,0,0.3,1,1880,36,0,6,6,0,25,8e-1,6e-1,9e-2,8.788577e-1,3.0367479108651013e-5,-4.0772642e-4,8.937151e-1,9.300549e-8
7,0,0,0.3,1,1920,35,0,7,8,1,25,6e-1,6e-1,9e-2,1e0,4.194234902924421e-5,-1.3324937e-3,3.3361819e0,2.6610354e-7
7,0,0,0.3,1,1960,14,0,0,1,0,25,4e-1,4e-1,1.4e-1,1e0,1.1841267638689503e-5,-1.8283463e-4,9.2462826e-1,1.8076726e-8
7,0,0,0.3,1,2040,35,0,8,9,1,25,6e-1,6e-1,9e-2,1e0,4.3859885716256565e-5,-1.5716816e-3,3.2729108e0,3.773679e-7
7,0,0,0.3,1,2080,29,0,0,0,0,25,2e-1,4e-1,9e-2,8.788578e-1,1.4450819629398139e-5,-1.1135152e-4,9.012802e-1,6.878638e-9
7,0,0,0.3,1,2120,36,0,7,7,0,25,8e-1,6e-1,9e-2,8.788577e-1,3.191463118826566e-5,-7.105025e-4,9.165834e-1,2.7537797e-7
7,0,0,0.3,1,2160,35,0,9,10,1,25,6e-1,6e-1,9e-2,1e0,3.928131902186538e-5,-8.6089125e-4,3.5718772e0,1.0374569e-7
7,0,0,0.3,1,2200,36,0,8,8,0,25,8e-1,6e-1,9e-2,8.788577e-1,3.066277842370457e-5,-4.5018722e-4,9.101739e-1,1.1133506e-7
7,0,0,0.3,1,2240,36,0,9,9,0,25,8e-1,6e-1,9e-2,8.788577e-1,3.343810827651304e-5,-8.6598e-4,9.377795e-1,3.9983885e-7
7,0,0,0.3,1,2280,35,0,10,11,1,25,6e-1,6e-1,9e-2,1e0,3.9683438075299377e-5,-9.284376e-4,3.5655882e0,1.2087717e-7
7,0,0,0.3,1,2320,35,0,11,12,1,25,6e-1,6e-1,9e-2,1e0,3.962055173312572e-5,-9.203647e-4,3.6027865e0,1.1755778e-7
7,0,0,0.3,1,2400,20,0,0,10,0,25,8e-1,6e-1,1.4e-1,8.788577e-1,3.386530063652283e-5,9.668884e-4,1.363044e0,3.4293578e-7
7,0,0,0.3,2,2440,35,0,12,13,1,25,6e-1,6e-1,9e-2,1e0,3.777700749273618e-5,-3.9354042e-4,3.776029e0,2.050753e-8
7,0,0,0.3,2,2480,29,0,1,1,1,25,2e-1,4e-1,9e-2,8.788578e-1,1.346884176082931e-5,-1.00512196e-4,9.0104413e-1,5.606108e-9
7,0,0,0.3,2,2520,36,0,10,11,1,25,8e-1,6e-1,9e-2,8.788577e-1,3.0906534555737144e-5,-4.538643e-4,9.232445e-1,1.11559196e-7
7,0,0,0.3,2,2560,35,0,13,14,1,25,6e-1,6e-1,9e-2,1e0,4.486830157646531e-5,-1.6498945e-3,3.4765158e0,3.9150578e-7
7,0,0,0.3,2,2600,36,0,11,12,1,25,8e-1,6e-1,9e-2,8.788577e-1,3.5148467860985315e-5,-1.0291613e-3,9.6489215e-1,5.488556e-7
7,0,0,0.3,2,2640,36,0,12,13,1,25,8e-1,6e-1,9e-2,8.788577e-1,3.049868208671229e-5,-3.2066178e-4,9.097242e-1,5.6513823e-8
7,0,0,0.3,2,2680,35,0,14,15,1,25,6e-1,6e-1,9e-2,1e0,4.383698016917087e-5,-1.5455697e-3,3.5640361e0,3.3512367e-7
7,0,0,0.3,2,2720,36,0,13,14,1,25,8e-1,6e-1,9e-2,8.788577e-1,3.2205796359253986e-5,-6.911059e-4,9.414185e-1,2.536743e-7
7,0,0,0.3,2,2760,36,0,14,15,1,25,8e-1,6e-1,9e-2,8.788577e-1,3.017728614527546e-5,-1.3661e-4,9.0616906e-1,1.0297358e-8
7,0,0,0.3,2,2800,35,0,15,16,1,25,6e-1,6e-1,9e-2,1e0,3.9662609195634063e-5,-8.827062e-4,3.7537148e0,1.03786554e-7
7,0,0,0.3,2,2840,36,0,15,16,1,25,8e-1,6e-1,9e-2,8.788577e-1,3.172835084422312e-5,-6.005416e-4,9.384279e-1,1.9215658e-7
7,0,0,0.3,2,2880,18,0,5,6,1,25,4e-1,6e-1,1.4e-1,1e0,1.3672653736152038e-5,2.0062916e-4,1.5744677e0,1.2782753e-8
7,0,0,0.3,2,2920,36,0,16,17,1,25,8e-1,6e-1,9e-2,8.788577e-1,3.113995647929128e-5,-4.845822e-4,9.275272e-1,1.2658384e-7
7,0,0,0.3,2,2960,36,0,17,18,1,25,8e-1,6e-1,9e-2,8.788577e-1,3.5083475703248395e-5,-1.0174611e-3,9.699714e-1,5.336379e-7
7,0,0,0.3,2,3000,36,0,18,19,1,25,8e-1,6e-1,9e-2,8.788577e-1,3.037045315006921e-5,-1.4829049e-4,9.153839e-1,1.2011393e-8
7,0,0,0.3,2,3040,36,0,19,20,1,25,8e-1,6e-1,9e-2,8.788577e-1,3.250632734139673e-5,-7.050208e-4,9.4634145e-1,2.626189e-7
7,0,0,0.3,2,3080,35,0,16,17,1,25,6e-1,6e-1,9e-2,1e0,3.909233361236235e-5,-7.232232e-4,3.8386056e0,6.813045e-8
7,0,0,0.3,2,3120,36,0,20,21,1,25,8e-1,6e-1,9e-2,8.788577e-1,3.522440188137359e-5,-1.0250232e-3,9.800403e-1,5.360354e-7
7,0,0,0.3,2,3160,29,0,2,2,1,25,2e-1,4e-1,9e-2,8.788578e-1,1.2574776326072038e-5,-1.1092573e-4,8.9826983e-1,6.84901e-9
7,0,0,0.3,2,3200,35,0,17,18,1,25,6e-1,6e-1,9e-2,1e0,3.8352736089282966e-5,-4.2184227e-4,3.9763205e0,2.2376327e-8
7,0,0,0.3,2,3240,36,0,21,22,1,25,8e-1,6e-1,9e-2,8.788577e-1,3.1593300308957607e-5,-5.4087525e-4,9.4554913e-1,1.5469637e-7
7,0,0,0.3,2,3280,16,0,0,1,0,25,8e-1,4e-1,1.4e-1,1e0,1.0582946785666095e-5,8.029688e-5,5.8281755e-1,5.5313953e-9
7,0,0,0.3,2,3320,36,0,22,23,1,25,8e-1,6e-1,9e-2,8.788577e-1,3.225786957207608e-5,-6.533497e-4,9.53075e-1,2.2394134e-7
7,0,0,0.3,2,3360,36,0,23,24,1,25,8e-1,6e-1,9e-2,8.788577e-1,3.3932775259394854e-5,-8.7739783e-4,9.712475e-1,3.9630834e-7
7,0,0,0.3,2,3400,36,0,24,25,1,25,8e-1,6e-1,9e-2,8.788577e-1,3.194953053208217e-5,-5.9922296e-4,9.497896e-1,1.890251e-7
7,0,0,0.3,2,3440,36,0,25,26,1,25,8e-1,6e-1,9e-2,8.788577e-1,3.0663921320592084e-5,-2.9978275e-4,9.308232e-1,4.8274313e-8
7,0,0,0.3,2,3480,35,0,18,19,1,25,6e-1,6e-1,9e-2,1e0,4.36284106428414e-5,-1.4888727e-3,3.6654398e0,3.0238417e-7
7,0,0,0.3,2,3520,36,0,26,27,1,25,8e-1,6e-1,9e-2,8.788577e-1,3.106243929905051e-5,-4.2002028e-4,9.403202e-1,9.38069e-8
7,0,0,0.3,2,3560,35,0,19,20,1,25,6e-1,6e-1,9e-2,1e0,3.9753057737874246e-5,-8.261556e-4,3.9053462e0,8.738446e-8
7,0,0,0.3,2,3600,36,0,27,28,1,25,8e-1,6e-1,9e-2,8.788577e-1,3.235160932357031e-5,-6.6985533e-4,9.570952e-1,2.3441042e-7
7,0,1,0.0,0,1160,10,1,0,0,0,9,4e-1,2e-1,1.4e-1,8.788578e-1,4.674288226046908e-8,-8.670318e-5,3.8568828e-1,9.745488e-9
7,0,1,0.0,0,1200,9,1,0,0,0,10,2e-1,2e-1,1.4e-1,9.4965845e-1,2.3395623282866896e-7,1.17889416e-4,1.9424796e-1,3.5773645e-8
7,0,1,0.0,2,2440,16,1,0,0,0,11,8e-1,4e-1,1.4e-1,8.7885773e-1,2.2281249235652552e-7,1.1939313e-4,2.4792485e-1,2.8748067e-8
7,0,1,0.0,2,2480,14,1,0,0,0,12,4e-1,4e-1,1.4e-1,8.1333554e-1,4.807241938624037e-8,-1.1120766e-4,7.379681e-1,8.379185e-9
7,0,1,0.0,2,2520,20,1,0,0,0,13,8e-1,6e-1,1.4e-1,8.788577e-1,1.9915138123232342e-7,-1.2349455e-4,3.032404e-1,2.5146559e-8
7,0,1,0.0,2,3280,30,1,0,1,0,14,4e-1,4e-1,9e-2,1e0,1.7588317884843134e-7,-1.396135e-4,6.063383e-1,1.6073479e-8
7,0,1,0.0,2,3320,19,1,0,0,0,15,6e-1,6e-1,1.4e-1,8.133354e-1,3.381850708843948e-7,2.2560738e-4,6.2621284e-1,4.0640085e-8
7,0,1,0.0,2,3360,22,1,0,0,0,16,4e-1,8e-1,1.4e-1,8.7885773e-1,9.32019718716891e-8,-9.293365e-5,4.6340963e-1,9.318606e-9
7,0,1,0.0,2,3400,26,1,0,1,0,17,4e-1,2e-1,9e-2,1e0,1.2721491872665282e-7,-6.402104e-5,2.2347057e-1,9.170545e-9
7,0,1,0.3,0,440,40,1,0,0,0,9,8e-1,8e-1,9e-2,9.496584e-1,1.7097703749301258e-3,5.143053e-3,3.0190545e-1,4.3806747e-5
7,0,1,0.3,0,480,30,1,0,0,0,10,4e-1,4e-1,9e-2,8.1333554e-1,2.4062316851211616e-4,-6.4284e-3,1.1650392e0,1.7735167e-5
7,0,1,0.3,0,520,39,1,0,0,0,11,6e-1,8e-1,9e-2,8.788577e-1,5.695962119859655e-4,-3.1133546e-3,4.0604472e-1,1.1935848e-5
7,0,1,0.3,0,560,32,1,0,0,0,12,8e-1,4e-1,9e-2,8.7885773e-1,1.417433357339161e-4,2.523294e-3,6.5733486e-1,4.8430506e-6
7,0,1,0.3,0,600,31,1,0,0,0,13,6e-1,4e-1,9e-2,8.133355e-1,9.437903740724413e-5,2.294517e-3,1.2086179e0,2.1780281e-6
7,0,1,0.3,0,640,38,1,0,0,0,14,4e-1,8e-1,9e-2,8.7885773e-1,4.936131133610961e-4,-1.0932316e-3,2.4931014e-1,2.396925e-6
7,0,1,0.3,0,680,25,1,0,0,0,15,2e-1,2e-1,9e-2,9.4965845e-1,1.7577952882421428e-4,-4.3099062e-4,6.68608e-2,1.3891017e-6
7,0,1,0.3,0,720,34,1,0,0,0,16,4e-1,6e-1,9e-2,8.133355e-1,1.871202187170277e-4,-1.097136e-3,1.1817031e0,5.093104e-7
7,0,1,0.3,0,760,33,1,0,0,0,17,2e-1,6e-1,9e-2,8.7885773e-1,5.5592233750286683e-5,-1.0246077e-3,7.1899444e-1,7.3006186e-7
7,0,1,0.3,0,800,26,1,0,0,0,18,4e-1,2e-1,9e-2,8.788578e-1,9.98792337339307e-5,2.936636e-4,5.00946e-2,8.607545e-7
7,0,1,0.3,0,840,28,1,0,0,0,19,8e-1,2e-1,9e-2,9.4965845e-1,4.090198216757232e-5,-4.266799e-4,2.5237218e-1,3.6068903e-7
7,0,1,0.3,0,880,19,1,0,0,0,20,6e-1,6e-1,1.4e-1,8.133354e-1,4.4910752853145116e-5,-3.804968e-4,7.840697e-1,9.232457e-8
7,0,1,0.3,0,920,22,1,0,1,0,21,4e-1,8e-1,1.4e-1,1e0,3.065931799001168e-5,2.4526083e-4,2.9331538e-1,1.0253959e-7
7,0,1,0.3,0,960,15,1,0,1,0,22,6e-1,4e-1,1.4e-1,1e0,3.8922257894709776e-5,3.312333e-4,9.916676e-1,5.531869e-8
7,0,1,0.3,0,1000,27,1,0,0,0,23,6e-1,2e-1,9e-2,8.7885773e-1,1.3729432950848993e-5,-4.4725498e-4,7.1911865e-1,1.3908485e-7
7,0,1,0.3,0,1040,21,1,0,0,0,24,2e-1,8e-1,1.4e-1,9.4965845e-1,1.3504665943393821e-5,-6.589582e-5,1.5379599e-1,1.4116947e-8
7,0,1,0.3,0,1080,11,0,0,1,0,25,6e-1,2e-1,1.4e-1,1e0,7.979370115051543e-6,9.9428595e-5,3.6944333e-1,1.3379651e-8
7,0,1,0.3,0,1120,35,0,0,1,0,25,6e-1,6e-1,9e-2,1e0,3.7192116995912686e-5,-7.502055e-4,2.8467536e0,9.88509e-8
7,0,1,0.3,0,1160,18,0,0,1,0,25,4e-1,6e-1,1.4e-1,1e0,1.6796933874314766e-5,8.75955e-4,1.4537183e0,2.6390848e-7
7,0,1,0.3,0,1200,18,0,1,2,0,25,4e-1,6e-1,1.4e-1,1e0,1.6426602210995563e-5,6.5003044e-4,1.450099e0,1.4569336e-7
7,0,1,0.3,1,1240,35,0,1,2,1,25,6e-1,6e-1,9e-2,1e0,1.2071934117691176e-4,-2.8316602e-3,1.1162194e0,3.5917221e-6
7,0,1,0.3,1,1280,11,0,1,2,1,25,6e-1,2e-1,1.4e-1,1e0,1.0021628739681344e-4,2.4443804e-4,2.206924e-1,1.353693e-7
7,0,1,0.3,1,1320,9,0,0,1,0,25,2e-1,2e-1,1.4e-1,1e0,3.286844400390999e-5,-6.6894354e-5,1.5886992e-2,1.4083392e-7
7,0,1,0.3,1,1360,9,0,1,2,0,25,2e-1,2e-1,1.4e-1,1e0,3.0106031613907936e-5,-6.033478e-5,1.576988e-2,1.15418935e-7
7,0,1,0.3,1,1400,9,0,2,3,0,25,2e-1,2e-1,1.4e-1,1e0,2.824228175073647e-5,-5.415327e-5,1.5690304e-2,9.345188e-8
7,0,1,0.3,1,1440,9,0,3,4,0,25,2e-1,2e-1,1.4e-1,1e0,2.6984259654984696e-5,-4.8710543e-5,1.5632976e-2,7.58882e-8
7,0,1,0.3,1,1480,9,0,4,5,0,25,2e-1,2e-1,1.4e-1,1e0,2.6121079483805635e-5,-4.4009594e-5,1.5595766e-2,6.20952e-8
7,0,1,0.3,1,1520,9,0,5,6,0,25,2e-1,2e-1,1.4e-1,1e0,2.552559316377534e-5,-3.98828e-5,1.5573224e-2,5.1069637e-8
7,0,1,0.3,1,1560,35,0,2,3,1,25,6e-1,6e-1,9e-2,1e0,8.833310083240145e-5,-3.0306255e-4,1.074971e0,4.2720647e-8
7,0,1,0.3,1,1600,35,0,3,4,1,25,6e-1,6e-1,9e-2,1e0,8.872996947221756e-5,-3.2711288e-4,1.0815251e0,4.9468493e-8
7,0,1,0.3,1,1640,35,0,4,5,1,25,6e-1,6e-1,9e-2,1e0,8.922769007019268e-5,-3.4716062e-4,1.0876094e0,5.5406147e-8
7,0,1,0.3,1,1680,35,0,5,6,1,25,6e-1,6e-1,9e-2,1e0,8.979033197798528e-5,-3.6402972e-4,1.0931752e0,6.061135e-8
7,0,1,0.3,1,1720,35,0,6,7,1,25,6e-1,6e-1,9e-2,1e0,9.038973248033507e-5,-3.784829e-4,1.0982143e0,6.521919e-8
7,0,1,0.3,1,1760,35,0,7,8,1,25,6e-1,6e-1,9e-2,1e0,9.100773562513754e-5,-3.9081433e-4,1.1027398e0,6.925289e-8
7,0,1,0.3,1,1800,35,0,8,9,1,25,6e-1,6e-1,9e-2,1e0,9.162728854614032e-5,-4.0127104e-4,1.1067805e0,7.274181e-8
7,0,1,0.3,1,1840,35,0,9,10,1,25,6e-1,6e-1,9e-2,1e0,9.22413297566142e-5,-4.1020862e-4,1.1103721e0,7.57724e-8
7,0,1,0.3,1,1880,35,0,10,11,1,25,6e-1,6e-1,9e-2,1e0,9.283790505616852e-5,-4.1774273e-4,1.1135541e0,7.835676e-8
7,0,1,0.3,1,1920,35,0,11,12,1,25,6e-1,6e-1,9e-2,1e0,9.341454015294491e-5,-4.2430373e-4,1.1163633e0,8.063399e-8
7,0,1,0.3,1,1960,35,0,12,13,1,25,6e-1,6e-1,9e-2,1e0,9.396652998402833e-5,-4.2957556e-4,1.1188415e0,8.246707e-8
7,0,1,0.3,1,2000,35,0,13,14,1,25,6e-1,6e-1,9e-2,1e0,9.449112409927556e-5,-4.3430255e-4,1.1210252e0,8.412777e-8
7,0,1,0.3,1,2040,35,0,14,15,1,25,6e-1,6e-1,9e-2,1e0,9.498542085740014e-5,-4.38046e-4,1.1229485e0,8.5437705e-8
7,0,1,0.3,1,2080,35,0,15,16,1,25,6e-1,6e-1,9e-2,1e0,9.545008244168167e-5,-4.410205e-4,1.1246432e0,8.647146e-8
7,0,1,0.3,1,2120,35,0,16,17,1,25,6e-1,6e-1,9e-2,1e0,9.588429259290386e-5,-4.4373277e-4,1.1261364e0,8.742225e-8
7,0,1,0.3,1,2160,35,0,17,18,1,25,6e-1,6e-1,9e-2,1e0,9.628820255615377e-5,-4.4591748e-4,1.1274515e0,8.818224e-8
7,0,1,0.3,1,2200,35,0,18,19,1,25,6e-1,6e-1,9e-2,1e0,9.666368642160804e-5,-4.47692e-4,1.1286125e0,8.879404e-8
7,0,1,0.3,1,2240,35,0,19,20,1,25,6e-1,6e-1,9e-2,1e0,9.70091799651692e-5,-4.4921186e-4,1.1296407e0,8.9316586e-8
7,0,1,0.3,1,2280,35,0,20,21,1,25,6e-1,6e-1,9e-2,1e0,9.732723024965585e-5,-4.5046673e-4,1.1305481e0,8.97442e-8
7,0,1,0.3,1,2320,35,0,21,22,1,25,6e-1,6e-1,9e-2,1e0,9.761912337013255e-5,-4.5154124e-4,1.1313554e0,9.010851e-8
7,0,1,0.3,1,2360,35,0,22,23,1,25,6e-1,6e-1,9e-2,1e0,9.788687477154767e-5,-4.523257e-4,1.1320728e0,9.036457e-8
7,0,1,0.3,1,2400,35,0,23,24,1,25,6e-1,6e-1,9e-2,1e0,9.813000592681362e-5,-4.5305412e-4,1.1327109e0,9.060477e-8
7,0,1,0.3,2,2440,17,0,0,1,0,25,2e-1,6e-1,1.4e-1,1e0,3.3268435698107277e-4,-1.3241874e-2,6.045856e0,1.4501439e-5
7,0,1,0.3,2,2480,9,0,6,7,1,25,2e-1,2e-1,1.4e-1,1e0,2.620907287487482e-3,-8.811137e-4,5.652402e-1,6.867535e-7
7,0,1,0.3,2,2520,13,0,0,0,0,25,2e-1,4e-1,1.4e-1,8.788578e-1,7.915031647114829e-4,5.670922e-4,2.4710056e-1,6.507342e-7
7,0,1,0.3,2,2560,13,0,1,1,0,25,2e-1,4e-1,1.4e-1,8.788578e-1,7.756687396239028e-4,5.607007e-4,2.0159085e-1,7.797608e-7
7,0,1,0.3,2,2600,13,0,2,2,0,25,2e-1,4e-1,1.4e-1,8.788578e-1,7.70493820542905e-4,5.6652335e-4,1.8545128e-1,8.653181e-7
7,0,1,0.3,2,2640,13,0,3,3,0,25,2e-1,4e-1,1.4e-1,8.788578e-1,7.708813608983779e-4,5.708779e-4,1.79767e-1,9.0645557e-7
7,0,1,0.3,2,2680,13,0,4,4,0,25,2e-1,4e-1,1.4e-1,8.788578e-1,7.735250338250931e-4,5.6158716e-4,1.7767845e-1,8.875025e-7
7,0,1,0.3,2,2720,13,0,5,5,0,25,2e-1,4e-1,1.4e-1,8.788578e-1,7.771152486532847e-4,5.333305e-4,1.7735991e-1,8.0187624e-7
7,0,1,0.3,2,2760,13,0,6,6,0,25,2e-1,4e-1,1.4e-1,8.788578e-1,7.801502551325832e-4,4.887904e-4,1.7899078e-1,6.673976e-7
7,0,1,0.3,2,2800,13,0,7,7,0,25,2e-1,4e-1,1.4e-1,8.788578e-1,7.796301671349618e-4,4.4262226e-4,1.8356207e-1,5.3364636e-7
7,0,1,0.3,2,2840,13,0,8,8,0,25,2e-1,4e-1,1.4e-1,8.788578e-1,7.741922917006605e-4,4.0762383e-4,1.9133022e-1,4.342157e-7
7,0,1,0.3,2,2880,13,0,9,9,0,25,2e-1,4e-1,1.4e-1,8.788578e-1,7.660713635453223e-4,3.8456297e-4,2.0121247e-1,3.674938e-7
7,0,1,0.3,2,2920,13,0,10,10,0,25,2e-1,4e-1,1.4e-1,8.788578e-1,7.575588892723014e-4,3.694544e-4,2.1183635e-1,3.2217457e-7
7,0,1,0.3,2,2960,13,0,11,11,0,25,2e-1,4e-1,1.4e-1,8.788578e-1,7.495311853224553e-4,3.5896848e-4,2.223348e-1,2.8978454e-7
7,0,1,0.3,2,3000,13,0,12,12,0,25,2e-1,4e-1,1.4e-1,8.788578e-1,7.422023678976141e-4,3.5127485e-4,2.3229264e-1,2.6560036e-7
7,0,1,0.3,2,3040,13,0,13,13,0,25,2e-1,4e-1,1.4e-1,8.788578e-1,7.355777889394443e-4,3.4526543e-4,2.4151978e-1,2.467877e-7
7,0,1,0.3,2,3080,13,0,14,14,0,25,2e-1,4e-1,1.4e-1,8.788578e-1,7.295911924478362e-4,3.4030463e-4,2.4993286e-1,2.3167671e-7
7,0,1,0.3,2,3120,13,0,15,15,0,25,2e-1,4e-1,1.4e-1,8.788578e-1,7.241591005435912e-4,3.3600695e-4,2.5750157e-1,2.1922327e-7
7,0,1,0.3,2,3160,13,0,16,16,0,25,2e-1,4e-1,1.4e-1,8.788578e-1,7.191990818208683e-4,3.3217605e-4,2.6422352e-1,2.0880225e-7
7,0,1,0.3,2,3200,13,0,17,17,0,25,2e-1,4e-1,1.4e-1,8.788578e-1,7.146378026638439e-4,3.285883e-4,2.7011582e-1,1.9985922e-7
7,0,1,0.3,2,3240,13,0,18,18,0,25,2e-1,4e-1,1.4e-1,8.788578e-1,7.10413871009196e-4,3.2521173e-4,2.752017e-1,1.9215483e-7
7,0,1,0.3,2,3280,13,0,19,19,0,25,2e-1,4e-1,1.4e-1,8.788578e-1,7.064740928874882e-4,3.218968e-4,2.795172e-1,1.8535094e-7
7,0,1,0.3,2,3320,13,0,20,20,0,25,2e-1,4e-1,1.4e-1,8.788578e-1,7.027753064786169e-4,3.186232e-4,2.831008e-1,1.7930141e-7
7,0,1,0.3,2,3360,13,0,21,21,0,25,2e-1,4e-1,1.4e-1,8.788578e-1,6.992794162187739e-4,3.154373e-4,2.859935e-1,1.7395621e-7
7,0,1,0.3,2,3400,13,0,22,22,0,25,2e-1,4e-1,1.4e-1,8.788578e-1,6.959565908757849e-4,3.121213e-4,2.8823996e-1,1.6899062e-7
7,0,1,0.3,2,3440,13,0,23,23,0,25,2e-1,4e-1,1.4e-1,8.788578e-1,6.927795139895609e-4,3.088252e-4,2.898823e-1,1.6450298e-7
7,0,1,0.3,2,3480,13,0,24,24,0,25,2e-1,4e-1,1.4e-1,8.788578e-1,6.89724299125354e-4,3.055497e-4,2.9096428e-1,1.6043315e-7
7,0,1,0.3,2,3520,13,0,25,25,0,25,2e-1,4e-1,1.4e-1,8.788578e-1,6.867714911105954e-4,3.0224991e-4,2.9152587e-1,1.5668422e-7
7,0,1,0.3,2,3560,13,0,26,26,0,25,2e-1,4e-1,1.4e-1,8.788578e-1,6.839014610936129e-4,2.9888382e-4,2.916082e-1,1.5317049e-7
7,0,1,0.3,2,3600,13,0,27,27,0,25,2e-1,4e-1,1.4e-1,8.788578e-1,6.810987565383337e-4,2.9550347e-4,2.9124245e-1,1.4991342e-7
7,1,0,0.0,0,440,30,1,0,0,0,9,4e-1,4e-1,9e-2,8.1333554e-1,1.9065415200819253e-3,-1.8076159e-2,9.77867e-1,1.6707156e-4
7,1,0,0.0,0,480,35,1,0,0,0,10,6e-1,6e-1,9e-2,8.133354e-1,6.517788206895222e-4,7.535179e-3,6.346703e-1,4.4731038e-5
7,1,0,0.0,0,520,33,1,0,0,0,11,2e-1,6e-1,9e-2,8.7885773e-1,2.712534973994072e-6,-4.897208e-4,8.5001624e-1,1.4107168e-7
7,1,0,0.0,0,560,17,1,0,1,0,12,2e-1,6e-1,1.4e-1,1e0,9.145854310106734e-8,1.6721374e-4,5.517961e-1,2.5335842e-8
7,1,0,0.0,0,600,21,1,0,0,0,13,2e-1,8e-1,1.4e-1,9.4965845e-1,7.117175394912656e-8,-5.4946202e-5,1.8747866e-1,8.05181e-9
7,1,0,0.0,1,1240,9,1,0,0,0,14,2e-1,2e-1,1.4e-1,9.4965845e-1,1.2565370807336491e-6,2.526032e-4,2.492074e-1,1.2802263e-7
7,1,0,0.0,1,1280,25,1,0,1,0,15,2e-1,2e-1,9e-2,1e0,1.7011239433280142e-7,-3.7616526e-5,6.4911485e-2,1.0899481e-8
7,1,0,0.0,1,2080,10,1,0,0,0,16,4e-1,2e-1,1.4e-1,8.788578e-1,5.631100710571825e-7,-1.8996795e-4,3.2010674e-1,5.636842e-8
7,1,0,0.0,1,2120,14,1,0,1,0,17,4e-1,4e-1,1.4e-1,1e0,7.876916899417644e-8,9.763325e-5,6.2631476e-1,7.609794e-9
7,1,0,0.0,2,2640,26,1,0,1,0,18,4e-1,2e-1,9e-2,1e0,2.8410679540895485e-7,-4.8579925e-5,6.0941696e-2,1.9362844e-8
7,1,0,0.0,2,2680,37,1,0,1,0,19,2e-1,8e-1,9e-2,1e0,1.311280087140643e-7,-2.0462476e-5,3.5157155e-2,5.954875e-9
7,1,0,0.0,2,3080,22,1,0,0,0,20,4e-1,8e-1,1.4e-1,8.7885773e-1,3.0855699923589404e-7,-8.763182e-5,2.9978698e-1,1.28079884e-8
7,1,0,0.0,2,3360,38,1,0,1,0,21,4e-1,8e-1,9e-2,1e0,8.829360950129238e-6,3.6913133e-4,2.3757432e-1,2.8676908e-7
7,1,0,0.0,2,3400,19,1,0,1,0,22,6e-1,6e-1,1.4e-1,1e0,1.7412254880851103e-7,2.0223869e-4,7.7144325e-1,2.6509072e-8
7,1,0,0.0,2,3440,23,1,0,0,0,23,6e-1,8e-1,1.4e-1,8.788577e-1,4.114039408438781e-8,6.3193766e-5,3.178727e-1,6.281527e-9
7,1,0,0.3,0,440,30,1,0,0,0,9,4e-1,4e-1,9e-2,8.1333554e-1,3.037214042746994e-3,-2.4864523e-2,1.1117694e0,2.7804528e-4
7,1,0,0.3,0,480,40,1,0,0,0,10,8e-1,8e-1,9e-2,9.496584e-1,2.0118131343780064e-3,5.1095923e-3,3.3296847e-1,3.9204813e-5
7,1,0,0.3,0,520,35,1,0,0,0,11,6e-1,6e-1,9e-2,8.133354e-1,9.558743408298017e-4,8.049958e-3,7.7952677e-1,4.1564854e-5
7,1,0,0.3,0,560,32,1,0,0,0,12,8e-1,4e-1,9e-2,8.7885773e-1,1.561111608773791e-4,2.826858e-3,6.304917e-1,6.3372186e-6
7,1,0,0.3,0,600,39,1,0,0,0,13,6e-1,8e-1,9e-2,8.788577e-1,2.2302856160038746e-4,-7.0515624e-4,1.2975255e-1,1.9161293e-6
7,1,0,0.3,0,640,37,1,0,0,0,14,2e-1,8e-1,9e-2,9.4965845e-1,1.0842202414899866e-4,3.5253924e-4,2.1585114e-2,2.8789266e-6
7,1,0,0.3,0,680,25,1,0,0,0,15,2e-1,2e-1,9e-2,9.4965845e-1,8.245471755251345e-5,-3.9122667e-4,8.303249e-2,9.216772e-7
7,1,0,0.3,0,720,27,1,0,0,0,16,6e-1,2e-1,9e-2,8.7885773e-1,6.497554616752163e-5,-1.0426244e-3,7.5601757e-1,7.1894203e-7
7,1,0,0.3,0,760,38,1,0,0,0,17,4e-1,8e-1,9e-2,8.7885773e-1,1.613497124915631e-4,-4.4041657e-4,2.2535e-1,4.3036775e-7
7,1,0,0.3,0,800,26,1,0,0,0,18,4e-1,2e-1,9e-2,8.788578e-1,3.5805907991324943e-5,1.0380216e-4,4.8827298e-2,1.1033672e-7
7,1,0,0.3,0,840,28,1,0,0,0,19,8e-1,2e-1,9e-2,9.4965845e-1,1.7178768585261946e-5,-2.770496e-4,2.546327e-1,1.5072e-7
7,1,0,0.3,0,880,34,1,0,0,0,20,4e-1,6e-1,9e-2,8.133355e-1,1.3523757576857766e-4,-4.0580312e-4,9.052244e-1,9.095876e-8
7,1,0,0.3,0,920,11,1,0,1,0,21,6e-1,2e-1,1.4e-1,1e0,2.385097295306551e-5,2.610169e-4,3.7126637e-1,9.175328e-8
7,1,0,0.3,0,960,10,1,0,1,0,22,4e-1,2e-1,1.4e-1,1e0,3.3785613829177275e-5,-1.4851124e-4,3.3607918e-1,3.2813084e-8
7,1,0,0.3,0,1000,15,1,0,0,0,23,6e-1,4e-1,1.4e-1,8.133355e-1,3.227725589297348e-5,1.5126268e-4,7.31026e-1,1.564951e-8
7,1,0,0.3,0,1040,31,1,0,1,0,24,6e-1,4e-1,9e-2,1e0,2.2557726668910047e-5,-3.033437e-4,1.0229689e0,4.4975657e-8
7,1,0,0.3,0,1080,9,0,0,1,0,25,2e-1,2e-1,1.4e-1,1e0,2.4698890509189554e-5,5.6747907e-5,2.3685357e-1,6.7981345e-9
7,1,0,0.3,0,1120,22,0,0,1,0,25,4e-1,8e-1,1.4e-1,1e0,6.005695387532119e-5,5.4483146e-5,2.4450925e-1,6.070145e-9
7,1,0,0.3,1,1680,33,0,0,0,0,25,2e-1,6e-1,9e-2,8.7885773e-1,1.7643952227440348e-5,-9.7176366e-5,7.5633174e-1,6.242794e-9
7,1,0,0.3,1,1720,33,0,1,1,0,25,2e-1,6e-1,9e-2,8.7885773e-1,1.7563799326218453e-5,-8.9258254e-5,7.569067e-1,5.262892e-9
7,1,0,0.3,1,1880,14,0,0,1,0,25,4e-1,4e-1,1.4e-1,1e0,3.844608004564719e-5,1.3757152e-4,5.777503e-1,1.6378982e-8
7,1,0,0.3,1,2080,20,0,0,0,0,25,8e-1,6e-1,1.4e-1,8.788577e-1,4.475415427765487e-5,6.161096e-5,3.536139e-1,5.3673097e-9
7,1,0,0.3,1,2240,16,0,0,1,0,25,8e-1,4e-1,1.4e-1,1e0,1.0304441319775852e-5,-1.1453318e-4,6.2097883e-1,1.05622355e-8
7,1,0,0.3,2,2440,14,0,1,2,1,25,4e-1,4e-1,1.4e-1,1e0,3.973711182689806e-5,-5.37173e-4,5.788987e-1,2.4922738e-7
7,1,0,0.3,2,2480,16,0,1,2,1,25,8e-1,4e-1,1.4e-1,1e0,9.860097772637599e-6,-1.16119525e-4,6.204766e-1,1.0865635e-8
7,1,0,0.3,2,2680,16,0,2,3,1,25,8e-1,4e-1,1.4e-1,1e0,1.0110549001634345e-5,1.9087754e-4,6.1806524e-1,2.9474426e-8
7,1,0,0.3,2,2840,16,0,3,4,1,25,8e-1,4e-1,1.4e-1,1e0,9.850658385322496e-6,-2.1943226e-4,6.218932e-1,3.8712848e-8
7,1,0,0.3,2,2960,19,0,0,1,0,25,6e-1,6e-1,1.4e-1,1e0,6.913557613117267e-5,-1.0343205e-4,5.943527e-1,8.999866e-9
7,1,0,0.3,2,3000,16,0,4,5,1,25,8e-1,4e-1,1.4e-1,1e0,9.613997147309062e-6,-1.6092352e-4,6.2144715e-1,2.0835543e-8
7,1,0,0.3,2,3040,14,0,2,3,1,25,4e-1,4e-1,1.4e-1,1e0,3.730734733290696e-5,2.285511e-4,5.757414e-1,4.5363773e-8
7,1,0,0.3,2,3080,33,0,2,2,1,25,2e-1,6e-1,9e-2,8.7885773e-1,1.6272760536480828e-5,-9.5130614e-5,7.6344484e-1,5.9269727e-9
7,1,0,0.3,2,3120,18,0,0,1,0,25,4e-1,6e-1,1.4e-1,1e0,5.4276941678946944e-5,2.833708e-4,8.216705e-1,4.8863274e-8
7,1,0,0.3,2,3200,13,0,0,0,0,25,2e-1,4e-1,1.4e-1,8.788578e-1,1.9491194724912935e-5,-9.852373e-5,4.7656474e-1,1.0184267e-8
7,1,0,0.3,2,3240,18,0,1,2,0,25,4e-1,6e-1,1.4e-1,1e0,5.4149766992141734e-5,1.4595146e-4,8.230768e-1,1.2940366e-8
7,1,0,0.3,2,3320,19,0,1,2,0,25,6e-1,6e-1,1.4e-1,1e0,6.891962061078993e-5,2.0904942e-4,5.96378e-1,3.663923e-8
7,1,0,0.3,2,3360,22,0,1,2,1,25,4e-1,8e-1,1.4e-1,1e0,6.697726735412874e-5,6.683782e-5,2.1413963e-1,1.0430798e-8
7,1,0,0.3,2,3440,19,0,2,3,0,25,6e-1,6e-1,1.4e-1,1e0,6.927997078044399e-5,-1.0902313e-4,5.946813e-1,9.993625e-9
7,1,0,0.3,2,3480,16,0,5,6,1,25,8e-1,4e-1,1.4e-1,1e0,9.92709181550018e-6,1.5528372e-4,6.219409e-1,1.938531e-8
7,1,0,0.3,2,3560,14,0,3,4,1,25,4e-1,4e-1,1.4e-1,1e0,3.717956966414366e-5,2.179307e-4,5.762003e-1,4.1212918e-8
7,1,0,0.3,2,3600,18,0,2,3,0,25,4e-1,6e-1,1.4e-1,1e0,5.408538452024618e-5,2.1876498e-4,8.227998e-1,2.9082479e-8
7,1,1,0.0,0,440,30,1,0,0,0,9,4e-1,4e-1,9e-2,8.1333554e-1,1.9065415200819253e-3,-1.8076159e-2,9.77867e-1,1.6707156e-4
7,1,1,0.0,0,480,35,1,0,0,0,10,6e-1,6e-1,9e-2,8.133354e-1,6.517788206895222e-4,7.535179e-3,6.346703e-1,4.4731038e-5
7,1,1,0.0,0,520,33,1,0,0,0,11,2e-1,6e-1,9e-2,8.7885773e-1,2.712534973994072e-6,-4.897208e-4,8.5001624e-1,1.4107168e-7
7,1,1,0.0,0,560,17,1,0,1,0,12,2e-1,6e-1,1.4e-1,1e0,9.145854310106734e-8,1.6721374e-4,5.517961e-1,2.5335842e-8
7,1,1,0.0,0,600,21,1,0,0,0,13,2e-1,8e-1,1.4e-1,9.4965845e-1,7.117175394912656e-8,-5.4946202e-5,1.8747866e-1,8.05181e-9
7,1,1,0.0,1,2000,19,1,0,1,0,14,6e-1,6e-1,1.4e-1,1e0,1.0102476058379477e-7,2.0945558e-4,1.1018615e0,1.9907965e-8
7,1,1,0.0,1,2040,18,1,0,0,0,15,4e-1,6e-1,1.4e-1,8.133355e-1,5.567407782369137e-7,-2.654871e-4,8.155839e-1,4.3210388e-8
7,1,1,0.0,1,2080,16,1,0,0,0,16,8e-1,4e-1,1.4e-1,8.7885773e-1,8.882769939971184e-8,-8.548269e-5,5.1489913e-1,7.095846e-9
7,1,1,0.0,1,2120,32,1,0,1,0,17,8e-1,4e-1,9e-2,1e0,1.6551641785558995e-7,-1.577022e-4,6.713352e-1,1.8522776e-8
7,1,1,0.0,2,2560,34,1,0,1,0,18,4e-1,6e-1,9e-2,1e0,1.3685539973443875e-6,4.795597e-4,1.2126307e0,9.4825864e-8
7,1,1,0.0,2,2600,14,1,0,1,0,19,4e-1,4e-1,1.4e-1,1e0,4.1872951581611305e-7,-2.7035736e-4,4.1661695e-1,8.7722185e-8
7,1,1,0.0,2,3120,20,1,0,0,0,20,8e-1,6e-1,1.4e-1,8.788577e-1,8.465580100146206e-7,2.9020762e-4,2.222262e-1,1.8949265e-7
7,1,1,0.0,2,3160,15,1,0,0,0,21,6e-1,4e-1,1.4e-1,8.133355e-1,4.4035314274312054e-8,-8.785877e-5,6.6020536e-1,5.8460317e-9
7,1,1,0.0,2,3200,22,1,0,0,0,22,4e-1,8e-1,1.4e-1,8.7885773e-1,3.772684931936731e-8,-9.589512e-5,4.7727844e-1,9.633657e-9
7,1,1,0.0,2,3240,37,1,0,1,0,23,2e-1,8e-1,9e-2,1e0,1.878223110914507e-7,1.1873991e-4,3.5042018e-1,2.0117515e-8
7,1,1,0.0,2,3280,38,1,0,1,0,24,4e-1,8e-1,9e-2,1e0,7.352738973821324e-8,1.4577043e-4,1.0814221e0,9.824573e-9
7,1,1,0.0,2,3320,10,0,0,0,0,25,4e-1,2e-1,1.4e-1,8.788578e-1,1.1707692466211738e-7,8.8115776e-5,3.8443872e-1,1.0098345e-8
7,1,1,0.3,0,440,30,1,0,0,0,9,4e-1,4e-1,9e-2,8.1333554e-1,3.037214042746994e-3,-2.4864523e-2,1.1117694e0,2.7804528e-4
7,1,1,0.3,0,480,40,1,0,0,0,10,8e-1,8e-1,9e-2,9.496584e-1,2.0118131343780064e-3,5.1095923e-3,3.3296847e-1,3.9204813e-5
7,1,1,0.3,0,520,35,1,0,0,0,11,6e-1,6e-1,9e-2,8.133354e-1,9.558743408298017e-4,8.049958e-3,7.7952677e-1,4.1564854e-5
7,1,1,0.3,0,560,32,1,0,0,0,12,8e-1,4e-1,9e-2,8.7885773e-1,1.561111608773791e-4,2.826858e-3,6.304917e-1,6.3372186e-6
7,1,1,0.3,0,600,39,1,0,0,0,13,6e-1,8e-1,9e-2,8.788577e-1,2.2302856160038746e-4,-7.0515624e-4,1.2975255e-1,1.9161293e-6
7,1,1,0.3,0,640,37,1,0,0,0,14,2e-1,8e-1,9e-2,9.4965845e-1,1.0842202414899866e-4,3.5253924e-4,2.1585114e-2,2.8789266e-6
7,1,1,0.3,0,680,25,1,0,0,0,15,2e-1,2e-1,9e-2,9.4965845e-1,8.245471755251345e-5,-3.9122667e-4,8.303249e-2,9.216772e-7
7,1,1,0.3,0,720,27,1,0,0,0,16,6e-1,2e-1,9e-2,8.7885773e-1,6.497554616752163e-5,-1.0426244e-3,7.5601757e-1,7.1894203e-7
7,1,1,0.3,0,760,38,1,0,0,0,17,4e-1,8e-1,9e-2,8.7885773e-1,1.613497124915631e-4,-4.4041657e-4,2.2535e-1,4.3036775e-7
7,1,1,0.3,0,800,26,1,0,0,0,18,4e-1,2e-1,9e-2,8.788578e-1,3.5805907991324943e-5,1.0380216e-4,4.8827298e-2,1.1033672e-7
7,1,1,0.3,0,840,28,1,0,0,0,19,8e-1,2e-1,9e-2,9.4965845e-1,1.7178768585261946e-5,-2.770496e-4,2.546327e-1,1.5072e-7
7,1,1,0.3,0,880,34,1,0,0,0,20,4e-1,6e-1,9e-2,8.133355e-1,1.3523757576857766e-4,-4.0580312e-4,9.052244e-1,9.095876e-8
7,1,1,0.3,0,920,11,1,0,1,0,21,6e-1,2e-1,1.4e-1,1e0,2.385097295306551e-5,2.610169e-4,3.7126637e-1,9.175328e-8
7,1,1,0.3,0,960,10,1,0,1,0,22,4e-1,2e-1,1.4e-1,1e0,3.3785613829177275e-5,-1.4851124e-4,3.3607918e-1,3.2813084e-8
7,1,1,0.3,0,1000,15,1,0,0,0,23,6e-1,4e-1,1.4e-1,8.133355e-1,3.227725589297348e-5,1.5126268e-4,7.31026e-1,1.564951e-8
7,1,1,0.3,0,1040,31,1,0,1,0,24,6e-1,4e-1,9e-2,1e0,2.2557726668910047e-5,-3.033437e-4,1.0229689e0,4.4975657e-8
7,1,1,0.3,0,1080,9,0,0,1,0,25,2e-1,2e-1,1.4e-1,1e0,2.4698890509189554e-5,5.6747907e-5,2.3685357e-1,6.7981345e-9
7,1,1,0.3,0,1120,22,0,0,1,0,25,4e-1,8e-1,1.4e-1,1e0,6.005695387532119e-5,5.4483146e-5,2.4450925e-1,6.070145e-9
7,1,1,0.3,1,1240,36,0,0,0,0,25,8e-1,6e-1,9e-2,8.788577e-1,4.0978371723286256e-4,1.7435106e-3,5.5192137e-1,2.7538608e-6
7,1,1,0.3,1,1280,36,0,1,1,0,25,8e-1,6e-1,9e-2,8.788577e-1,2.8178161594660957e-4,8.076938e-4,6.1296624e-1,5.321413e-7
7,1,1,0.3,1,1320,22,0,1,2,1,25,4e-1,8e-1,1.4e-1,1e0,7.643730704295328e-5,6.4937014e-4,4.2954582e-1,4.908458e-7
7,1,1,0.3,1,1360,22,0,2,3,1,25,4e-1,8e-1,1.4e-1,1e0,7.552915172471859e-5,6.495373e-4,4.2660096e-1,4.944887e-7
7,1,1,0.3,1,1400,22,0,3,4,1,25,4e-1,8e-1,1.4e-1,1e0,7.558513260864217e-5,6.5137114e-4,4.241409e-1,5.001691e-7
7,1,1,0.3,1,1440,22,0,4,5,1,25,4e-1,8e-1,1.4e-1,1e0,7.575996800794696e-5,6.4806774e-4,4.221015e-1,4.97501e-7
7,1,1,0.3,1,1480,22,0,5,6,1,25,4e-1,8e-1,1.4e-1,1e0,7.583412554632848e-5,6.423665e-4,4.2041832e-1,4.90743e-7
7,1,1,0.3,1,1520,22,0,6,7,1,25,4e-1,8e-1,1.4e-1,1e0,7.577582761528835e-5,6.358435e-4,4.1901278e-1,4.824399e-7
7,1,1,0.3,1,1560,22,0,7,8,1,25,4e-1,8e-1,1.4e-1,1e0,7.560880637102434e-5,6.294132e-4,4.1782317e-1,4.740773e-7
7,1,1,0.3,1,1600,22,0,8,9,1,25,4e-1,8e-1,1.4e-1,1e0,7.535953306931957e-5,6.235981e-4,4.1679972e-1,4.6650055e-7
7,1,1,0.3,1,1640,22,0,9,10,1,25,4e-1,8e-1,1.4e-1,1e0,7.505746851260405e-5,6.1854476e-4,4.1590294e-1,4.5996023e-7
7,1,1,0.3,1,1680,22,0,10,11,1,25,4e-1,8e-1,1.4e-1,1e0,7.471930866732105e-5,6.142539e-4,4.1510147e-1,4.544767e-7
7,1,1,0.3,1,1720,22,0,11,12,1,25,4e-1,8e-1,1.4e-1,1e0,7.436227549768705e-5,6.1046873e-4,4.1436705e-1,4.4968837e-7
7,1,1,0.3,1,1760,22,0,12,13,1,25,4e-1,8e-1,1.4e-1,1e0,7.39944957016372e-5,6.0712127e-4,4.1367915e-1,4.455098e-7
7,1,1,0.3,1,1800,22,0,13,14,1,25,4e-1,8e-1,1.4e-1,1e0,7.362455335040688e-5,6.041325e-4,4.1302058e-1,4.418376e-7
7,1,1,0.3,1,1840,22,0,14,15,1,25,4e-1,8e-1,1.4e-1,1e0,7.325491750725482e-5,6.0125627e-4,4.123791e-1,4.3832134e-7
7,1,1,0.3,1,1880,22,0,15,16,1,25,4e-1,8e-1,1.4e-1,1e0,7.288685331426835e-5,5.9858535e-4,4.117462e-1,4.351035e-7
7,1,1,0.3,1,1920,22,0,16,17,1,25,4e-1,8e-1,1.4e-1,1e0,7.252272279973587e-5,5.959386e-4,4.1111648e-1,4.3192478e-7
7,1,1,0.3,1,1960,22,0,17,18,1,25,4e-1,8e-1,1.4e-1,1e0,7.216138123023414e-5,5.933312e-4,4.1048518e-1,4.2881194e-7
7,1,1,0.3,1,2000,22,0,18,19,1,25,4e-1,8e-1,1.4e-1,1e0,7.180473738608593e-5,5.9070287e-4,4.0985084e-1,4.2567913e-7
7,1,1,0.3,1,2040,22,0,19,20,1,25,4e-1,8e-1,1.4e-1,1e0,7.145132794989125e-5,5.8809854e-4,4.0921327e-1,4.2259123e-7
7,1,1,0.3,1,2080,22,0,20,21,1,25,4e-1,8e-1,1.4e-1,1e0,7.110072097338963e-5,5.8540417e-4,4.0857068e-1,4.1938648e-7
7,1,1,0.3,1,2120,22,0,21,22,1,25,4e-1,8e-1,1.4e-1,1e0,7.075040972908197e-5,5.8273715e-4,4.079245e-1,4.1623215e-7
7,1,1,0.3,1,2160,22,0,22,23,1,25,4e-1,8e-1,1.4e-1,1e0,7.040374747295538e-5,5.800407e-4,4.0727434e-1,4.1304736e-7
7,1,1,0.3,1,2200,22,0,23,24,1,25,4e-1,8e-1,1.4e-1,1e0,7.005620143588839e-5,5.7739334e-4,4.066224e-1,4.0994183e-7
7,1,1,0.3,1,2240,22,0,24,25,1,25,4e-1,8e-1,1.4e-1,1e0,6.970984142302863e-5,5.74652e-4,4.059681e-1,4.0671287e-7
7,1,1,0.3,1,2280,22,0,25,26,1,25,4e-1,8e-1,1.4e-1,1e0,6.936475981951431e-5,5.719091e-4,4.053113e-1,4.034924e-7
7,1,1,0.3,1,2320,22,0,26,27,1,25,4e-1,8e-1,1.4e-1,1e0,6.90188470996152e-5,5.6903146e-4,4.0465388e-1,4.0009107e-7
7,1,1,0.3,1,2360,22,0,27,28,1,25,4e-1,8e-1,1.4e-1,1e0,6.867192208246547e-5,5.663249e-4,4.0399763e-1,3.9693785e-7
7,1,1,0.3,1,2400,22,0,28,29,1,25,4e-1,8e-1,1.4e-1,1e0,6.832587193169046e-5,5.63395e-4,4.0333992e-1,3.9348188e-7
7,1,1,0.3,2,2440,36,0,2,2,1,25,8e-1,6e-1,9e-2,8.788577e-1,1.1843601369066904e-3,6.0765445e-4,1.3065942e-2,1.4130016e-5
7,1,1,0.3,2,2480,20,0,0,3,0,25,8e-1,6e-1,1.4e-1,8.788577e-1,1.3884793941032022e-4,-8.885729e-4,1.9113937e-1,2.0654086e-6
7,1,1,0.3,2,2520,14,0,0,1,0,25,4e-1,4e-1,1.4e-1,1e0,2.457284971726235e-4,3.5937878e-4,2.9753435e-1,2.1703899e-7
7,1,1,0.3,2,2560,36,0,3,4,1,25,8e-1,6e-1,9e-2,8.788577e-1,1.3770869851987319e-4,1.3370313e-4,4.3000482e-2,2.0786426e-7
7,1,1,0.3,2,2600,33,0,0,0,0,25,2e-1,6e-1,9e-2,8.7885773e-1,1.7911355826623324e-4,9.314621e-4,2.13194e0,2.0348173e-7
7,1,1,0.3,2,2640,33,0,1,1,0,25,2e-1,6e-1,9e-2,8.7885773e-1,1.8597494559218563e-4,9.738632e-4,2.1557765e0,2.1996934e-7
7,1,1,0.3,2,2680,33,0,2,2,0,25,2e-1,6e-1,9e-2,8.7885773e-1,1.825408294746549e-4,9.810537e-4,2.203263e0,2.1841838e-7
7,1,1,0.3,2,2720,33,0,3,3,0,25,2e-1,6e-1,9e-2,8.7885773e-1,1.7297139717723517e-4,9.6368435e-4,2.2651353e0,2.0499604e-7
7,1,1,0.3,2,2760,33,0,4,4,0,25,2e-1,6e-1,9e-2,8.7885773e-1,1.6258312192357372e-4,9.3926553e-4,2.3286908e0,1.8942399e-7
7,1,1,0.3,2,2800,33,0,5,5,0,25,2e-1,6e-1,9e-2,8.7885773e-1,1.5343318929935982e-4,9.1525784e-4,2.3842888e0,1.7567018e-7
7,1,1,0.3,2,2840,33,0,6,6,0,25,2e-1,6e-1,9e-2,8.7885773e-1,1.453297494318208e-4,8.9103397e-4,2.4304922e0,1.6332937e-7
7,1,1,0.3,2,2880,33,0,7,7,0,25,2e-1,6e-1,9e-2,8.7885773e-1,1.3791202121714356e-4,8.6676516e-4,2.4695435e0,1.5210946e-7
7,1,1,0.3,2,2920,33,0,8,8,0,25,2e-1,6e-1,9e-2,8.7885773e-1,1.310192565488037e-4,8.428828e-4,2.5032043e0,1.4190839e-7
7,1,1,0.3,2,2960,33,0,9,9,0,25,2e-1,6e-1,9e-2,8.7885773e-1,1.2459860219446022e-4,8.202461e-4,2.532588e0,1.3282929e-7
7,1,1,0.3,2,3000,33,0,10,10,0,25,2e-1,6e-1,9e-2,8.7885773e-1,1.1860744450267246e-4,7.970507e-4,2.55728e0,1.2421202e-7
7,1,1,0.3,2,3040,33,0,11,11,0,25,2e-1,6e-1,9e-2,8.7885773e-1,1.130262724746822e-4,7.75014e-4,2.578278e0,1.16482134e-7
7,1,1,0.3,2,3080,33,0,12,12,0,25,2e-1,6e-1,9e-2,8.7885773e-1,1.0783627286007609e-4,7.5440266e-4,2.5958216e0,1.09622974e-7
7,1,1,0.3,2,3120,33,0,13,13,0,25,2e-1,6e-1,9e-2,8.7885773e-1,1.0300713984553184e-4,7.3445117e-4,2.6097178e0,1.0334806e-7
7,1,1,0.3,2,3160,33,0,14,14,0,25,2e-1,6e-1,9e-2,8.7885773e-1,9.852232005540354e-5,7.1562233e-4,2.6202426e0,9.772288e-8
7,1,1,0.3,2,3200,33,0,15,15,0,25,2e-1,6e-1,9e-2,8.7885773e-1,9.435210425448006e-5,6.97097e-4,2.6271503e0,9.2485045e-8
7,1,1,0.3,2,3240,33,0,16,16,0,25,2e-1,6e-1,9e-2,8.7885773e-1,9.04843153861579e-5,6.8053405e-4,2.631253e0,8.800496e-8
7,1,1,0.3,2,3280,33,0,17,17,0,25,2e-1,6e-1,9e-2,8.7885773e-1,8.688045563223623e-5,6.6286075e-4,2.6312754e0,8.349266e-8
7,1,1,0.3,2,3320,33,0,18,18,0,25,2e-1,6e-1,9e-2,8.7885773e-1,8.354014647564227e-5,6.477881e-4,2.6290135e0,7.980739e-8
7,1,1,0.3,2,3360,33,0,19,19,0,25,2e-1,6e-1,9e-2,8.7885773e-1,8.042782948585986e-5,6.3272886e-4,2.6234195e0,7.6302285e-8
7,1,1,0.3,2,3400,33,0,20,20,0,25,2e-1,6e-1,9e-2,8.7885773e-1,7.752915958971263e-5,6.188806e-4,2.6151674e0,7.3229195e-8
7,1,1,0.3,2,3440,36,0,4,5,1,25,8e-1,6e-1,9e-2,8.788577e-1,7.576262740700897e-5,7.864661e-5,4.3807365e-2,7.059646e-8
7,1,1,0.3,2,3480,36,0,5,6,1,25,8e-1,6e-1,9e-2,8.788577e-1,7.457267326585456e-5,7.810873e-5,4.3596074e-2,6.997159e-8
7,1,1,0.3,2,3520,36,0,6,7,1,25,8e-1,6e-1,9e-2,8.788577e-1,7.336446648866463e-5,7.756354e-5,4.3410074e-2,6.929386e-8
7,1,1,0.3,2,3560,36,0,7,8,1,25,8e-1,6e-1,9e-2,8.788577e-1,7.214311349248961e-5,7.702677e-5,4.3246463e-2,6.8596634e-8
7,1,1,0.3,2,3600,36,0,8,9,1,25,8e-1,6e-1,9e-2,8.788577e-1,7.090544318297514e-5,7.646587e-5,4.3103013e-2,6.782622e-8
19,0,0,0.0,1,2000,15,1,0,0,0,9,6e-1,4e-1,1.4e-1,8.133355e-1,7.567978630497052e-8,-2.1881143e-4,8.022913e-1,2.9838564e-8
19,0,0,0.0,1,2040,18,1,0,0,0,10,4e-1,6e-1,1.4e-1,8.133355e-1,4.328252556697279e-7,4.2024587e-4,8.6337644e-1,1.022767e-7
19,0,0,0.0,1,2080,34,1,0,1,0,11,4e-1,6e-1,9e-2,1e0,1.7635040126326767e-7,-2.4338784e-4,1.1512465e0,2.5727608e-8
19,0,0,0.0,1,2120,14,1,0,0,0,12,4e-1,4e-1,1.4e-1,8.1333554e-1,6.671220785670003e-8,1.4787537e-4,6.431065e-1,1.7001168e-8
19,0,0,0.0,1,2160,30,1,0,1,0,13,4e-1,4e-1,9e-2,1e0,1.7901805209303765e-7,1.7030541e-4,6.187108e-1,2.3439007e-8
19,0,0,0.0,1,2200,13,1,0,0,0,14,2e-1,4e-1,1.4e-1,8.788578e-1,9.905140606637448e-8,-7.0334194e-5,2.7904007e-1,8.864137e-9
19,0,0,0.0,2,2600,26,1,0,0,0,15,4e-1,2e-1,9e-2,8.788578e-1,2.427235883356859e-6,3.8676022e-4,6.766279e-1,1.1053599e-7
19,0,0,0.0,2,2640,11,1,0,0,0,16,6e-1,2e-1,1.4e-1,8.7885773e-1,5.436676303690083e-8,1.10591944e-4,8.096741e-1,7.552779e-9
19,0,0,0.0,2,2680,22,1,0,0,0,17,4e-1,8e-1,1.4e-1,8.7885773e-1,7.325371143411933e-8,-1.4310051e-4,7.7355933e-1,1.3236059e-8
19,0,0,0.0,2,2720,20,1,0,0,0,18,8e-1,6e-1,1.4e-1,8.788577e-1,1.0605512438986059e-7,1.13850474e-4,3.5075504e-1,1.8477182e-8
19,0,0,0.0,2,3160,24,1,0,0,0,19,8e-1,8e-1,1.4e-1,9.496584e-1,8.143086836656844e-8,-8.4913525e-5,4.1409504e-1,8.706101e-9
19,0,0,0.0,2,3200,27,1,0,1,0,20,6e-1,2e-1,9e-2,1e0,1.701515032547734e-7,-1.892872e-4,9.4084024e-1,1.90413e-8
19,0,0,0.0,2,3240,23,1,0,0,0,21,6e-1,8e-1,1.4e-1,8.788577e-1,9.680322816098249e-8,1.0653128e-4,8.068033e-1,7.0332598e-9
19,0,0,0.0,2,3280,16,1,0,0,0,22,8e-1,4e-1,1.4e-1,8.7885773e-1,8.328890714785049e-8,-1.4041018e-4,5.3877544e-1,1.8296138e-8
19,0,0,0.0,2,3320,38,1,0,1,0,23,4e-1,8e-1,9e-2,1e0,4.756736932644412e-8,9.987201e-5,8.699224e-1,5.732936e-9
19,0,0,0.0,2,3360,9,1,0,0,0,24,2e-1,2e-1,1.4e-1,9.4965845e-1,2.2770867904107e-7,6.638346e-5,1.3605542e-1,1.6194736e-8
19,0,0,0.3,0,440,36,1,0,0,0,9,8e-1,6e-1,9e-2,8.788577e-1,2.3548914499493426e-3,4.3650996e-3,3.5834184e-1,2.6586476e-5
19,0,0,0.3,0,480,35,1,0,0,0,10,6e-1,6e-1,9e-2,8.133354e-1,5.236966742864246e-4,4.8805554e-3,1.0284817e0,1.1580089e-5
19,0,0,0.3,0,520,26,1,0,0,0,11,4e-1,2e-1,9e-2,8.788578e-1,4.7452773954896415e-4,-3.3601248e-3,4.6188545e-1,1.2222119e-5
19,0,0,0.3,0,560,29,1,0,0,0,12,2e-1,4e-1,9e-2,8.788578e-1,6.015237000429483e-4,-2.0033175e-3,1.9563289e-1,1.0257173e-5
19,0,0,0.3,0,600,40,1,0,0,0,13,8e-1,8e-1,9e-2,9.496584e-1,7.462459878560035e-4,1.762392e-3,4.050808e-1,3.833835e-6
19,0,0,0.3,0,640,33,1,0,0,0,14,2e-1,6e-1,9e-2,8.7885773e-1,4.88366324808754e-4,2.557562e-3,8.148296e-1,4.0137984e-6
19,0,0,0.3,0,680,28,1,0,0,0,15,8e-1,2e-1,9e-2,9.4965845e-1,3.437233866851297e-4,-2.4482831e-3,9.2166907e-1,3.2517585e-6
19,0,0,0.3,0,720,39,1,0,0,0,16,6e-1,8e-1,9e-2,8.788577e-1,2.629179869423341e-4,2.7229504e-3,1.1416196e0,3.2473424e-6
19,0,0,0.3,0,760,31,1,0,0,0,17,6e-1,4e-1,9e-2,8.133355e-1,2.669613177415797e-4,-1.8369295e-3,6.470274e-1,2.6075481e-6
19,0,0,0.3,0,800,27,1,0,0,0,18,6e-1,2e-1,9e-2,8.7885773e-1,1.2853883969874666e-4,-1.6687657e-3,1.1233369e0,1.2395119e-6
19,0,0,0.3,0,840,37,1,0,0,0,19,2e-1,8e-1,9e-2,9.4965845e-1,1.5401488796886232e-4,-5.931323e-4,1.1769204e-1,1.4946037e-6
19,0,0,0.3,0,880,14,1,0,0,0,20,4e-1,4e-1,1.4e-1,8.1333554e-1,6.292870810205272e-5,-6.9643673e-4,7.521659e-1,3.2241832e-7
19,0,0,0.3,0,920,32,1,0,0,0,21,8e-1,4e-1,9e-2,8.7885773e-1,1.637766987278739e-4,-6.416033e-4,4.7344655e-1,4.3474265e-7
19,0,0,0.3,0,960,30,1,0,1,0,22,4e-1,4e-1,9e-2,1e0,9.797472847741303e-5,5.019184e-4,5.5010515e-1,2.2897626e-7
19,0,0,0.3,0,1000,10,1,0,1,0,23,4e-1,2e-1,1.4e-1,1e0,4.775388133449476e-5,-3.070688e-4,3.2649985e-1,1.4439708e-7
19,0,0,0.3,0,1040,24,1,0,1,0,24,8e-1,8e-1,1.4e-1,1e0,7.710878529424248e-5,-2.1004626e-4,4.1471046e-1,5.3193055e-8
19,0,0,0.3,0,1080,16,0,0,1,0,25,8e-1,4e-1,1.4e-1,1e0,4.5574597713355536e-5,2.1353729e-4,5.0796396e-1,4.4883276e-8
19,0,0,0.3,0,1120,25,0,0,0,0,25,2e-1,2e-1,9e-2,9.4965845e-1,5.6059022051405745e-5,-5.697665e-5,5.382417e-2,3.0156883e-8
19,0,0,0.3,0,1160,25,0,1,1,0,25,2e-1,2e-1,9e-2,9.4965845e-1,5.962029674117637e-5,-5.7418816e-5,5.3030424e-2,3.108518e-8
19,0,0,0.3,0,1200,38,0,0,0,0,25,4e-1,8e-1,9e-2,8.7885773e-1,6.535011668674907e-5,2.5003636e-4,9.505044e-1,3.2886845e-8
19,0,0,0.3,1,1240,38,0,1,1,1,25,4e-1,8e-1,9e-2,8.7885773e-1,6.56412163112362e-5,2.6007573e-4,9.450823e-1,3.5784918e-8
19,0,0,0.3,1,1280,25,0,2,2,1,25,2e-1,2e-1,9e-2,9.4965845e-1,6.579632356007587e-5,-1.03667655e-4,5.157715e-2,1.0418356e-7
19,0,0,0.3,1,1320,38,0,2,2,1,25,4e-1,8e-1,9e-2,8.7885773e-1,6.582770976387528e-5,2.617155e-4,9.388381e-1,3.64786e-8
19,0,0,0.3,1,1360,38,0,3,3,1,25,4e-1,8e-1,9e-2,8.7885773e-1,6.596900324993541e-5,2.6337587e-4,9.374326e-1,3.6998312e-8
19,0,0,0.3,1,1400,38,0,4,4,1,25,4e-1,8e-1,9e-2,8.7885773e-1,6.585725775190206e-5,2.5738555e-4,9.366458e-1,3.5364124e-8
19,0,0,0.3,1,1440,25,0,3,3,1,25,2e-1,2e-1,9e-2,9.4965845e-1,6.072599723241e-5,-5.854912e-5,4.8499547e-2,3.5340534e-8
19,0,0,0.3,1,1480,25,0,4,4,1,25,2e-1,2e-1,9e-2,9.4965845e-1,6.025575555808705e-5,-5.6654433e-5,4.804251e-2,3.3405048e-8
19,0,0,0.3,1,1520,38,0,5,5,1,25,4e-1,8e-1,9e-2,8.7885773e-1,6.498938641671771e-5,2.2314687e-4,9.3562263e-1,2.6610369e-8
19,0,0,0.3,1,1560,38,0,6,6,1,25,4e-1,8e-1,9e-2,8.7885773e-1,6.479443210396944e-5,2.142074e-4,9.356542e-1,2.4520173e-8
19,0,0,0.3,1,1600,25,0,5,5,1,25,2e-1,2e-1,9e-2,9.4965845e-1,6.258760972983832e-5,-1.1160776e-4,4.7504056e-2,1.3110768e-7
19,0,0,0.3,1,1640,20,0,0,1,0,25,8e-1,6e-1,1.4e-1,1e0,3.150000373834048e-5,-1.6825036e-4,4.244495e-1,3.334694e-8
19,0,0,0.3,1,1680,21,0,0,1,0,25,2e-1,8e-1,1.4e-1,1e0,3.073961788706372e-5,1.0340734e-4,2.72541e-1,1.9617376e-8
19,0,0,0.3,1,1720,21,0,1,2,0,25,2e-1,8e-1,1.4e-1,1e0,3.062019181283877e-5,9.5913136e-5,2.726264e-1,1.6871677e-8
19,0,0,0.3,1,1760,15,0,0,1,0,25,6e-1,4e-1,1.4e-1,1e0,2.8373256900362587e-5,-5.9104245e-4,1.1483774e0,1.5209773e-7
19,0,0,0.3,1,1800,25,0,6,6,1,25,2e-1,2e-1,9e-2,9.4965845e-1,5.381369039219437e-5,-5.0812698e-5,4.5272127e-2,2.8515672e-8
19,0,0,0.3,1,1840,16,0,1,2,1,25,8e-1,4e-1,1.4e-1,1e0,1.957133565837994e-5,1.340547e-4,5.3917295e-1,1.6665027e-8
19,0,0,0.3,1,1880,16,0,2,3,1,25,8e-1,4e-1,1.4e-1,1e0,1.9568503010044688e-5,1.385969e-4,5.3927964e-1,1.7809962e-8
19,0,0,0.3,1,1920,18,0,0,0,0,25,4e-1,6e-1,1.4e-1,8.133355e-1,3.937872911812064e-5,5.705044e-4,9.176222e-1,1.773471e-7
19,0,0,0.3,1,1960,21,0,2,3,0,25,2e-1,8e-1,1.4e-1,1e0,3.072826043343859e-5,1.076928e-4,2.7368698e-1,2.1187963e-8
19,0,0,0.3,1,2000,16,0,3,4,1,25,8e-1,4e-1,1.4e-1,1e0,1.9557164757328067e-5,1.3563302e-4,5.397226e-1,1.704238e-8
19,0,0,0.3,1,2040,21,0,3,4,0,25,2e-1,8e-1,1.4e-1,1e0,3.1779974190479014e-5,1.9631453e-4,2.7474198e-1,7.013744e-8
19,0,0,0.3,1,2080,20,0,1,2,0,25,8e-1,6e-1,1.4e-1,1e0,3.191436793667055e-5,-1.6507754e-4,4.3394148e-1,3.1398926e-8
19,0,0,0.3,1,2120,20,0,2,3,0,25,8e-1,6e-1,1.4e-1,1e0,3.109604234772749e-5,-1.334417e-4,4.3478024e-1,2.0477803e-8
19,0,0,0.3,1,2160,16,0,4,5,1,25,8e-1,4e-1,1.4e-1,1e0,1.9574447528625028e-5,1.4032141e-4,5.4005337e-1,1.8229771e-8
19,0,0,0.3,1,2200,21,0,4,5,0,25,2e-1,8e-1,1.4e-1,1e0,3.1038684039766877e-5,1.2636787e-4,2.7477935e-1,2.9057567e-8
19,0,0,0.3,1,2240,15,0,1,2,0,25,6e-1,4e-1,1.4e-1,1e0,2.736821747243062e-5,-4.028748e-4,1.1236902e0,7.222102e-8
19,0,0,0.3,1,2280,16,0,5,6,1,25,8e-1,4e-1,1.4e-1,1e0,1.9566643100461493e-5,1.3680391e-4,5.4039633e-1,1.7316282e-8
19,0,0,0.3,1,2320,16,0,6,7,1,25,8e-1,4e-1,1.4e-1,1e0,1.956599729689936e-5,1.4490681e-4,5.40402e-1,1.9428114e-8
19,0,0,0.3,1,2360,16,0,7,8,1,25,8e-1,4e-1,1.4e-1,1e0,2.0314357189825856e-5,3.29282e-4,5.347055e-1,1.01389105e-7
19,0,0,0.3,1,2400,15,0,2,3,0,25,6e-1,4e-1,1.4e-1,1e0,2.8834088458656946e-5,-1.3704427e-3,1.1177765e0,8.401112e-7
19,0,0,0.3,2,2440,16,0,8,9,1,25,8e-1,4e-1,1.4e-1,1e0,1.9827414632860908e-5,1.6985388e-4,5.404734e-1,2.6689882e-8
19,0,0,0.3,2,2480,21,0,5,6,1,25,2e-1,8e-1,1.4e-1,1e0,3.073754680879609e-5,9.8083896e-5,2.752881e-1,1.7473422e-8
19,0,0,0.3,2,2520,15,0,3,4,1,25,6e-1,4e-1,1.4e-1,1e0,2.6990082117393052e-5,-5.680196e-4,1.1196345e0,1.4408552e-7
19,0,0,0.3,2,2560,21,0,6,7,1,25,2e-1,8e-1,1.4e-1,1e0,3.138692810123734e-5,1.4388913e-4,2.7567923e-1,3.755104e-8
19,0,0,0.3,2,2600,20,0,3,4,1,25,8e-1,6e-1,1.4e-1,1e0,2.9988356690498018e-5,3.6641976e-4,4.3615752e-1,1.5391623e-7
19,0,0,0.3,2,2640,16,0,9,10,1,25,8e-1,4e-1,1.4e-1,1e0,1.9638263338853057e-5,1.655269e-4,5.403427e-1,2.5353499e-8
19,0,0,0.3,2,2680,15,0,4,5,1,25,6e-1,4e-1,1.4e-1,1e0,3.176402695802876e-5,1.2991828e-3,1.1161892e0,7.560886e-7
19,0,0,0.3,2,2720,18,0,1,1,1,25,4e-1,6e-1,1.4e-1,8.133355e-1,3.8144097565515284e-5,2.4297854e-4,8.979354e-1,3.287462e-8
19,0,0,0.3,2,2760,16,0,10,11,1,25,8e-1,4e-1,1.4e-1,1e0,2.118783169576991e-5,4.3747918e-4,5.3308237e-1,1.7951075e-7
19,0,0,0.3,2,2800,18,0,2,2,1,25,4e-1,6e-1,1.4e-1,8.133355e-1,3.80848655408814e-5,4.7766432e-4,8.961606e-1,1.273004e-7
19,0,0,0.3,2,2840,15,0,5,6,1,25,6e-1,4e-1,1.4e-1,1e0,2.7742050366556598e-5,-1.0376067e-3,1.113483e0,4.834505e-7
19,0,0,0.3,2,2880,16,0,11,12,1,25,8e-1,4e-1,1.4e-1,1e0,1.9931457038119284e-5,1.9180085e-4,5.408936e-1,3.4006284e-8
19,0,0,0.3,2,2920,21,0,7,8,1,25,2e-1,8e-1,1.4e-1,1e0,3.191348733495189e-5,1.9747937e-4,2.7679184e-1,7.0446625e-8
19,0,0,0.3,2,2960,20,0,4,5,1,25,8e-1,6e-1,1.4e-1,1e0,3.309072243622387e-5,-2.716569e-4,4.4251513e-1,8.338412e-8
19,0,0,0.3,2,3000,20,0,5,6,1,25,8e-1,6e-1,1.4e-1,1e0,3.173069690313268e-5,-1.6714683e-4,4.4236147e-1,3.157832e-8
19,0,0,0.3,2,3040,15,0,6,7,1,25,6e-1,4e-1,1.4e-1,1e0,2.948013561991736e-5,9.4120577e-4,1.1145284e0,3.9741843e-7
19,0,0,0.3,2,3080,16,0,12,13,1,25,8e-1,4e-1,1.4e-1,1e0,2.000787616706286e-5,1.6339192e-4,5.416055e-1,2.4646093e-8
19,0,0,0.3,2,3120,20,0,6,7,1,25,8e-1,6e-1,1.4e-1,1e0,3.244945230999919e-5,-3.6507368e-4,4.454733e-1,1.4959234e-7
19,0,0,0.3,2,3160,16,0,13,14,1,25,8e-1,4e-1,1.4e-1,1e0,1.9702085553408093e-5,2.1081867e-4,5.391279e-1,4.1218897e-8
19,0,0,0.3,2,3200,15,0,7,8,1,25,6e-1,4e-1,1.4e-1,1e0,2.8409277825047336e-5,6.025289e-4,1.1118696e0,1.6325706e-7
19,0,0,0.3,2,3240,21,0,8,9,1,25,2e-1,8e-1,1.4e-1,1e0,3.163893974847223e-5,1.6603844e-4,2.7671203e-1,4.98149e-8
19,0,0,0.3,2,3280,16,0,14,15,1,25,8e-1,4e-1,1.4e-1,1e0,1.9715199222008838e-5,1.5539743e-4,5.4141873e-1,2.2301004e-8
19,0,0,0.3,2,3320,15,0,8,9,1,25,6e-1,4e-1,1.4e-1,1e0,2.8630108997448703e-5,5.52126e-4,1.1098143e0,1.3733968e-7
19,0,0,0.3,2,3360,21,0,9,10,1,25,2e-1,8e-1,1.4e-1,1e0,3.125894456935954e-5,1.397936e-4,2.7654326e-1,3.533308e-8
19,0,0,0.3,2,3400,20,0,7,8,1,25,8e-1,6e-1,1.4e-1,1e0,3.2170622238512545e-5,-3.4210962e-4,4.4537324e-1,1.3139429e-7
19,0,0,0.3,2,3440,20,0,8,9,1,25,8e-1,6e-1,1.4e-1,1e0,3.130768087076441e-5,-1.3437042e-4,4.4297057e-1,2.037992e-8
19,0,0,0.3,2,3480,15,0,9,10,1,25,6e-1,4e-1,1.4e-1,1e0,2.897374108690706e-5,7.971453e-4,1.1113579e0,2.858848e-7
19,0,0,0.3,2,3520,16,0,15,16,1,25,8e-1,4e-1,1.4e-1,1e0,1.9876889889810892e-5,1.7439664e-4,5.4143757e-1,2.8086514e-8
19,0,0,0.3,2,3560,16,0,16,17,1,25,8e-1,4e-1,1.4e-1,1e0,1.9756160645456107e-5,1.6399001e-4,5.414884e-1,2.4832225e-8
19,0,0,0.3,2,3600,21,0,10,11,1,25,2e-1,8e-1,1.4e-1,1e0,3.168133156660811e-5,1.514111e-4,2.7647188e-1,4.14605e-8
19,0,1,0.0,1,1800,18,1,0,0,0,9,4e-1,6e-1,1.4e-1,8.133355e-1,2.6661308384068633e-7,-4.1533046e-4,9.841444e-1,8.763927e-8
19,0,1,0.0,1,1840,15,1,0,0,0,10,6e-1,4e-1,1.4e-1,8.133355e-1,4.855733656922444e-7,-3.3214857e-4,4.8726705e-1,1.1320556e-7
19,0,1,0.0,1,1880,19,1,0,0,0,11,6e-1,6e-1,1.4e-1,8.133354e-1,4.5797766030556676e-8,-1.1296973e-4,9.199182e-1,6.936573e-9
19,0,1,0.0,1,1920,34,1,0,1,0,12,4e-1,6e-1,9e-2,1e0,1.0313088158413511e-7,1.4809924e-4,8.1364775e-1,1.3478426e-8
19,0,1,0.0,1,1960,22,1,0,0,0,13,4e-1,8e-1,1.4e-1,8.7885773e-1,6.209757984804966e-8,1.03207894e-4,7.5397164e-1,7.0638397e-9
19,0,1,0.0,2,2720,35,1,0,1,0,14,6e-1,6e-1,9e-2,1e0,1.0531864688006454e-7,-7.5120006e-5,5.345087e-1,5.2786935e-9
19,0,1,0.0,2,2760,11,1,0,0,0,15,6e-1,2e-1,1.4e-1,8.7885773e-1,4.851710567962475e-8,-9.05099e-5,7.6640224e-1,5.344479e-9
19,0,1,0.0,2,2800,27,1,0,1,0,16,6e-1,2e-1,9e-2,1e0,1.1100923034057706e-7,2.2531595e-4,1.036645e0,2.4486335e-8
19,0,1,0.0,2,2840,23,1,0,0,0,17,6e-1,8e-1,1.4e-1,8.788577e-1,1.6232430297023977e-7,1.8951099e-4,7.040526e-1,2.550549e-8
19,0,1,0.0,2,2880,14,1,0,0,0,18,4e-1,4e-1,1.4e-1,8.1333554e-1,9.874009374095917e-8,-1.4814128e-4,6.081961e-1,1.8041746e-8
19,0,1,0.0,2,2920,39,1,0,1,0,19,6e-1,8e-1,9e-2,1e0,8.250900630722168e-8,-9.281715e-5,8.2678866e-1,5.2099307e-9
19,0,1,0.0,2,3400,21,1,0,0,0,20,2e-1,8e-1,1.4e-1,9.4965845e-1,2.445011328864558e-7,-4.8000686e-5,8.3659075e-2,1.3770567e-8
19,0,1,0.0,2,3600,17,1,0,0,0,21,2e-1,6e-1,1.4e-1,8.7885773e-1,1.0544465702757748e-6,1.3822649e-4,1.1423139e-1,8.363096e-8
19,0,1,0.3,0,440,36,1,0,0,0,9,8e-1,6e-1,9e-2,8.788577e-1,2.3548914499493426e-3,4.3650996e-3,3.5834184e-1,2.6586476e-5
19,0,1,0.3,0,480,35,1,0,0,0,10,6e-1,6e-1,9e-2,8.133354e-1,5.236966742864246e-4,4.8805554e-3,1.0284817e0,1.1580089e-5
19,0,1,0.3,0,520,26,1,0,0,0,11,4e-1,2e-1,9e-2,8.788578e-1,4.7452773954896415e-4,-3.3601248e-3,4.6188545e-1,1.2222119e-5
19,0,1,0.3,0,560,29,1,0,0,0,12,2e-1,4e-1,9e-2,8.788578e-1,6.015237000429483e-4,-2.0033175e-3,1.9563289e-1,1.0257173e-5
19,0,1,0.3,0,600,40,1,0,0,0,13,8e-1,8e-1,9e-2,9.496584e-1,7.462459878560035e-4,1.762392e-3,4.050808e-1,3.833835e-6
19,0,1,0.3,0,640,33,1,0,0,0,14,2e-1,6e-1,9e-2,8.7885773e-1,4.88366324808754e-4,2.557562e-3,8.148296e-1,4.0137984e-6
19,0,1,0.3,0,680,28,1,0,0,0,15,8e-1,2e-1,9e-2,9.4965845e-1,3.437233866851297e-4,-2.4482831e-3,9.2166907e-1,3.2517585e-6
19,0,1,0.3,0,720,39,1,0,0,0,16,6e-1,8e-1,9e-2,8.788577e-1,2.629179869423341e-4,2.7229504e-3,1.1416196e0,3.2473424e-6
19,0,1,0.3,0,760,31,1,0,0,0,17,6e-1,4e-1,9e-2,8.133355e-1,2.669613177415797e-4,-1.8369295e-3,6.470274e-1,2.6075481e-6
19,0,1,0.3,0,800,27,1,0,0,0,18,6e-1,2e-1,9e-2,8.7885773e-1,1.2853883969874666e-4,-1.6687657e-3,1.1233369e0,1.2395119e-6
19,0,1,0.3,0,840,37,1,0,0,0,19,2e-1,8e-1,9e-2,9.4965845e-1,1.5401488796886232e-4,-5.931323e-4,1.1769204e-1,1.4946037e-6
19,0,1,0.3,0,880,14,1,0,0,0,20,4e-1,4e-1,1.4e-1,8.1333554e-1,6.292870810205272e-5,-6.9643673e-4,7.521659e-1,3.2241832e-7
19,0,1,0.3,0,920,32,1,0,0,0,21,8e-1,4e-1,9e-2,8.7885773e-1,1.637766987278739e-4,-6.416033e-4,4.7344655e-1,4.3474265e-7
19,0,1,0.3,0,960,30,1,0,1,0,22,4e-1,4e-1,9e-2,1e0,9.797472847741303e-5,5.019184e-4,5.5010515e-1,2.2897626e-7
19,0,1,0.3,0,1000,10,1,0,1,0,23,4e-1,2e-1,1.4e-1,1e0,4.775388133449476e-5,-3.070688e-4,3.2649985e-1,1.4439708e-7
19,0,1,0.3,0,1040,24,1,0,1,0,24,8e-1,8e-1,1.4e-1,1e0,7.710878529424248e-5,-2.1004626e-4,4.1471046e-1,5.3193055e-8
19,0,1,0.3,0,1080,16,0,0,1,0,25,8e-1,4e-1,1.4e-1,1e0,4.5574597713355536e-5,2.1353729e-4,5.0796396e-1,4.4883276e-8
19,0,1,0.3,0,1120,25,0,0,0,0,25,2e-1,2e-1,9e-2,9.4965845e-1,5.6059022051405745e-5,-5.697665e-5,5.382417e-2,3.0156883e-8
19,0,1,0.3,0,1160,25,0,1,1,0,25,2e-1,2e-1,9e-2,9.4965845e-1,5.962029674117637e-5,-5.7418816e-5,5.3030424e-2,3.108518e-8
19,0,1,0.3,0,1200,38,0,0,0,0,25,4e-1,8e-1,9e-2,8.7885773e-1,6.535011668674907e-5,2.5003636e-4,9.505044e-1,3.2886845e-8
19,0,1,0.3,1,1240,25,0,2,2,1,25,2e-1,2e-1,9e-2,9.4965845e-1,7.192086405850222e-4,2.7944725e-3,9.914443e-1,3.9382326e-6
19,0,1,0.3,1,1280,34,0,0,0,0,25,4e-1,6e-1,9e-2,8.133355e-1,2.375676748712733e-4,2.0727182e-3,6.361577e-1,3.3766478e-6
19,0,1,0.3,1,1320,34,0,1,1,0,25,4e-1,6e-1,9e-2,8.133355e-1,2.335037728152964e-4,1.5093982e-3,6.665396e-1,1.7090381e-6
19,0,1,0.3,1,1360,22,0,0,1,0,25,4e-1,8e-1,1.4e-1,8.7885773e-1,2.4362128504787462e-4,1.8980586e-3,9.2766255e-1,1.9417762e-6
19,0,1,0.3,1,1400,34,0,2,2,0,25,4e-1,6e-1,9e-2,8.133355e-1,2.3203985682695703e-4,1.41598e-3,6.134399e-1,1.6342265e-6
19,0,1,0.3,1,1440,34,0,3,3,0,25,4e-1,6e-1,9e-2,8.133355e-1,2.2640803442160643e-4,1.6115517e-3,5.7987577e-1,2.239358e-6
19,0,1,0.3,1,1480,34,0,4,4,0,25,4e-1,6e-1,9e-2,8.133355e-1,2.2768803980122588e-4,1.7726561e-3,5.72176e-1,2.7459294e-6
19,0,1,0.3,1,1520,19,0,0,1,0,25,6e-1,6e-1,1.4e-1,1e0,2.436765625816209e-4,9.865267e-3,5.7494435e0,8.463732e-6
19,0,1,0.3,1,1560,34,0,5,5,0,25,4e-1,6e-1,9e-2,8.133355e-1,2.157388653224845e-4,1.4022992e-3,5.7287383e-1,1.7162967e-6
19,0,1,0.3,1,1600,23,0,0,1,0,25,6e-1,8e-1,1.4e-1,1e0,1.815919550211068e-4,6.348724e-3,6.789232e0,2.9683988e-6
19,0,1,0.3,1,1640,34,0,6,6,0,25,4e-1,6e-1,9e-2,8.133355e-1,2.1239403345146935e-4,1.4591931e-3,5.7158315e-1,1.862585e-6
19,0,1,0.3,1,1680,34,0,7,7,0,25,4e-1,6e-1,9e-2,8.133355e-1,2.0969311323248258e-4,1.3676566e-3,5.7192016e-1,1.6352673e-6
19,0,1,0.3,1,1720,34,0,8,8,0,25,4e-1,6e-1,9e-2,8.133355e-1,2.078248488345313e-4,1.2417255e-3,5.720637e-1,1.3476491e-6
19,0,1,0.3,1,1760,34,0,9,9,0,25,4e-1,6e-1,9e-2,8.133355e-1,2.0752483181690377e-4,1.3197433e-3,5.705419e-1,1.5263755e-6
19,0,1,0.3,1,1800,34,0,10,10,0,25,4e-1,6e-1,9e-2,8.133355e-1,2.0775061402969605e-4,1.4135266e-3,5.7101256e-1,1.749574e-6
19,0,1,0.3,1,1840,34,0,11,11,0,25,4e-1,6e-1,9e-2,8.133355e-1,2.060083141957391e-4,1.299628e-3,5.698927e-1,1.4818869e-6
19,0,1,0.3,1,1880,34,0,12,12,0,25,4e-1,6e-1,9e-2,8.133355e-1,2.0649680930568125e-4,1.3535708e-3,5.7063806e-1,1.6053556e-6
19,0,1,0.3,1,1920,34,0,13,13,0,25,4e-1,6e-1,9e-2,8.133355e-1,2.0504983841239225e-4,1.3219028e-3,5.691283e-1,1.5351786e-6
19,0,1,0.3,1,1960,19,0,1,2,0,25,6e-1,6e-1,1.4e-1,1e0,2.387863160524716e-4,-6.3376767e-3,9.521477e0,2.1092392e-6
19,0,1,0.3,1,2000,34,0,14,14,0,25,4e-1,6e-1,9e-2,8.133355e-1,2.0464835308689318e-4,1.3309948e-3,5.6801546e-1,1.559418e-6
19,0,1,0.3,1,2040,34,0,15,15,0,25,4e-1,6e-1,9e-2,8.133355e-1,2.0355324003852937e-4,1.1569088e-3,5.696437e-1,1.1748028e-6
19,0,1,0.3,1,2080,34,0,16,16,0,25,4e-1,6e-1,9e-2,8.133355e-1,2.0434985144746106e-4,1.4138767e-3,5.6717396e-1,1.7622876e-6
19,0,1,0.3,1,2120,19,0,2,3,0,25,6e-1,6e-1,1.4e-1,1e0,2.3908235773475008e-4,-4.7974065e-3,9.598694e0,1.1988667e-6
19,0,1,0.3,1,2160,34,0,17,17,0,25,4e-1,6e-1,9e-2,8.133355e-1,2.042793576005916e-4,1.4139351e-3,5.645984e-1,1.770473e-6
19,0,1,0.3,1,2200,34,0,18,18,0,25,4e-1,6e-1,9e-2,8.133355e-1,2.0323097929290346e-4,1.3061988e-3,5.664253e-1,1.5060725e-6
19,0,1,0.3,1,2240,34,0,19,19,0,25,4e-1,6e-1,9e-2,8.133355e-1,2.0224846183636825e-4,1.1632023e-3,5.6730455e-1,1.1925162e-6
19,0,1,0.3,1,2280,34,0,20,20,0,25,4e-1,6e-1,9e-2,8.133355e-1,2.0229428645261198e-4,1.1935903e-3,5.665662e-1,1.257274e-6
19,0,1,0.3,1,2320,34,0,21,21,0,25,4e-1,6e-1,9e-2,8.133355e-1,2.0280106993838986e-4,1.3737262e-3,5.6503797e-1,1.6699087e-6
19,0,1,0.3,1,2360,34,0,22,22,0,25,4e-1,6e-1,9e-2,8.133355e-1,2.018873777770284e-4,1.2303651e-3,5.669089e-1,1.3351337e-6
19,0,1,0.3,1,2400,34,0,23,23,0,25,4e-1,6e-1,9e-2,8.133355e-1,2.020937533387063e-4,1.326741e-3,5.641198e-1,1.5601663e-6
19,0,1,0.3,2,2440,25,0,3,3,1,25,2e-1,2e-1,9e-2,9.4965845e-1,2.996141356127571e-4,-2.777922e-3,4.1528723e-1,9.29098e-6
19,0,1,0.3,2,2480,38,0,1,2,1,25,4e-1,8e-1,9e-2,8.7885773e-1,2.9252936709239282e-5,-8.619895e-4,5.963832e-1,6.2294333e-7
19,0,1,0.3,2,2520,19,0,3,4,1,25,6e-1,6e-1,1.4e-1,1e0,4.1259106174952115e-4,-1.8325376e-3,7.430415e-1,2.259762e-6
19,0,1,0.3,2,2560,25,0,4,4,1,25,2e-1,2e-1,9e-2,9.4965845e-1,2.6832812922981286e-4,-1.0618167e-3,4.615412e-1,1.2214019e-6
19,0,1,0.3,2,2600,18,0,0,24,0,25,4e-1,6e-1,1.4e-1,8.133355e-1,1.9208068872642888e-4,1.0266288e-3,3.6509195e-1,1.4434263e-6
19,0,1,0.3,2,2640,25,0,5,5,1,25,2e-1,2e-1,9e-2,9.4965845e-1,1.8808345302618516e-4,-1.1590727e-3,3.3027592e-1,2.033829e-6
19,0,1,0.3,2,2680,25,0,6,6,1,25,2e-1,2e-1,9e-2,9.4965845e-1,1.708670579133548e-4,-1.1510912e-3,3.0200997e-1,2.1936542e-6
19,0,1,0.3,2,2720,25,0,7,7,1,25,2e-1,2e-1,9e-2,9.4965845e-1,1.5935085074357774e-4,-1.1348515e-3,2.871418e-1,2.242599e-6
19,0,1,0.3,2,2760,25,0,8,8,1,25,2e-1,2e-1,9e-2,9.4965845e-1,1.4911432883052666e-4,-1.1057346e-3,2.7888486e-1,2.192032e-6
19,0,1,0.3,2,2800,25,0,9,9,1,25,2e-1,2e-1,9e-2,9.4965845e-1,1.3927080070246943e-4,-1.0771235e-3,2.7341887e-1,2.121644e-6
19,0,1,0.3,2,2840,25,0,10,10,1,25,2e-1,2e-1,9e-2,9.4965845e-1,1.3091145582625675e-4,-1.051319e-3,2.689368e-1,2.0548907e-6
19,0,1,0.3,2,2880,25,0,11,11,1,25,2e-1,2e-1,9e-2,9.4965845e-1,1.2387655749450169e-4,-1.0288219e-3,2.656585e-1,1.9921715e-6
19,0,1,0.3,2,2920,25,0,12,12,1,25,2e-1,2e-1,9e-2,9.4965845e-1,1.1764557860451978e-4,-1.0097863e-3,2.6338655e-1,1.9356878e-6
19,0,1,0.3,2,2960,25,0,13,13,1,25,2e-1,2e-1,9e-2,9.4965845e-1,1.1230204257730745e-4,-9.931859e-4,2.613948e-1,1.8868361e-6
19,0,1,0.3,2,3000,25,0,14,14,1,25,2e-1,2e-1,9e-2,9.4965845e-1,1.0775543262185497e-4,-9.735075e-4,2.5967324e-1,1.8248256e-6
19,0,1,0.3,2,3040,25,0,15,15,1,25,2e-1,2e-1,9e-2,9.4965845e-1,1.0384886344377786e-4,-9.5126085e-4,2.580776e-1,1.7531495e-6
19,0,1,0.3,2,3080,25,0,16,16,1,25,2e-1,2e-1,9e-2,9.4965845e-1,1.0024740599694973e-4,-9.3069335e-4,2.567331e-1,1.6869468e-6
19,0,1,0.3,2,3120,25,0,17,17,1,25,2e-1,2e-1,9e-2,9.4965845e-1,9.67404973188377e-5,-9.1434555e-4,2.5575486e-1,1.6344318e-6
19,0,1,0.3,2,3160,25,0,18,18,1,25,2e-1,2e-1,9e-2,9.4965845e-1,9.43202477413714e-5,-9.0137107e-4,2.5463426e-1,1.5953663e-6
19,0,1,0.3,2,3200,19,0,4,5,1,25,6e-1,6e-1,1.4e-1,1e0,9.537490299432703e-5,-3.7187703e-3,2.314426e0,2.9876205e-6
19,0,1,0.3,2,3240,19,0,5,6,1,25,6e-1,6e-1,1.4e-1,1e0,8.954326296676271e-5,-2.9585268e-3,2.447211e0,1.788338e-6
19,0,1,0.3,2,3280,25,0,19,19,1,25,2e-1,2e-1,9e-2,9.4965845e-1,8.771703451991889e-5,-8.646427e-4,2.5133485e-1,1.4872728e-6
19,0,1,0.3,2,3320,25,0,20,20,1,25,2e-1,2e-1,9e-2,9.4965845e-1,8.411252047476134e-5,-8.450489e-4,2.5093198e-1,1.4229108e-6
19,0,1,0.3,2,3360,25,0,21,21,1,25,2e-1,2e-1,9e-2,9.4965845e-1,8.043883616237314e-5,-8.375216e-4,2.5116217e-1,1.3963936e-6
19,0,1,0.3,2,3400,22,0,1,3,1,25,4e-1,8e-1,1.4e-1,8.7885773e-1,1.1917741798932028e-4,1.4387926e-3,5.392513e-1,1.9194426e-6
19,0,1,0.3,2,3440,22,0,2,4,1,25,4e-1,8e-1,1.4e-1,8.7885773e-1,1.1823639223586932e-4,1.254736e-3,5.5139226e-1,1.4276246e-6
19,0,1,0.3,2,3480,25,0,22,22,1,25,2e-1,2e-1,9e-2,9.4965845e-1,7.667540905655423e-5,-7.9869456e-4,2.4724804e-1,1.2900264e-6
19,0,1,0.3,2,3520,25,0,23,23,1,25,2e-1,2e-1,9e-2,9.4965845e-1,7.410307102360173e-5,-7.869205e-4,2.4674357e-1,1.2548328e-6
19,0,1,0.3,2,3560,19,0,6,7,1,25,6e-1,6e-1,1.4e-1,1e0,8.600415812592851e-5,-3.6219554e-3,2.5000043e0,2.6237076e-6
19,0,1,0.3,2,3600,19,0,7,8,1,25,6e-1,6e-1,1.4e-1,1e0,8.124119117117526e-5,-2.9487242e-3,2.6329806e0,1.6511656e-6
19,1,0,0.0,0,440,35,1,0,0,0,9,6e-1,6e-1,9e-2,8.133354e-1,1.8460524216020414e-3,2.3128485e-2,1.3144164e0,2.0348454e-4
19,1,0,0.0,0,480,30,1,0,0,0,10,4e-1,4e-1,9e-2,8.1333554e-1,4.0139054862201295e-4,-4.926104e-3,4.2087856e-1,2.8828388e-5
19,1,0,0.0,0,520,24,1,0,0,0,11,8e-1,8e-1,1.4e-1,9.496584e-1,1.2102582305317473e-6,2.6472387e-4,2.8556016e-1,1.2270397e-7
19,1,0,0.0,1,1600,20,1,0,0,0,12,8e-1,6e-1,1.4e-1,8.788577e-1,9.4521597681005e-8,-1.4017383e-4,3.5425994e-1,2.773204e-8
19,1,0,0.0,1,1640,19,1,0,1,0,13,6e-1,6e-1,1.4e-1,1e0,1.2032750457371518e-7,2.486181e-4,9.581236e-1,3.2256253e-8
19,1,0,0.0,1,1680,15,1,0,0,0,14,6e-1,4e-1,1.4e-1,8.133355e-1,1.0348889318183462e-7,-1.9812712e-4,6.6886795e-1,2.9343877e-8
19,1,0,0.0,1,1720,21,1,0,0,0,15,2e-1,8e-1,1.4e-1,9.4965845e-1,1.2903442683718494e-7,-6.514067e-5,1.9837582e-1,1.0695123e-8
19,1,0,0.0,1,2200,22,1,0,0,0,16,4e-1,8e-1,1.4e-1,8.7885773e-1,2.909648627436327e-6,-5.6637754e-4,7.863549e-1,2.0396867e-7
19,1,0,0.0,1,2240,18,1,0,0,0,17,4e-1,6e-1,1.4e-1,8.133355e-1,7.762158711439962e-8,1.2843123e-4,6.160706e-1,1.33869245e-8
19,1,0,0.0,1,2280,14,1,0,1,0,18,4e-1,4e-1,1.4e-1,1e0,1.3394106443431666e-7,-1.3080653e-4,3.840447e-1,2.2276504e-8
19,1,0,0.0,1,2320,31,1,0,1,0,19,6e-1,4e-1,9e-2,1e0,6.923057267457715e-8,-9.4082476e-5,5.563856e-1,7.954477e-9
19,1,0,0.0,1,2360,10,1,0,0,0,20,4e-1,2e-1,1.4e-1,8.788578e-1,8.736116344540913e-8,-5.0199636e-5,1.8996823e-1,6.6326975e-9
19,1,0,0.0,1,2400,26,1,0,1,0,21,4e-1,2e-1,9e-2,1e0,7.480376000204721e-8,-5.8315312e-5,2.7545834e-1,6.1727587e-9
19,1,0,0.0,2,2680,38,1,0,1,0,22,4e-1,8e-1,9e-2,1e0,4.154559231614164e-6,-6.5824133e-4,8.9051795e-1,2.4327508e-7
19,1,0,0.0,2,2720,37,1,0,1,0,23,2e-1,8e-1,9e-2,1e0,7.169143924691032e-7,-5.8284782e-5,6.097484e-2,2.7856702e-8
19,1,0,0.0,2,3160,34,1,0,1,0,24,4e-1,6e-1,9e-2,1e0,1.6330772969101825e-6,2.3490615e-4,7.8759104e-1,3.5031444e-8
19,1,0,0.0,2,3200,16,0,0,0,0,25,8e-1,4e-1,1.4e-1,8.7885773e-1,3.024408829494047e-7,-1.9648302e-4,4.6188632e-1,4.1791207e-8
19,1,0,0.3,0,440,35,1,0,0,0,9,6e-1,6e-1,9e-2,8.133354e-1,2.292259207303056e-3,2.640644e-2,1.3922215e0,2.5042717e-4
19,1,0,0.3,0,480,37,1,0,0,0,10,2e-1,8e-1,9e-2,9.4965845e-1,1.01505639324563e-3,-2.6737978e-3,1.5839496e-1,2.256762e-5
19,1,0,0.3,0,520,25,1,0,0,0,11,2e-1,2e-1,9e-2,9.4965845e-1,1.4261291822676746e-4,5.2381074e-4,2.0774325e-2,6.603769e-6
19,1,0,0.3,0,560,28,1,0,0,0,12,8e-1,2e-1,9e-2,9.4965845e-1,3.6042452503121184e-4,-2.7384167e-3,8.4329826e-1,4.446188e-6
19,1,0,0.3,0,600,40,1,0,0,0,13,8e-1,8e-1,9e-2,9.496584e-1,3.511151481233444e-4,1.208021e-3,3.5013515e-1,2.0839304e-6
19,1,0,0.3,0,640,36,1,0,0,0,14,8e-1,6e-1,9e-2,8.788577e-1,8.628716768124036e-4,8.607792e-4,1.5435015e-1,2.4001947e-6
19,1,0,0.3,0,680,39,1,0,0,0,15,6e-1,8e-1,9e-2,8.788577e-1,1.1926915732816326e-4,3.0335432e-3,1.1019125e0,4.175642e-6
19,1,0,0.3,0,720,27,1,0,0,0,16,6e-1,2e-1,9e-2,8.7885773e-1,8.19455222088287e-5,-1.0031176e-3,1.0045831e0,5.008272e-7
19,1,0,0.3,0,760,30,1,0,0,0,17,4e-1,4e-1,9e-2,8.1333554e-1,5.059963734681794e-5,4.4877804e-4,2.059527e-1,4.889514e-7
19,1,0,0.3,0,800,33,1,0,0,0,18,2e-1,6e-1,9e-2,8.7885773e-1,9.948554604058158e-5,6.84212e-4,6.165177e-1,3.7966961e-7
19,1,0,0.3,0,840,31,1,0,0,0,19,6e-1,4e-1,9e-2,8.133355e-1,1.1176896174735754e-4,-5.700377e-4,4.8578873e-1,3.3444886e-7
19,1,0,0.3,0,880,29,1,0,0,0,20,2e-1,4e-1,9e-2,8.788578e-1,4.800185815207482e-5,2.0418497e-4,1.0305984e-1,2.0226841e-7
19,1,0,0.3,0,920,32,1,0,0,0,21,8e-1,4e-1,9e-2,8.7885773e-1,1.0722588121944852e-4,-4.3882392e-4,3.9132282e-1,2.460455e-7
19,1,0,0.3,0,960,14,1,0,1,0,22,4e-1,4e-1,1.4e-1,1e0,3.587000751598033e-5,-3.5033392e-4,4.9313366e-1,1.2444279e-7
19,1,0,0.3,0,1000,38,1,0,0,0,23,4e-1,8e-1,9e-2,8.7885773e-1,4.701735491488707e-5,-4.3078768e-4,1.2503687e0,7.4209325e-8
19,1,0,0.3,0,1040,24,1,0,1,0,24,8e-1,8e-1,1.4e-1,1e0,6.733393832260673e-5,-2.2713536e-4,2.95611e-1,8.7260744e-8
19,1,0,0.3,0,1080,15,0,0,1,0,25,6e-1,4e-1,1.4e-1,1e0,4.7690882327942926e-5,-2.1679726e-4,8.95426e-1,2.6245079e-8
19,1,0,0.3,0,1120,21,0,0,1,0,25,2e-1,8e-1,1.4e-1,1e0,2.6097569654262012e-5,8.348001e-5,2.447117e-1,1.4239024e-8
19,1,0,0.3,0,1160,22,0,0,1,0,25,4e-1,8e-1,1.4e-1,1e0,5.0750840040657024e-5,-1.4225964e-4,6.908822e-1,1.4646349e-8
19,1,0,0.3,0,1200,22,0,1,2,0,25,4e-1,8e-1,1.4e-1,1e0,5.047921602673703e-5,-1.4387537e-4,6.867138e-1,1.5071869e-8
19,1,0,0.3,1,1240,22,0,2,3,1,25,4e-1,8e-1,1.4e-1,1e0,5.045550747652318e-5,-1.456661e-4,6.8318516e-1,1.5529181e-8
19,1,0,0.3,1,1280,22,0,3,4,1,25,4e-1,8e-1,1.4e-1,1e0,5.0574617918232736e-5,-1.4689987e-4,6.801327e-1,1.5864236e-8
19,1,0,0.3,1,1320,22,0,4,5,1,25,4e-1,8e-1,1.4e-1,1e0,5.076701852926651e-5,-1.4791678e-4,6.774373e-1,1.6148634e-8
19,1,0,0.3,1,1360,17,0,0,1,0,25,2e-1,6e-1,1.4e-1,1e0,2.437073172406952e-5,-9.685873e-5,2.8346944e-1,1.6547839e-8
19,1,0,0.3,1,1400,17,0,1,2,0,25,2e-1,6e-1,1.4e-1,1e0,2.4989215980210253e-5,-1.0086219e-4,2.8343767e-1,1.7946064e-8
19,1,0,0.3,1,1440,17,0,2,3,0,25,2e-1,6e-1,1.4e-1,1e0,2.2816610489847866e-5,-2.2722878e-4,2.8039116e-1,9.2073016e-8
19,1,0,0.3,1,1480,21,0,1,2,1,25,2e-1,8e-1,1.4e-1,1e0,3.370380692454385e-5,1.1084147e-4,2.3937304e-1,2.5662521e-8
19,1,0,0.3,1,1520,34,0,0,0,0,25,4e-1,6e-1,9e-2,8.133355e-1,3.718677282816086e-5,1.8552516e-4,8.0046475e-1,2.1499751e-8
19,1,0,0.3,1,1560,34,0,1,1,0,25,4e-1,6e-1,9e-2,8.133355e-1,3.734715679556988e-5,1.9038998e-4,8.005464e-1,2.2639753e-8
19,1,0,0.3,1,1600,34,0,2,2,0,25,4e-1,6e-1,9e-2,8.133355e-1,3.75790935421415e-5,1.928774e-4,8.003606e-1,2.3240581e-8
19,1,0,0.3,1,1640,34,0,3,3,0,25,4e-1,6e-1,9e-2,8.133355e-1,3.793149970263547e-5,1.8938538e-4,8.0005735e-1,2.2415158e-8
19,1,0,0.3,1,1680,21,0,2,3,1,25,2e-1,8e-1,1.4e-1,1e0,3.6731562288047074e-5,2.1553758e-4,2.4206948e-1,9.595685e-8
19,1,0,0.3,1,1720,34,0,4,4,0,25,4e-1,6e-1,9e-2,8.133355e-1,3.787489511509456e-5,2.0186236e-4,7.9784596e-1,2.5536517e-8
19,1,0,0.3,1,1760,34,0,5,5,0,25,4e-1,6e-1,9e-2,8.133355e-1,3.806185493054134e-5,1.971724e-4,7.96841e-1,2.4394424e-8
19,1,0,0.3,1,1800,34,0,6,6,0,25,4e-1,6e-1,9e-2,8.133355e-1,3.8164988711186927e-5,1.9524776e-4,7.956725e-1,2.3955641e-8
19,1,0,0.3,1,1840,21,0,3,4,1,25,2e-1,8e-1,1.4e-1,1e0,3.5220063199411746e-5,1.02793776e-4,2.4400197e-1,2.1652612e-8
19,1,0,0.3,1,1880,21,0,4,5,1,25,2e-1,8e-1,1.4e-1,1e0,3.6285443688201016e-5,1.6774634e-4,2.447289e-1,5.748981e-8
19,1,0,0.3,1,1920,17,0,3,4,0,25,2e-1,6e-1,1.4e-1,1e0,2.7279373980628452e-5,-1.2421003e-4,2.7786234e-1,2.7762182e-8
19,1,0,0.3,1,1960,34,0,7,7,0,25,4e-1,6e-1,9e-2,8.133355e-1,3.8361181333807556e-5,1.9155341e-4,7.9053265e-1,2.3207585e-8
19,1,0,0.3,1,2000,34,0,8,8,0,25,4e-1,6e-1,9e-2,8.133355e-1,3.83570219677886e-5,1.9097707e-4,7.892185e-1,2.3106555e-8
19,1,0,0.3,1,2040,34,0,9,9,0,25,4e-1,6e-1,9e-2,8.133355e-1,3.872022615692338e-5,1.8211547e-4,7.88365e-1,2.1034701e-8
19,1,0,0.3,1,2080,21,0,5,6,1,25,2e-1,8e-1,1.4e-1,1e0,3.623096775508585e-5,1.56918e-4,2.4816844e-1,4.9609973e-8
19,1,0,0.3,1,2120,17,0,4,5,0,25,2e-1,6e-1,1.4e-1,1e0,2.7735867848249852e-5,-1.0871272e-4,2.7585757e-1,2.1421299e-8
19,1,0,0.3,1,2160,34,0,10,10,0,25,4e-1,6e-1,9e-2,8.133355e-1,3.843053972249075e-5,1.8560307e-4,7.8446656e-1,2.1956641e-8
19,1,0,0.3,1,2200,34,0,11,11,0,25,4e-1,6e-1,9e-2,8.133355e-1,3.8455786426874804e-5,1.8592435e-4,7.833639e-1,2.2063734e-8
19,1,0,0.3,1,2240,17,0,5,6,0,25,2e-1,6e-1,1.4e-1,1e0,2.7668963659272554e-5,-1.0926754e-4,2.7455676e-1,2.1743036e-8
19,1,0,0.3,1,2280,21,0,6,7,1,25,2e-1,8e-1,1.4e-1,1e0,4.105348154766342e-5,3.8279238e-4,2.5349247e-1,2.8902238e-7
19,1,0,0.3,1,2320,34,0,12,12,0,25,4e-1,6e-1,9e-2,8.133355e-1,3.9340676298110944e-5,2.0229202e-4,7.808473e-1,2.6203628e-8
19,1,0,0.3,1,2360,17,0,6,7,0,25,2e-1,6e-1,1.4e-1,1e0,2.762871137336244e-5,-1.1086221e-4,2.7351406e-1,2.2467637e-8
19,1,0,0.3,1,2400,34,0,13,13,0,25,4e-1,6e-1,9e-2,8.133355e-1,3.8551708395823694e-5,1.8122434e-4,7.7858406e-1,2.1091019e-8
19,1,0,0.3,2,2440,21,0,7,8,1,25,2e-1,8e-1,1.4e-1,1e0,3.799258185189792e-5,2.646139e-4,2.549963e-1,1.372971e-7
19,1,0,0.3,2,2480,22,0,5,6,1,25,4e-1,8e-1,1.4e-1,1e0,5.262300295368884e-5,-2.8946e-4,6.5618396e-1,6.384421e-8
19,1,0,0.3,2,2520,17,0,7,8,1,25,2e-1,6e-1,1.4e-1,1e0,2.757196701748282e-5,-1.1058147e-4,2.7225134e-1,2.2457671e-8
19,1,0,0.3,2,2560,17,0,8,9,1,25,2e-1,6e-1,1.4e-1,1e0,2.7692025118163902e-5,-1.0767073e-4,2.720319e-1,2.1308136e-8
19,1,0,0.3,2,2600,34,0,14,14,1,25,4e-1,6e-1,9e-2,8.133355e-1,3.8681416180735475e-5,1.8534073e-4,7.747508e-1,2.2169182e-8
19,1,0,0.3,2,2640,22,0,6,7,1,25,4e-1,8e-1,1.4e-1,1e0,5.292356281921987e-5,-3.3067804e-4,6.5677965e-1,8.324555e-8
19,1,0,0.3,2,2680,17,0,9,10,1,25,2e-1,6e-1,1.4e-1,1e0,2.688928915519429e-5,-1.3551694e-4,2.7071404e-1,3.391926e-8
19,1,0,0.3,2,2720,21,0,8,9,1,25,2e-1,8e-1,1.4e-1,1e0,3.516494529275407e-5,1.0061003e-4,2.5789374e-1,1.9625094e-8
19,1,0,0.3,2,2760,21,0,9,10,1,25,2e-1,8e-1,1.4e-1,1e0,3.703655647556808e-5,2.1941442e-4,2.587041e-1,9.3045855e-8
19,1,0,0.3,2,2800,17,0,10,11,1,25,2e-1,6e-1,1.4e-1,1e0,2.7616149628318986e-5,-1.1048491e-4,2.7063313e-1,2.2552513e-8
19,1,0,0.3,2,2840,17,0,11,12,1,25,2e-1,6e-1,1.4e-1,1e0,2.763107864852341e-5,-1.0996174e-4,2.7040163e-1,2.2358563e-8
19,1,0,0.3,2,2880,21,0,10,11,1,25,2e-1,8e-1,1.4e-1,1e0,3.9290567842791964e-5,3.146839e-4,2.6159987e-1,1.8926987e-7
19,1,0,0.3,2,2920,17,0,12,13,1,25,2e-1,6e-1,1.4e-1,1e0,2.739057010820917e-5,-1.2012797e-4,2.6997143e-1,2.6726399e-8
19,1,0,0.3,2,2960,34,0,15,15,1,25,4e-1,6e-1,9e-2,8.133355e-1,3.901112417682144e-5,1.8515217e-4,7.70116e-1,2.2257248e-8
19,1,0,0.3,2,3000,21,0,11,12,1,25,2e-1,8e-1,1.4e-1,1e0,3.514003610741003e-5,9.7258235e-5,2.6102522e-1,1.8119254e-8
19,1,0,0.3,2,3040,21,0,12,13,1,25,2e-1,8e-1,1.4e-1,1e0,3.623896230749339e-5,1.55995e-4,2.6157597e-1,4.6515055e-8
19,1,0,0.3,2,3080,17,0,13,14,1,25,2e-1,6e-1,1.4e-1,1e0,2.7410962483745597e-5,-1.14828305e-4,2.6927602e-1,2.4483315e-8
19,1,0,0.3,2,3120,17,0,14,15,1,25,2e-1,6e-1,1.4e-1,1e0,2.7947830551109352e-5,-9.947174e-5,2.6946527e-1,1.8359746e-8
19,1,0,0.3,2,3160,21,0,13,14,1,25,2e-1,8e-1,1.4e-1,1e0,4.012021948698421e-5,3.4553604e-4,2.6376936e-1,2.2632491e-7
19,1,0,0.3,2,3200,17,0,15,16,1,25,2e-1,6e-1,1.4e-1,1e0,2.8047725627489594e-5,-9.7028285e-5,2.693626e-1,1.7475491e-8
19,1,0,0.3,2,3240,34,0,16,16,1,25,4e-1,6e-1,9e-2,8.133355e-1,3.8918587031083346e-5,1.721869e-4,7.676647e-1,1.9310729e-8
19,1,0,0.3,2,3280,34,0,17,17,1,25,4e-1,6e-1,9e-2,8.133355e-1,3.954963884523191e-5,2.2865931e-4,7.670578e-1,3.4081577e-8
19,1,0,0.3,2,3320,34,0,18,18,1,25,4e-1,6e-1,9e-2,8.133355e-1,3.862084720927854e-5,1.9056196e-4,7.665542e-1,2.3686427e-8
19,1,0,0.3,2,3360,21,0,14,15,1,25,2e-1,8e-1,1.4e-1,1e0,3.5907115996072956e-5,1.0932827e-4,2.643853e-1,2.2604642e-8
19,1,0,0.3,2,3400,34,0,19,19,1,25,4e-1,6e-1,9e-2,8.133355e-1,3.867478440727451e-5,1.8414194e-4,7.663092e-1,2.2124395e-8
19,1,0,0.3,2,3440,34,0,20,20,1,25,4e-1,6e-1,9e-2,8.133355e-1,3.888127000480417e-5,1.7104417e-4,7.663327e-1,1.9088386e-8
19,1,0,0.3,2,3480,17,0,16,17,1,25,2e-1,6e-1,1.4e-1,1e0,2.766699079008153e-5,-1.1118683e-4,2.683494e-1,2.3034357e-8
19,1,0,0.3,2,3520,34,0,21,21,1,25,4e-1,6e-1,9e-2,8.133355e-1,3.787871194258095e-5,3.6691723e-4,7.6153064e-1,8.839319e-8
19,1,0,0.3,2,3560,22,0,7,8,1,25,4e-1,8e-1,1.4e-1,1e0,5.319377607078218e-5,-1.6888781e-4,6.5220505e-1,2.1866661e-8
19,1,0,0.3,2,3600,17,0,17,18,1,25,2e-1,6e-1,1.4e-1,1e0,2.796017430848676e-5,-9.92414e-5,2.6828548e-1,1.8355177e-8
19,1,1,0.0,0,440,35,1,0,0,0,9,6e-1,6e-1,9e-2,8.133354e-1,1.8460524216020414e-3,2.3128485e-2,1.3144164e0,2.0348454e-4
19,1,1,0.0,0,480,30,1,0,0,0,10,4e-1,4e-1,9e-2,8.1333554e-1,4.0139054862201295e-4,-4.926104e-3,4.2087856e-1,2.8828388e-5
19,1,1,0.0,0,520,24,1,0,0,0,11,8e-1,8e-1,1.4e-1,9.496584e-1,1.2102582305317473e-6,2.6472387e-4,2.8556016e-1,1.2270397e-7
19,1,1,0.0,1,1440,19,1,0,1,0,12,6e-1,6e-1,1.4e-1,1e0,7.520332749150385e-8,-1.7444114e-4,1.348669e0,1.1281386e-8
19,1,1,0.0,1,1480,18,1,0,0,0,13,4e-1,6e-1,1.4e-1,8.133355e-1,3.714505973305355e-7,-3.5250577e-4,8.689899e-1,7.1496984e-8
19,1,1,0.0,1,1520,20,1,0,0,0,14,8e-1,6e-1,1.4e-1,8.788577e-1,2.1265392927005245e-7,-1.5808507e-4,4.6226785e-1,2.7030744e-8
19,1,1,0.0,1,2240,36,1,0,1,0,15,8e-1,6e-1,9e-2,1e0,1.9896359989602706e-7,-1.0426838e-4,5.11327e-1,1.0631059e-8
19,1,1,0.0,1,2280,39,1,0,0,0,16,6e-1,8e-1,9e-2,8.788577e-1,3.844313326501723e-7,2.5591912e-4,1.0340599e0,3.1668666e-8
19,1,1,0.0,1,2320,34,1,0,1,0,17,4e-1,6e-1,9e-2,1e0,2.855959971481445e-7,-1.7438534e-4,6.933054e-1,2.193135e-8
19,1,1,0.0,1,2360,22,1,0,0,0,18,4e-1,8e-1,1.4e-1,8.7885773e-1,1.6091672749616495e-7,1.2902865e-4,8.307754e-1,1.0019791e-8
19,1,1,0.0,1,2400,23,1,0,1,0,19,6e-1,8e-1,1.4e-1,1e0,2.848319003380382e-7,2.0457177e-4,7.3690253e-1,2.839562e-8
19,1,1,0.0,2,2440,16,1,0,0,0,20,8e-1,4e-1,1.4e-1,8.7885773e-1,1.553982139751019e-7,-1.5646254e-4,7.71367e-1,1.5868276e-8
19,1,1,0.0,2,2480,21,1,0,0,0,21,2e-1,8e-1,1.4e-1,9.4965845e-1,2.771805979981948e-7,5.797672e-5,7.8541115e-2,2.1398346e-8
19,1,1,0.0,2,3160,17,1,0,0,0,22,2e-1,6e-1,1.4e-1,8.7885773e-1,3.851956360589461e-6,-2.3584669e-4,9.89001e-2,2.8121133e-7
19,1,1,0.0,2,3200,37,1,0,1,0,23,2e-1,8e-1,9e-2,1e0,1.6404845461929882e-7,-7.3031133e-6,3.2327408e-3,8.249264e-9
19,1,1,0.0,2,3560,33,1,0,1,0,24,2e-1,6e-1,9e-2,1e0,9.62054782199871e-7,1.1242386e-5,1.7022834e-3,3.7124032e-8
19,1,1,0.3,0,440,35,1,0,0,0,9,6e-1,6e-1,9e-2,8.133354e-1,2.292259207303056e-3,2.640644e-2,1.3922215e0,2.5042717e-4
19,1,1,0.3,0,480,37,1,0,0,0,10,2e-1,8e-1,9e-2,9.4965845e-1,1.01505639324563e-3,-2.6737978e-3,1.5839496e-1,2.256762e-5
19,1,1,0.3,0,520,25,1,0,0,0,11,2e-1,2e-1,9e-2,9.4965845e-1,1.4261291822676746e-4,5.2381074e-4,2.0774325e-2,6.603769e-6
19,1,1,0.3,0,560,28,1,0,0,0,12,8e-1,2e-1,9e-2,9.4965845e-1,3.6042452503121184e-4,-2.7384167e-3,8.4329826e-1,4.446188e-6
19,1,1,0.3,0,600,40,1,0,0,0,13,8e-1,8e-1,9e-2,9.496584e-1,3.511151481233444e-4,1.208021e-3,3.5013515e-1,2.0839304e-6
19,1,1,0.3,0,640,36,1,0,0,0,14,8e-1,6e-1,9e-2,8.788577e-1,8.628716768124036e-4,8.607792e-4,1.5435015e-1,2.4001947e-6
19,1,1,0.3,0,680,39,1,0,0,0,15,6e-1,8e-1,9e-2,8.788577e-1,1.1926915732816326e-4,3.0335432e-3,1.1019125e0,4.175642e-6
19,1,1,0.3,0,720,27,1,0,0,0,16,6e-1,2e-1,9e-2,8.7885773e-1,8.19455222088287e-5,-1.0031176e-3,1.0045831e0,5.008272e-7
19,1,1,0.3,0,760,30,1,0,0,0,17,4e-1,4e-1,9e-2,8.1333554e-1,5.059963734681794e-5,4.4877804e-4,2.059527e-1,4.889514e-7
19,1,1,0.3,0,800,33,1,0,0,0,18,2e-1,6e-1,9e-2,8.7885773e-1,9.948554604058158e-5,6.84212e-4,6.165177e-1,3.7966961e-7
19,1,1,0.3,0,840,31,1,0,0,0,19,6e-1,4e-1,9e-2,8.133355e-1,1.1176896174735754e-4,-5.700377e-4,4.8578873e-1,3.3444886e-7
19,1,1,0.3,0,880,29,1,0,0,0,20,2e-1,4e-1,9e-2,8.788578e-1,4.800185815207482e-5,2.0418497e-4,1.0305984e-1,2.0226841e-7
19,1,1,0.3,0,920,32,1,0,0,0,21,8e-1,4e-1,9e-2,8.7885773e-1,1.0722588121944852e-4,-4.3882392e-4,3.9132282e-1,2.460455e-7
19,1,1,0.3,0,960,14,1,0,1,0,22,4e-1,4e-1,1.4e-1,1e0,3.587000751598033e-5,-3.5033392e-4,4.9313366e-1,1.2444279e-7
19,1,1,0.3,0,1000,38,1,0,0,0,23,4e-1,8e-1,9e-2,8.7885773e-1,4.701735491488707e-5,-4.3078768e-4,1.2503687e0,7.4209325e-8
19,1,1,0.3,0,1040,24,1,0,1,0,24,8e-1,8e-1,1.4e-1,1e0,6.733393832260673e-5,-2.2713536e-4,2.95611e-1,8.7260744e-8
19,1,1,0.3,0,1080,15,0,0,1,0,25,6e-1,4e-1,1.4e-1,1e0,4.7690882327942926e-5,-2.1679726e-4,8.95426e-1,2.6245079e-8
19,1,1,0.3,0,1120,21,0,0,1,0,25,2e-1,8e-1,1.4e-1,1e0,2.6097569654262012e-5,8.348001e-5,2.447117e-1,1.4239024e-8
19,1,1,0.3,0,1160,22,0,0,1,0,25,4e-1,8e-1,1.4e-1,1e0,5.0750840040657024e-5,-1.4225964e-4,6.908822e-1,1.4646349e-8
19,1,1,0.3,0,1200,22,0,1,2,0,25,4e-1,8e-1,1.4e-1,1e0,5.047921602673703e-5,-1.4387537e-4,6.867138e-1,1.5071869e-8
19,1,1,0.3,1,1240,16,0,0,1,0,25,8e-1,4e-1,1.4e-1,1e0,2.6221300220815653e-4,2.1006146e-3,4.4019452e-1,5.0120816e-6
19,1,1,0.3,1,1280,26,0,0,0,0,25,4e-1,2e-1,9e-2,8.788578e-1,2.4444297927269206e-4,9.601661e-4,4.9107173e-1,9.3868056e-7
19,1,1,0.3,1,1320,34,0,0,0,0,25,4e-1,6e-1,9e-2,8.133355e-1,9.628727868402325e-5,1.1856732e-3,1.1473635e0,6.1263097e-7
19,1,1,0.3,1,1360,15,0,1,2,1,25,6e-1,4e-1,1.4e-1,1e0,1.3882169427980898e-4,2.2601327e-3,2.351986e0,1.0859333e-6
19,1,1,0.3,1,1400,16,0,1,2,0,25,8e-1,4e-1,1.4e-1,1e0,2.3251652674186307e-4,4.892525e-3,2.1317875e0,5.6142553e-6
19,1,1,0.3,1,1440,15,0,2,3,1,25,6e-1,4e-1,1.4e-1,1e0,1.425905076414416e-4,3.3106692e-3,3.555713e0,1.5412564e-6
19,1,1,0.3,1,1480,15,0,3,4,1,25,6e-1,4e-1,1.4e-1,1e0,1.6397993691381758e-4,5.4474655e-3,4.128548e0,3.593864e-6
19,1,1,0.3,1,1520,15,0,4,5,1,25,6e-1,4e-1,1.4e-1,1e0,1.622790673514009e-4,5.61489e-3,4.5857296e0,3.4375105e-6
19,1,1,0.3,1,1560,15,0,5,6,1,25,6e-1,4e-1,1.4e-1,1e0,1.3514825317528288e-4,2.4999355e-3,4.8154583e0,6.489182e-7
19,1,1,0.3,1,1600,34,0,1,1,0,25,4e-1,6e-1,9e-2,8.133355e-1,6.164184966823903e-5,6.3396385e-4,7.6301855e-1,2.6336855e-7
19,1,1,0.3,1,1640,16,0,2,3,0,25,8e-1,4e-1,1.4e-1,1e0,1.8127226060672726e-4,4.263457e-3,5.0665674e0,1.7938244e-6
19,1,1,0.3,1,1680,19,0,0,1,0,25,6e-1,6e-1,1.4e-1,1e0,1.9956464767258551e-4,-1.4702269e-3,2.7947161e0,3.8672394e-7
19,1,1,0.3,1,1720,15,0,6,7,1,25,6e-1,4e-1,1.4e-1,1e0,1.5849655369986815e-4,6.1194203e-3,6.242903e0,2.99919e-6
19,1,1,0.3,1,1760,16,0,3,4,0,25,8e-1,4e-1,1.4e-1,1e0,1.964675532877995e-4,5.7685995e-3,5.581956e0,2.980742e-6
19,1,1,0.3,1,1800,16,0,4,5,0,25,8e-1,4e-1,1.4e-1,1e0,1.8180138514187322e-4,4.7122687e-3,6.101157e0,1.8197759e-6
19,1,1,0.3,1,1840,16,0,5,6,0,25,8e-1,4e-1,1.4e-1,1e0,1.7395557322049288e-4,3.921145e-3,6.4917054e0,1.1842327e-6
19,1,1,0.3,1,1880,16,0,6,7,0,25,8e-1,4e-1,1.4e-1,1e0,1.77909608809222e-4,4.4496083e-3,6.5503254e0,1.5113001e-6
19,1,1,0.3,1,1920,16,0,7,8,0,25,8e-1,4e-1,1.4e-1,1e0,1.807831290578779e-4,4.7955676e-3,6.626762e0,1.7351965e-6
19,1,1,0.3,1,1960,16,0,8,9,0,25,8e-1,4e-1,1.4e-1,1e0,1.811322904290525e-4,4.855802e-3,6.7472405e0,1.747293e-6
19,1,1,0.3,1,2000,16,0,9,10,0,25,8e-1,4e-1,1.4e-1,1e0,1.8132471837360308e-4,4.88846e-3,6.849337e0,1.7444785e-6
19,1,1,0.3,1,2040,16,0,10,11,0,25,8e-1,4e-1,1.4e-1,1e0,1.8205253914866545e-4,4.9687615e-3,6.9146833e0,1.7852293e-6
19,1,1,0.3,1,2080,16,0,11,12,0,25,8e-1,4e-1,1.4e-1,1e0,1.806447704933652e-4,4.8251017e-3,7.0125837e0,1.6599877e-6
19,1,1,0.3,1,2120,16,0,12,13,0,25,8e-1,4e-1,1.4e-1,1e0,1.7804789306159524e-4,4.530503e-3,7.122228e0,1.4409435e-6
19,1,1,0.3,1,2160,16,0,13,14,0,25,8e-1,4e-1,1.4e-1,1e0,1.773259966618568e-4,4.43707e-3,7.160137e0,1.3748054e-6
19,1,1,0.3,1,2200,16,0,14,15,0,25,8e-1,4e-1,1.4e-1,1e0,1.7560640759386027e-4,4.2198347e-3,7.205739e0,1.2356126e-6
19,1,1,0.3,1,2240,16,0,15,16,0,25,8e-1,4e-1,1.4e-1,1e0,1.7393616679564012e-4,3.9989823e-3,7.232124e0,1.1056128e-6
19,1,1,0.3,1,2280,16,0,16,17,0,25,8e-1,4e-1,1.4e-1,1e0,1.723030924002635e-4,3.7745452e-3,7.240916e0,9.837976e-7
19,1,1,0.3,1,2320,16,0,17,18,0,25,8e-1,4e-1,1.4e-1,1e0,1.7071845608349341e-4,3.5492328e-3,7.233095e0,8.7079275e-7
19,1,1,0.3,1,2360,19,0,1,2,0,25,6e-1,6e-1,1.4e-1,1e0,1.8488906227623054e-4,-2.2039316e-3,3.048528e0,7.966655e-7
19,1,1,0.3,1,2400,19,0,2,3,0,25,6e-1,6e-1,1.4e-1,1e0,1.842654067319291e-4,-2.1071767e-3,3.043936e0,7.293507e-7
19,1,1,0.3,2,2440,12,0,0,1,0,25,8e-1,2e-1,1.4e-1,1e0,6.903192231982172e-4,-3.5984484e-3,4.6715248e-1,1.385932e-5
19,1,1,0.3,2,2480,22,0,2,3,1,25,4e-1,8e-1,1.4e-1,1e0,2.18531304787942e-4,-3.3928347e-3,3.5106063e-1,1.639507e-5
19,1,1,0.3,2,2520,34,0,2,2,1,25,4e-1,6e-1,9e-2,8.133355e-1,3.6524839512407786e-4,1.1518538e-3,3.5379013e-1,1.8750767e-6
19,1,1,0.3,2,2560,26,0,1,1,1,25,4e-1,2e-1,9e-2,8.788578e-1,4.003214904885081e-4,9.0540876e-4,5.328471e-1,7.69231e-7
19,1,1,0.3,2,2600,20,0,0,1,0,25,8e-1,6e-1,1.4e-1,1e0,2.8650142919568234e-4,-2.7571786e-3,9.091316e-1,4.1809317e-6
19,1,1,0.3,2,2640,22,0,3,4,1,25,4e-1,8e-1,1.4e-1,1e0,9.411400117430047e-5,1.5729705e-3,3.6596617e-1,3.3804165e-6
19,1,1,0.3,2,2680,26,0,2,2,1,25,4e-1,2e-1,9e-2,8.788578e-1,3.110032585365402e-4,6.4216385e-4,4.746775e-1,4.3437325e-7
19,1,1,0.3,2,2720,26,0,3,3,1,25,4e-1,2e-1,9e-2,8.788578e-1,2.9361835617301235e-4,5.4466486e-4,4.752225e-1,3.1212727e-7
19,1,1,0.3,2,2760,26,0,4,4,1,25,4e-1,2e-1,9e-2,8.788578e-1,2.78977251200692e-4,4.7219836e-4,4.7649974e-1,2.3396791e-7
19,1,1,0.3,2,2800,11,0,0,1,0,25,6e-1,2e-1,1.4e-1,1e0,2.5480889654624857e-4,6.8196794e-4,1.0408589e0,2.2341177e-7
19,1,1,0.3,2,2840,11,0,1,2,0,25,6e-1,2e-1,1.4e-1,1e0,2.4543229105489895e-4,7.1230857e-4,1.042275e0,2.4340196e-7
19,1,1,0.3,2,2880,11,0,2,3,0,25,6e-1,2e-1,1.4e-1,1e0,2.3703749673535104e-4,7.4115605e-4,1.0464505e0,2.6246454e-7
19,1,1,0.3,2,2920,11,0,3,4,0,25,6e-1,2e-1,1.4e-1,1e0,2.2927328919805686e-4,7.686499e-4,1.0522686e0,2.807376e-7
19,1,1,0.3,2,2960,11,0,4,5,0,25,6e-1,2e-1,1.4e-1,1e0,2.2191596620167264e-4,7.9546217e-4,1.0591909e0,2.9869975e-7
19,1,1,0.3,2,3000,11,0,5,6,0,25,6e-1,2e-1,1.4e-1,1e0,2.148212514812686e-4,8.218071e-4,1.066998e0,3.164799e-7
19,1,1,0.3,2,3040,11,0,6,7,0,25,6e-1,2e-1,1.4e-1,1e0,2.0788702189544796e-4,8.48197e-4,1.0756404e0,3.344232e-7
19,1,1,0.3,2,3080,11,0,7,8,0,25,6e-1,2e-1,1.4e-1,1e0,2.0103467758103634e-4,8.746833e-4,1.0851827e0,3.525079e-7
19,1,1,0.3,2,3120,11,0,8,9,0,25,6e-1,2e-1,1.4e-1,1e0,1.9418115753258464e-4,9.013518e-4,1.0957552e0,3.7071925e-7
19,1,1,0.3,2,3160,11,0,9,10,0,25,6e-1,2e-1,1.4e-1,1e0,1.8722149034158667e-4,9.280944e-4,1.1075389e0,3.888618e-7
19,1,1,0.3,2,3200,11,0,10,11,0,25,6e-1,2e-1,1.4e-1,1e0,1.8000769238548135e-4,9.538982e-4,1.1207193e0,4.0595435e-7
19,1,1,0.3,2,3240,10,0,0,5,0,25,4e-1,2e-1,1.4e-1,8.788578e-1,1.9404142545148586e-4,-7.8238384e-4,7.17621e-1,4.2649566e-7
19,1,1,0.3,2,3280,10,0,1,6,0,25,4e-1,2e-1,1.4e-1,8.788578e-1,1.763103809816379e-4,-8.161492e-4,7.824037e-1,4.2567504e-7
19,1,1,0.3,2,3320,11,0,11,12,0,25,6e-1,2e-1,1.4e-1,1e0,1.5410615440611787e-4,9.7404286e-4,1.1641371e0,4.0749475e-7
19,1,1,0.3,2,3360,11,0,12,13,0,25,6e-1,2e-1,1.4e-1,1e0,1.4441692873327054e-4,9.108486e-4,1.1703646e0,3.5443878e-7
19,1,1,0.3,2,3400,11,0,13,14,0,25,6e-1,2e-1,1.4e-1,1e0,1.3753114766555354e-4,8.099502e-4,1.1673405e0,2.8098881e-7
19,1,1,0.3,2,3440,11,0,14,15,0,25,6e-1,2e-1,1.4e-1,1e0,1.3432860171818254e-4,7.13666e-4,1.1596016e0,2.1960956e-7
19,1,1,0.3,2,3480,11,0,15,16,0,25,6e-1,2e-1,1.4e-1,1e0,1.333837864028747e-4,6.3961744e-4,1.1511463e0,1.7769699e-7
19,1,1,0.3,2,3520,11,0,16,17,0,25,6e-1,2e-1,1.4e-1,1e0,1.3337340710042615e-4,5.8587885e-4,1.143697e0,1.5006336e-7
19,1,1,0.3,2,3560,11,0,17,18,0,25,6e-1,2e-1,1.4e-1,1e0,1.3359340487616888e-4,5.474312e-4,1.1376092e0,1.3171521e-7
19,1,1,0.3,2,3600,11,0,18,19,0,25,6e-1,2e-1,1.4e-1,1e0,1.3375521736499018e-4,5.200937e-4,1.1327463e0,1.1939896e-7
41,0,0,0.0,1,1760,18,1,0,0,0,9,4e-1,6e-1,1.4e-1,8.133355e-1,1.743869479437379e-6,6.125893e-4,5.976529e-1,3.1394947e-7
41,0,0,0.0,1,1800,15,1,0,0,0,10,6e-1,4e-1,1.4e-1,8.133355e-1,7.694674894987034e-8,-2.6131485e-4,1.1979842e0,2.8500146e-8
41,0,0,0.0,1,1840,17,1,0,0,0,11,2e-1,6e-1,1.4e-1,8.7885773e-1,1.7114313199519895e-7,-1.19012475e-4,2.3905233e-1,2.962525e-8
41,0,0,0.0,2,2520,11,1,0,0,0,12,6e-1,2e-1,1.4e-1,8.7885773e-1,3.9448328767574746e-7,-3.870287e-4,6.590103e-1,1.1364862e-7
41,0,0,0.0,2,2560,22,1,0,0,0,13,4e-1,8e-1,1.4e-1,8.7885773e-1,4.465384134740004e-7,4.3990774e-5,1.8783716e-2,5.151239e-8
41,0,0,0.0,2,3080,19,1,0,0,0,14,6e-1,6e-1,1.4e-1,8.133354e-1,2.5092808626020426e-7,-2.819603e-4,5.549972e-1,7.162343e-8
41,0,0,0.0,2,3120,9,1,0,0,0,15,2e-1,2e-1,1.4e-1,9.4965845e-1,6.777394281069594e-7,4.1662387e-4,4.493651e-1,1.9313408e-7
41,0,0,0.0,2,3160,25,1,0,1,0,16,2e-1,2e-1,9e-2,1e0,6.862493669522502e-8,-9.561474e-5,5.4879105e-1,8.32938e-9
41,0,0,0.0,2,3200,13,1,0,0,0,17,2e-1,4e-1,1.4e-1,8.788578e-1,1.1229252399969154e-7,-1.3610315e-4,8.454011e-1,1.0955785e-8
41,0,0,0.0,2,3240,27,1,0,1,0,18,6e-1,2e-1,9e-2,1e0,3.3468373338654005e-8,-8.162382e-5,3.7160623e-1,8.964392e-9
41,0,0,0.0,2,3280,12,1,0,0,0,19,8e-1,2e-1,1.4e-1,9.4965845e-1,9.431585636421713e-8,9.008404e-5,2.7991232e-1,1.4495851e-8
41,0,0,0.0,2,3320,14,1,0,0,0,20,4e-1,4e-1,1.4e-1,8.1333554e-1,3.873957205910282e-8,-1.0029468e-4,9.0080565e-1,5.583348e-9
41,0,0,0.0,2,3360,30,1,0,1,0,21,4e-1,4e-1,9e-2,1e0,1.1422079633288244e-7,-2.2298879e-4,1.6129446e0,1.5414045e-8
41,0,0,0.3,0,440,25,1,0,0,0,9,2e-1,2e-1,9e-2,9.4965845e-1,1.0003459588031126e-3,4.524772e-3,6.182196e-1,1.6558486e-5
41,0,0,0.3,0,480,28,1,0,0,0,10,8e-1,2e-1,9e-2,9.4965845e-1,1.1361445540125274e-3,3.7199894e-3,3.814948e-1,1.8136972e-5
41,0,0,0.3,0,520,29,1,0,0,0,11,2e-1,4e-1,9e-2,8.788578e-1,3.1232889192462347e-4,2.5727458e-3,6.331103e-1,5.227384e-6
41,0,0,0.3,0,560,37,1,0,0,0,12,2e-1,8e-1,9e-2,9.4965845e-1,1.7994014083424077e-4,4.7392066e-5,3.4941483e-4,3.2139565e-6
41,0,0,0.3,0,600,31,1,0,0,0,13,6e-1,4e-1,9e-2,8.133355e-1,1.8356808202109852e-4,-2.2564624e-3,1.2047198e0,2.1131978e-6
41,0,0,0.3,0,640,26,1,0,0,0,14,4e-1,2e-1,9e-2,8.788578e-1,1.7194149685333324e-4,-1.675724e-3,1.1148458e0,1.2593899e-6
41,0,0,0.3,0,680,35,1,0,0,0,15,6e-1,6e-1,9e-2,8.133354e-1,9.387635426032329e-5,-7.002119e-4,1.8345281e-1,1.3363019e-6
41,0,0,0.3,0,720,32,1,0,0,0,16,8e-1,4e-1,9e-2,8.7885773e-1,7.026477250696203e-5,8.6600194e-4,9.3957174e-1,3.990964e-7
41,0,0,0.3,0,760,30,1,0,0,0,17,4e-1,4e-1,9e-2,8.1333554e-1,1.3814899437578123e-4,-8.923429e-4,1.547219e0,2.5732484e-7
41,0,0,0.3,0,800,20,1,0,0,0,18,8e-1,6e-1,1.4e-1,8.788577e-1,2.4984345913301482e-5,2.3316422e-4,2.0652875e-1,1.316174e-7
41,0,0,0.3,0,840,18,1,0,0,0,19,4e-1,6e-1,1.4e-1,8.133355e-1,9.897550415844366e-5,-4.229882e-4,6.607127e-1,1.353985e-7
41,0,0,0.3,0,880,38,1,0,0,0,20,4e-1,8e-1,9e-2,8.7885773e-1,7.795313463550094e-5,1.1433627e-5,9.2614544e-5,7.0576294e-7
41,0,0,0.3,0,920,11,1,0,0,0,21,6e-1,2e-1,1.4e-1,8.7885773e-1,8.843363141330199e-5,4.2409002e-4,6.06846e-1,1.4818615e-7
41,0,0,0.3,0,960,27,1,0,1,0,22,6e-1,2e-1,9e-2,1e0,7.403545648487661e-5,-3.899496e-4,3.1418806e-1,2.419899e-7
41,0,0,0.3,0,1000,14,1,0,1,0,23,4e-1,4e-1,1.4e-1,1e0,9.80579196490228e-5,2.3945668e-4,1.05224e0,2.7246399e-8
41,0,0,0.3,0,1040,13,1,0,1,0,24,2e-1,4e-1,1.4e-1,1e0,7.346847976284784e-5,7.4358337e-4,2.4925478e0,1.1091387e-7
41,0,0,0.3,0,1080,17,0,0,0,0,25,2e-1,6e-1,1.4e-1,8.7885773e-1,4.5289740588973285e-5,-6.139745e-4,1.0127922e0,1.861017e-7
41,0,0,0.3,0,1120,39,0,0,0,0,25,6e-1,8e-1,9e-2,8.788577e-1,2.778763496760463e-6,-3.6980389e-6,2.0159455e-4,3.3918305e-8
41,0,0,0.3,0,1160,39,0,1,1,0,25,6e-1,8e-1,9e-2,8.788577e-1,2.8227298300378544e-6,-3.639057e-6,1.9969586e-4,3.3157264e-8
41,0,0,0.3,0,1200,39,0,2,2,0,25,6e-1,8e-1,9e-2,8.788577e-1,2.7496428321681045e-6,-3.292256e-6,1.9891186e-4,2.7245608e-8
41,0,0,0.3,1,1240,39,0,3,3,1,25,6e-1,8e-1,9e-2,8.788577e-1,2.673509945150868e-6,-2.9298553e-6,1.9853018e-4,2.161901e-8
41,0,0,0.3,1,1280,40,0,0,0,0,25,8e-1,8e-1,9e-2,9.496584e-1,1.7766661364303887e-6,-2.026253e-5,1.1622864e-2,1.7662176e-8
41,0,0,0.3,1,1320,40,0,1,1,0,25,8e-1,8e-1,9e-2,9.496584e-1,1.7946864246992486e-6,-1.8796556e-5,1.1701469e-2,1.5096845e-8
41,0,0,0.3,1,1360,22,0,0,1,0,25,4e-1,8e-1,1.4e-1,1e0,2.566294710461449e-3,1.3985556e-3,5.7127266e-3,1.7119301e-4
41,0,0,0.3,1,1400,21,0,0,1,0,25,2e-1,8e-1,1.4e-1,1e0,1.9649956187699765e-2,5.332228e-4,2.8580576e-4,4.974122e-4
41,0,0,0.3,1,1440,33,0,0,1,0,25,2e-1,6e-1,9e-2,8.7885773e-1,9.60265416899095e-3,4.345571e-3,4.4306833e-2,2.1310471e-4
41,0,0,0.3,1,1480,33,0,1,2,0,25,2e-1,6e-1,9e-2,8.7885773e-1,3.887623666274103e-3,6.5691695e-3,1.8913321e-1,1.1408358e-4
41,0,0,0.3,1,1520,39,0,4,4,1,25,6e-1,8e-1,9e-2,8.788577e-1,7.5128862600731415e-6,-9.422251e-6,2.1064618e-4,2.1072974e-7
41,0,0,0.3,1,1560,23,0,0,5,0,25,6e-1,8e-1,1.4e-1,8.788577e-1,2.2583395366341002e-5,6.8780704e-5,2.0216256e-2,1.1700448e-7
41,0,0,0.3,1,1600,39,0,5,6,1,25,6e-1,8e-1,9e-2,8.788577e-1,6.449534521469311e-6,6.6924176e-6,1.4031277e-4,1.5960221e-7
41,0,0,0.3,1,1640,23,0,1,7,0,25,6e-1,8e-1,1.4e-1,8.788577e-1,1.7958913608979048e-5,6.0574017e-5,2.0814603e-2,8.814032e-8
41,0,0,0.3,1,1680,22,0,1,2,0,25,4e-1,8e-1,1.4e-1,1e0,4.7964197862754606e-5,8.5074615e-5,7.5611226e-2,4.7861214e-8
41,0,0,0.3,1,1720,22,0,2,3,0,25,4e-1,8e-1,1.4e-1,1e0,4.537878753250835e-5,7.939627e-5,7.921532e-2,3.9788816e-8
41,0,0,0.3,1,1760,22,0,3,4,0,25,4e-1,8e-1,1.4e-1,1e0,4.3435310360931027e-5,7.4483076e-5,8.266421e-2,3.3555807e-8
41,0,0,0.3,1,1800,22,0,4,5,0,25,4e-1,8e-1,1.4e-1,1e0,4.186662270736843e-5,7.001219e-5,8.599538e-2,2.8499825e-8
41,0,0,0.3,1,1840,22,0,5,6,0,25,4e-1,8e-1,1.4e-1,1e0,4.0538847524357055e-5,6.6042405e-5,8.923011e-2,2.4440174e-8
41,0,0,0.3,1,1880,22,0,6,7,0,25,4e-1,8e-1,1.4e-1,1e0,3.9378504875796174e-5,6.231004e-5,9.241219e-2,2.1006652e-8
41,0,0,0.3,1,1920,22,0,7,8,0,25,4e-1,8e-1,1.4e-1,1e0,3.834756063108921e-5,5.8992155e-5,9.555165e-2,1.8210436e-8
41,0,0,0.3,1,1960,22,0,8,9,0,25,4e-1,8e-1,1.4e-1,1e0,3.7415201995671756e-5,5.585395e-5,9.8682955e-2,1.5806497e-8
41,0,0,0.3,1,2000,22,0,9,10,0,25,4e-1,8e-1,1.4e-1,1e0,3.6561335307216296e-5,5.298553e-5,1.0181115e-1,1.3787618e-8
41,0,0,0.3,1,2040,22,0,10,11,0,25,4e-1,8e-1,1.4e-1,1e0,3.5767473640304594e-5,5.025208e-5,1.0495343e-1,1.203044e-8
41,0,0,0.3,1,2080,22,0,11,12,0,25,4e-1,8e-1,1.4e-1,1e0,3.502353432347908e-5,4.777254e-5,1.0810384e-1,1.0555665e-8
41,0,0,0.3,1,2120,22,0,12,13,0,25,4e-1,8e-1,1.4e-1,1e0,3.432175604594362e-5,4.5434357e-5,1.1127222e-1,9.275813e-9
41,0,0,0.3,1,2160,22,0,13,14,0,25,4e-1,8e-1,1.4e-1,1e0,3.3653157810080756e-5,4.3242773e-5,1.1445402e-1,8.168946e-9
41,0,0,0.3,1,2200,22,0,14,15,0,25,4e-1,8e-1,1.4e-1,1e0,3.301568908480182e-5,4.1049367e-5,1.1765992e-1,7.1606823e-9
41,0,0,0.3,1,2240,40,0,2,2,0,25,8e-1,8e-1,9e-2,9.496584e-1,1.8107173808707476e-6,-1.2967877e-5,1.1898813e-2,7.0664967e-9
41,0,0,0.3,1,2280,40,0,3,3,0,25,8e-1,8e-1,9e-2,9.496584e-1,1.8210275182255743e-6,-1.3027365e-5,1.18971495e-2,7.1324746e-9
41,0,0,0.3,1,2320,40,0,4,4,0,25,8e-1,8e-1,9e-2,9.496584e-1,1.8324862678402343e-6,-1.3052135e-5,1.1895335e-2,7.1607156e-9
41,0,0,0.3,1,2360,40,0,5,5,0,25,8e-1,8e-1,9e-2,9.496584e-1,1.8451572591402223e-6,-1.3053292e-5,1.189361e-2,7.1630244e-9
41,0,0,0.3,1,2400,40,0,6,6,0,25,8e-1,8e-1,9e-2,9.496584e-1,1.8590223987651637e-6,-1.3022787e-5,1.1892024e-2,7.130535e-9
41,0,0,0.3,2,2440,40,0,7,7,1,25,8e-1,8e-1,9e-2,9.496584e-1,1.8736006408437045e-6,-1.2980304e-5,1.1890785e-2,7.0848265e-9
41,0,0,0.3,2,2480,40,0,8,8,1,25,8e-1,8e-1,9e-2,9.496584e-1,1.889212684218402e-6,-1.2915954e-5,1.1889924e-2,7.015262e-9
41,0,0,0.3,2,2520,40,0,9,9,1,25,8e-1,8e-1,9e-2,9.496584e-1,1.9052291834293274e-6,-1.283037e-5,1.188949e-2,6.922853e-9
41,0,0,0.3,2,2560,40,0,10,10,1,25,8e-1,8e-1,9e-2,9.496584e-1,1.92211785917245e-6,-1.2737797e-5,1.1889677e-2,6.823208e-9
41,0,0,0.3,2,2600,40,0,11,11,1,25,8e-1,8e-1,9e-2,9.496584e-1,1.9392668181746657e-6,-1.26267605e-5,1.1890419e-2,6.704351e-9
41,0,0,0.3,2,2640,40,0,12,12,1,25,8e-1,8e-1,9e-2,9.496584e-1,1.956930373088611e-6,-1.2509356e-5,1.1891841e-2,6.579468e-9
41,0,0,0.3,2,2680,40,0,13,13,1,25,8e-1,8e-1,9e-2,9.496584e-1,1.9750319461007908e-6,-1.2377512e-5,1.1893894e-2,6.440397e-9
41,0,0,0.3,2,2720,40,0,14,14,1,25,8e-1,8e-1,9e-2,9.496584e-1,1.9934556441842624e-6,-1.2233488e-5,1.1896626e-2,6.2899437e-9
41,0,0,0.3,2,2760,40,0,15,15,1,25,8e-1,8e-1,9e-2,9.496584e-1,2.0121322629879713e-6,-1.2092392e-5,1.1900172e-2,6.1438588e-9
41,0,0,0.3,2,2800,40,0,16,16,1,25,8e-1,8e-1,9e-2,9.496584e-1,2.0309392999767127e-6,-1.19372735e-5,1.1904357e-2,5.9851404e-9
41,0,0,0.3,2,2840,40,0,17,17,1,25,8e-1,8e-1,9e-2,9.496584e-1,2.0501482941908367e-6,-1.177448e-5,1.1909228e-2,5.820629e-9
41,0,0,0.3,2,2880,40,0,18,18,1,25,8e-1,8e-1,9e-2,9.496584e-1,2.0696508640204896e-6,-1.1604261e-5,1.1914782e-2,5.6509166e-9
41,0,0,0.3,2,2920,40,0,19,19,1,25,8e-1,8e-1,9e-2,9.496584e-1,2.089223878175505e-6,-1.1430068e-5,1.19210435e-2,5.479657e-9
41,0,0,0.3,2,2960,40,0,20,20,1,25,8e-1,8e-1,9e-2,9.496584e-1,2.1092259221896937e-6,-1.1256717e-5,1.1928006e-2,5.311603e-9
41,0,0,0.3,2,3000,40,0,21,21,1,25,8e-1,8e-1,9e-2,9.496584e-1,2.1290827243889593e-6,-1.1068934e-5,1.1935494e-2,5.1326454e-9
41,0,1,0.0,2,2440,18,1,0,0,0,9,4e-1,6e-1,1.4e-1,8.133355e-1,5.357630796574188e-7,-4.5956468e-4,6.50552e-1,1.6232346e-7
41,0,1,0.0,2,2480,16,1,0,0,0,10,8e-1,4e-1,1.4e-1,8.7885773e-1,1.1894483622029388e-7,1.0994992e-4,3.9747304e-1,1.5207302e-8
41,0,1,0.0,2,2520,9,1,0,0,0,11,2e-1,2e-1,1.4e-1,9.4965845e-1,6.213103057963099e-8,-8.44946e-5,4.0812767e-1,8.746451e-9
41,0,1,0.0,2,2560,19,1,0,0,0,12,6e-1,6e-1,1.4e-1,8.133354e-1,3.443408450652107e-8,1.0149995e-4,6.262617e-1,8.225188e-9
41,0,1,0.0,2,2600,15,1,0,0,0,13,6e-1,4e-1,1.4e-1,8.133355e-1,1.5819161046042083e-7,2.3057013e-4,9.1522425e-1,2.9043475e-8
41,0,1,0.0,2,2640,10,1,0,0,0,14,4e-1,2e-1,1.4e-1,8.788578e-1,1.623508915858255e-7,-1.6526147e-4,6.4615643e-1,2.1133703e-8
41,0,1,0.0,2,2680,11,1,0,0,0,15,6e-1,2e-1,1.4e-1,8.7885773e-1,5.679494377114811e-8,1.4801882e-4,5.750647e-1,1.9049656e-8
41,0,1,0.0,2,2720,13,1,0,0,0,16,2e-1,4e-1,1.4e-1,8.788578e-1,9.30871232354502e-8,-7.750375e-5,2.9964626e-1,1.0023204e-8
41,0,1,0.0,2,2760,34,1,0,1,0,17,4e-1,6e-1,9e-2,1e0,4.002655320509095e-8,4.677596e-5,2.1530832e-1,5.081063e-9
41,0,1,0.0,2,3200,31,1,0,1,0,18,6e-1,4e-1,9e-2,1e0,2.6019515026464596e-7,2.508656e-4,9.700305e-1,3.243895e-8
41,0,1,0.0,2,3240,30,1,0,0,0,19,4e-1,4e-1,9e-2,8.1333554e-1,6.435889545593188e-7,1.9907937e-4,1.0443101e0,1.8975491e-8
41,0,1,0.0,2,3280,25,1,0,1,0,20,2e-1,2e-1,9e-2,1e0,2.0995014430355833e-7,8.120712e-5,2.0604274e-1,1.6002984e-8
41,0,1,0.0,2,3320,14,1,0,1,0,21,4e-1,4e-1,1.4e-1,1e0,2.2396374425542528e-8,-9.4307725e-5,7.406316e-1,6.004299e-9
41,0,1,0.0,2,3360,27,1,0,1,0,22,6e-1,2e-1,9e-2,1e0,9.901452900711475e-8,-1.2382833e-4,4.4839448e-1,1.7098175e-8
41,0,1,0.3,0,440,25,1,0,0,0,9,2e-1,2e-1,9e-2,9.4965845e-1,1.0003459588031126e-3,4.524772e-3,6.182196e-1,1.6558486e-5
41,0,1,0.3,0,480,28,1,0,0,0,10,8e-1,2e-1,9e-2,9.4965845e-1,1.1361445540125274e-3,3.7199894e-3,3.814948e-1,1.8136972e-5
41,0,1,0.3,0,520,29,1,0,0,0,11,2e-1,4e-1,9e-2,8.788578e-1,3.1232889192462347e-4,2.5727458e-3,6.331103e-1,5.227384e-6
41,0,1,0.3,0,560,37,1,0,0,0,12,2e-1,8e-1,9e-2,9.4965845e-1,1.7994014083424077e-4,4.7392066e-5,3.4941483e-4,3.2139565e-6
41,0,1,0.3,0,600,31,1,0,0,0,13,6e-1,4e-1,9e-2,8.133355e-1,1.8356808202109852e-4,-2.2564624e-3,1.2047198e0,2.1131978e-6
41,0,1,0.3,0,640,26,1,0,0,0,14,4e-1,2e-1,9e-2,8.788578e-1,1.7194149685333324e-4,-1.675724e-3,1.1148458e0,1.2593899e-6
41,0,1,0.3,0,680,35,1,0,0,0,15,6e-1,6e-1,9e-2,8.133354e-1,9.387635426032329e-5,-7.002119e-4,1.8345281e-1,1.3363019e-6
41,0,1,0.3,0,720,32,1,0,0,0,16,8e-1,4e-1,9e-2,8.7885773e-1,7.026477250696203e-5,8.6600194e-4,9.3957174e-1,3.990964e-7
41,0,1,0.3,0,760,30,1,0,0,0,17,4e-1,4e-1,9e-2,8.1333554e-1,1.3814899437578123e-4,-8.923429e-4,1.547219e0,2.5732484e-7
41,0,1,0.3,0,800,20,1,0,0,0,18,8e-1,6e-1,1.4e-1,8.788577e-1,2.4984345913301482e-5,2.3316422e-4,2.0652875e-1,1.316174e-7
41,0,1,0.3,0,840,18,1,0,0,0,19,4e-1,6e-1,1.4e-1,8.133355e-1,9.897550415844366e-5,-4.229882e-4,6.607127e-1,1.353985e-7
41,0,1,0.3,0,880,38,1,0,0,0,20,4e-1,8e-1,9e-2,8.7885773e-1,7.795313463550094e-5,1.1433627e-5,9.2614544e-5,7.0576294e-7
41,0,1,0.3,0,920,11,1,0,0,0,21,6e-1,2e-1,1.4e-1,8.7885773e-1,8.843363141330199e-5,4.2409002e-4,6.06846e-1,1.4818615e-7
41,0,1,0.3,0,960,27,1,0,1,0,22,6e-1,2e-1,9e-2,1e0,7.403545648487661e-5,-3.899496e-4,3.1418806e-1,2.419899e-7
41,0,1,0.3,0,1000,14,1,0,1,0,23,4e-1,4e-1,1.4e-1,1e0,9.80579196490228e-5,2.3945668e-4,1.05224e0,2.7246399e-8
41,0,1,0.3,0,1040,13,1,0,1,0,24,2e-1,4e-1,1.4e-1,1e0,7.346847976284784e-5,7.4358337e-4,2.4925478e0,1.1091387e-7
41,0,1,0.3,0,1080,17,0,0,0,0,25,2e-1,6e-1,1.4e-1,8.7885773e-1,4.5289740588973285e-5,-6.139745e-4,1.0127922e0,1.861017e-7
41,0,1,0.3,0,1120,39,0,0,0,0,25,6e-1,8e-1,9e-2,8.788577e-1,2.778763496760463e-6,-3.6980389e-6,2.0159455e-4,3.3918305e-8
41,0,1,0.3,0,1160,39,0,1,1,0,25,6e-1,8e-1,9e-2,8.788577e-1,2.8227298300378544e-6,-3.639057e-6,1.9969586e-4,3.3157264e-8
41,0,1,0.3,0,1200,39,0,2,2,0,25,6e-1,8e-1,9e-2,8.788577e-1,2.7496428321681045e-6,-3.292256e-6,1.9891186e-4,2.7245608e-8
41,0,1,0.3,1,1240,33,0,0,1,0,25,2e-1,6e-1,9e-2,8.7885773e-1,3.8483186013644893e-3,4.092425e-3,1.179803e-1,7.097771e-5
41,0,1,0.3,1,1280,36,0,0,1,0,25,8e-1,6e-1,9e-2,1e0,3.2536531790687654e-4,-1.671972e-3,1.0376604e0,1.347016e-6
41,0,1,0.3,1,1320,16,0,0,1,0,25,8e-1,4e-1,1.4e-1,1e0,3.6051896168952846e-4,-9.7219896e-4,5.8848035e-1,8.0306063e-7
41,0,1,0.3,1,1360,16,0,1,2,0,25,8e-1,4e-1,1.4e-1,1e0,2.594487243138744e-4,-8.3213265e-4,5.5915976e-1,6.191833e-7
41,0,1,0.3,1,1400,16,0,2,3,0,25,8e-1,4e-1,1.4e-1,1e0,1.8983756148434835e-4,-6.883861e-4,5.389065e-1,4.3966384e-7
41,0,1,0.3,1,1440,16,0,3,4,0,25,8e-1,4e-1,1.4e-1,1e0,1.4578724570118783e-4,-5.329688e-4,5.2324367e-1,2.7143733e-7
41,0,1,0.3,1,1480,23,0,0,3,0,25,6e-1,8e-1,1.4e-1,8.788577e-1,1.625086031772337e-4,4.6532488e-4,5.693557e-1,1.901511e-7
41,0,1,0.3,1,1520,23,0,1,4,0,25,6e-1,8e-1,1.4e-1,8.788577e-1,1.5604863555843397e-4,4.2615132e-4,5.68005e-1,1.598621e-7
41,0,1,0.3,1,1560,23,0,2,5,0,25,6e-1,8e-1,1.4e-1,8.788577e-1,1.5182352084655e-4,3.946756e-4,5.672882e-1,1.3729249e-7
41,0,1,0.3,1,1600,23,0,3,6,0,25,6e-1,8e-1,1.4e-1,8.788577e-1,1.489297839378517e-4,3.6771846e-4,5.669542e-1,1.192485e-7
41,0,1,0.3,1,1640,23,0,4,7,0,25,6e-1,8e-1,1.4e-1,8.788577e-1,1.4679149867967344e-4,3.4383207e-4,5.6676656e-1,1.0429381e-7
41,0,1,0.3,1,1680,23,0,5,8,0,25,6e-1,8e-1,1.4e-1,8.788577e-1,1.4505192697715838e-4,3.2223796e-4,5.665397e-1,9.164168e-8
41,0,1,0.3,1,1720,23,0,6,9,0,25,6e-1,8e-1,1.4e-1,8.788577e-1,1.4351555669396348e-4,3.026091e-4,5.661491e-1,8.087293e-8
41,0,1,0.3,1,1760,23,0,7,10,0,25,6e-1,8e-1,1.4e-1,8.788577e-1,1.4207699932911418e-4,2.8459638e-4,5.655248e-1,7.1610565e-8
41,0,1,0.3,1,1800,23,0,8,11,0,25,6e-1,8e-1,1.4e-1,8.788577e-1,1.4067523739362756e-4,2.67888e-4,5.6463987e-1,6.3548455e-8
41,0,1,0.3,1,1840,23,0,9,12,0,25,6e-1,8e-1,1.4e-1,8.788577e-1,1.3928332988692865e-4,2.523282e-4,5.634923e-1,5.649547e-8
41,0,1,0.3,1,1880,23,0,10,13,0,25,6e-1,8e-1,1.4e-1,8.788577e-1,1.3789234990341776e-4,2.377099e-4,5.621014e-1,5.0263168e-8
41,0,1,0.3,1,1920,23,0,11,14,0,25,6e-1,8e-1,1.4e-1,8.788577e-1,1.3650025116278885e-4,2.2392851e-4,5.604951e-1,4.4731863e-8
41,0,1,0.3,1,1960,23,0,12,15,0,25,6e-1,8e-1,1.4e-1,8.788577e-1,1.3510502074854942e-4,2.1089887e-4,5.587071e-1,3.9804696e-8
41,0,1,0.3,1,2000,34,0,0,1,0,25,4e-1,6e-1,9e-2,1e0,9.53023778051157e-5,-2.9023693e-4,1.0193281e0,4.13201e-8
41,0,1,0.3,1,2040,34,0,1,2,0,25,4e-1,6e-1,9e-2,1e0,9.543299030647142e-5,-2.961028e-4,1.0235145e0,4.283128e-8
41,0,1,0.3,1,2080,34,0,2,3,0,25,4e-1,6e-1,9e-2,1e0,9.546493031837428e-5,-3.0136667e-4,1.0263785e0,4.4243848e-8
41,0,1,0.3,1,2120,34,0,3,4,0,25,4e-1,6e-1,9e-2,1e0,9.540865836749062e-5,-3.0610512e-4,1.0280613e0,4.5571383e-8
41,0,1,0.3,1,2160,34,0,4,5,0,25,4e-1,6e-1,9e-2,1e0,9.52748463764359e-5,-3.102547e-4,1.0286964e0,4.6786383e-8
41,0,1,0.3,1,2200,34,0,5,6,0,25,4e-1,6e-1,9e-2,1e0,9.506744907207704e-5,-3.140446e-4,1.0284271e0,4.794895e-8
41,0,1,0.3,1,2240,34,0,6,7,0,25,4e-1,6e-1,9e-2,1e0,9.480160777128292e-5,-3.172911e-4,1.0273678e0,4.8995908e-8
41,0,1,0.3,1,2280,34,0,7,8,0,25,4e-1,6e-1,9e-2,1e0,9.44803520772776e-5,-3.202035e-4,1.0256406e0,4.9983527e-8
41,0,1,0.3,1,2320,34,0,8,9,0,25,4e-1,6e-1,9e-2,1e0,9.411144596334493e-5,-3.2262327e-4,1.0233448e0,5.085567e-8
41,0,1,0.3,1,2360,34,0,9,10,0,25,4e-1,6e-1,9e-2,1e0,9.370366148613881e-5,-3.2477116e-4,1.0205852e0,5.1674423e-8
41,0,1,0.3,1,2400,34,0,10,11,0,25,4e-1,6e-1,9e-2,1e0,9.326290978875287e-5,-3.2665575e-4,1.0174462e0,5.2437162e-8
41,0,1,0.3,2,2440,33,0,1,2,1,25,2e-1,6e-1,9e-2,8.7885773e-1,5.63068428871646e-3,7.206821e-4,5.4806923e-3,4.7382946e-5
41,0,1,0.3,2,2480,40,0,0,0,0,25,8e-1,8e-1,9e-2,9.496584e-1,1.3431119682708384e-4,-8.3846156e-4,8.53008e-2,4.120816e-6
41,0,1,0.3,2,2520,39,0,3,16,1,25,6e-1,8e-1,9e-2,8.788577e-1,1.3680676029903573e-4,-1.397176e-3,7.951428e-1,1.2275157e-6
41,0,1,0.3,2,2560,39,0,4,17,1,25,6e-1,8e-1,9e-2,8.788577e-1,9.230014132541797e-5,-1.3570779e-3,8.257091e-1,1.1151992e-6
41,0,1,0.3,2,2600,39,0,5,18,1,25,6e-1,8e-1,9e-2,8.788577e-1,7.741650966019955e-5,-1.2644525e-3,8.397372e-1,9.519884e-7
41,0,1,0.3,2,2640,39,0,6,19,1,25,6e-1,8e-1,9e-2,8.788577e-1,7.055803214578755e-5,-1.2259954e-3,8.446534e-1,8.8975224e-7
41,0,1,0.3,2,2680,39,0,7,20,1,25,6e-1,8e-1,9e-2,8.788577e-1,6.647946560855804e-5,-1.2137862e-3,8.45884e-1,8.7085044e-7
41,0,1,0.3,2,2720,39,0,8,21,1,25,6e-1,8e-1,9e-2,8.788577e-1,6.375175830295182e-5,-1.2106325e-3,8.459513e-1,8.6626204e-7
41,0,1,0.3,2,2760,39,0,9,22,1,25,6e-1,8e-1,9e-2,8.788577e-1,6.181551508114903e-5,-1.2080732e-3,8.4588677e-1,8.626692e-7
41,0,1,0.3,2,2800,39,0,10,23,1,25,6e-1,8e-1,9e-2,8.788577e-1,6.043623315164479e-5,-1.2037533e-3,8.4605193e-1,8.563434e-7
41,0,1,0.3,2,2840,39,0,11,24,1,25,6e-1,8e-1,9e-2,8.788577e-1,5.951386425274392e-5,-1.1978967e-3,8.4650767e-1,8.4757437e-7
41,0,1,0.3,2,2880,39,0,12,25,1,25,6e-1,8e-1,9e-2,8.788577e-1,5.901681268892405e-5,-1.1917949e-3,8.471635e-1,8.3831225e-7
41,0,1,0.3,2,2920,39,0,13,26,1,25,6e-1,8e-1,9e-2,8.788577e-1,5.895313280367786e-5,-1.1867526e-3,8.4787774e-1,8.3053345e-7
41,0,1,0.3,2,2960,39,0,14,27,1,25,6e-1,8e-1,9e-2,8.788577e-1,5.935246021405972e-5,-1.183608e-3,8.4851354e-1,8.255188e-7
41,0,1,0.3,2,3000,39,0,15,28,1,25,6e-1,8e-1,9e-2,8.788577e-1,6.0287778179292706e-5,-1.1823961e-3,8.4894615e-1,8.234094e-7
41,0,1,0.3,2,3040,39,0,16,29,1,25,6e-1,8e-1,9e-2,8.788577e-1,6.199650025825762e-5,-1.1833617e-3,8.4891856e-1,8.247817e-7
41,0,1,0.3,2,3080,39,0,17,30,1,25,6e-1,8e-1,9e-2,8.788577e-1,6.522872174301509e-5,-1.1885685e-3,8.475921e-1,8.333579e-7
41,0,1,0.3,2,3120,39,0,18,31,1,25,6e-1,8e-1,9e-2,8.788577e-1,7.257346059526464e-5,-1.2019e-3,8.42279e-1,8.5753265e-7
41,0,1,0.3,2,3160,10,0,0,1,0,25,4e-1,2e-1,1.4e-1,1e0,1.7643070569421708e-4,2.39926e-3,1.2595998e0,2.2850306e-6
41,0,1,0.3,2,3200,39,0,19,32,1,25,6e-1,8e-1,9e-2,8.788577e-1,5.188903349242585e-5,-8.370449e-4,8.761508e-1,3.9984224e-7
41,0,1,0.3,2,3240,39,0,20,33,1,25,6e-1,8e-1,9e-2,8.788577e-1,4.692584765436378e-5,-9.509047e-4,8.718945e-1,5.185373e-7
41,0,1,0.3,2,3280,39,0,21,34,1,25,6e-1,8e-1,9e-2,8.788577e-1,4.3661052554342315e-5,-8.573994e-4,8.78047e-1,4.186187e-7
41,0,1,0.3,2,3320,39,0,22,35,1,25,6e-1,8e-1,9e-2,8.788577e-1,4.2145452961634784e-5,-8.14442e-4,8.8012934e-1,3.7682855e-7
41,0,1,0.3,2,3360,39,0,23,36,1,25,6e-1,8e-1,9e-2,8.788577e-1,4.126346803608304e-5,-7.841819e-4,8.810017e-1,3.4900114e-7
41,0,1,0.3,2,3400,39,0,24,37,1,25,6e-1,8e-1,9e-2,8.788577e-1,4.071031281369627e-5,-7.624711e-4,8.814534e-1,3.297748e-7
41,0,1,0.3,2,3440,40,0,1,1,0,25,8e-1,8e-1,9e-2,9.496584e-1,3.715907655360783e-5,2.4092497e-4,9.06392e-2,3.2019724e-7
41,0,1,0.3,2,3480,40,0,2,2,0,25,8e-1,8e-1,9e-2,9.496584e-1,3.6987894565650976e-5,2.403602e-4,9.037601e-2,3.1962588e-7
41,0,1,0.3,2,3520,40,0,3,3,0,25,8e-1,8e-1,9e-2,9.496584e-1,3.693542941239985e-5,2.398566e-4,9.011202e-2,3.192204e-7
41,0,1,0.3,2,3560,40,0,4,4,0,25,8e-1,8e-1,9e-2,9.496584e-1,3.696389912575224e-5,2.393974e-4,8.985907e-2,3.1889445e-7
41,0,1,0.3,2,3600,40,0,5,5,0,25,8e-1,8e-1,9e-2,9.496584e-1,3.704713513748306e-5,2.3895745e-4,8.962515e-2,3.1855268e-7
41,1,0,0.0,0,440,30,1,0,0,0,9,4e-1,4e-1,9e-2,8.1333554e-1,7.647325502008985e-4,-1.4197953e-2,2.090732e0,4.8208443e-5
41,1,0,0.0,0,480,33,1,0,0,0,10,2e-1,6e-1,9e-2,8.7885773e-1,3.5751665439355464e-4,2.2474297e-3,2.6747945e-1,9.4417355e-6
41,1,0,0.0,0,520,35,1,0,0,0,11,6e-1,6e-1,9e-2,8.133354e-1,4.100728285622348e-5,7.923159e-4,3.0183008e-1,1.0399303e-6
41,1,0,0.0,0,560,32,1,0,0,0,12,8e-1,4e-1,9e-2,8.7885773e-1,1.000332925855136e-5,-9.76839e-4,8.307629e-1,5.743001e-7
41,1,0,0.0,0,600,29,1,0,0,0,13,2e-1,4e-1,9e-2,8.788578e-1,6.395600274665004e-6,-5.595948e-4,1.1677245e0,1.3408399e-7
41,1,0,0.0,0,640,17,1,0,1,0,14,2e-1,6e-1,1.4e-1,1e0,1.7428699565789643e-6,2.3127846e-4,4.2288822e-1,6.324334e-8
41,1,0,0.0,0,680,28,1,0,0,0,15,8e-1,2e-1,9e-2,9.4965845e-1,1.7189569960052466e-6,9.061626e-5,2.488009e-1,1.6501762e-8
41,1,0,0.0,0,720,27,1,0,0,0,16,6e-1,2e-1,9e-2,8.7885773e-1,3.250248830858897e-6,1.4962231e-4,4.6946517e-1,2.3842915e-8
41,1,0,0.0,0,760,38,1,0,0,0,17,4e-1,8e-1,9e-2,8.7885773e-1,1.3477064287845978e-6,4.751262e-6,3.1081107e-4,3.631546e-8
41,1,0,0.0,0,800,25,1,0,0,0,18,2e-1,2e-1,9e-2,9.4965845e-1,3.63429940981559e-7,-8.0024234e-5,5.93627e-1,5.393857e-9
41,1,0,0.0,1,1280,13,1,0,1,0,19,2e-1,4e-1,1.4e-1,1e0,2.1485657715117458e-7,-1.8568609e-4,1.3259861e0,1.3001389e-8
41,1,0,0.0,1,1320,16,1,0,1,0,20,8e-1,4e-1,1.4e-1,1e0,8.121061282810631e-7,2.48486e-4,6.300681e-1,4.89989e-8
41,1,0,0.0,1,1360,11,1,0,1,0,21,6e-1,2e-1,1.4e-1,1e0,2.0217568467973694e-7,1.7471779e-4,7.691741e-1,1.984356e-8
41,1,0,0.0,1,1400,18,1,0,0,0,22,4e-1,6e-1,1.4e-1,8.133355e-1,3.662871810562274e-7,1.872975e-4,9.2998e-1,1.886081e-8
41,1,0,0.0,1,1440,19,1,0,1,0,23,6e-1,6e-1,1.4e-1,1e0,2.750816937652787e-7,2.3339431e-4,1.1510656e0,2.3661947e-8
41,1,0,0.0,1,1480,15,1,0,0,0,24,6e-1,4e-1,1.4e-1,8.133355e-1,2.866932321817779e-7,-2.2231875e-4,1.536679e0,1.6081962e-8
41,1,0,0.0,1,1520,9,0,0,1,0,25,2e-1,2e-1,1.4e-1,1e0,4.2766169955718153e-7,1.8796916e-4,5.6452084e-1,3.1294153e-8
41,1,0,0.0,1,2080,9,0,1,2,0,25,2e-1,2e-1,1.4e-1,1e0,2.1009782330037685e-6,8.028376e-4,5.6668234e-1,5.687033e-7
41,1,0,0.0,1,2120,23,0,0,0,0,25,6e-1,8e-1,1.4e-1,8.788577e-1,5.345197805524692e-8,2.9753579e-5,7.282621e-2,6.0780008e-9
41,1,0,0.0,1,2280,12,0,0,1,0,25,8e-1,2e-1,1.4e-1,1e0,6.805006739560091e-7,-2.4109056e-4,3.1135225e-1,9.334228e-8
41,1,0,0.0,1,2320,12,0,1,2,0,25,8e-1,2e-1,1.4e-1,1e0,1.4469121423455686e-7,9.54631e-5,3.1339133e-1,1.4539657e-8
41,1,0,0.0,1,2400,9,0,2,3,0,25,2e-1,2e-1,1.4e-1,1e0,5.360538744798115e-7,-3.6825505e-4,5.6258965e-1,1.205246e-7
41,1,0,0.0,2,2520,9,0,3,4,1,25,2e-1,2e-1,1.4e-1,1e0,3.8245327730064705e-7,3.2955394e-4,5.652098e-1,9.6075645e-8
41,1,0,0.0,2,2560,22,0,0,1,0,25,4e-1,8e-1,1.4e-1,1e0,1.1752020178858075e-7,2.5108724e-5,3.2892335e-2,9.58351e-9
41,1,0,0.0,2,2680,12,0,2,3,1,25,8e-1,2e-1,1.4e-1,1e0,3.101127116287213e-7,-1.4445286e-4,3.1165722e-1,3.347689e-8
41,1,0,0.0,2,2720,9,0,4,5,1,25,2e-1,2e-1,1.4e-1,1e0,5.668205956096255e-7,-4.0323703e-4,5.6268704e-1,1.4448538e-7
41,1,0,0.0,2,2760,9,0,5,6,1,25,2e-1,2e-1,1.4e-1,1e0,1.6146926128074753e-7,1.753782e-4,5.646659e-1,2.7235142e-8
41,1,0,0.0,2,2800,9,0,6,7,1,25,2e-1,2e-1,1.4e-1,1e0,5.901307416861038e-8,8.4365856e-5,5.645104e-1,6.304222e-9
41,1,0,0.0,2,2840,23,0,1,1,1,25,6e-1,8e-1,1.4e-1,8.788577e-1,4.960861584667614e-7,-1.05599596e-4,7.390888e-2,7.543934e-8
41,1,0,0.0,2,2880,10,0,0,0,0,25,4e-1,2e-1,1.4e-1,8.788578e-1,4.1336011238583963e-7,-3.5676037e-4,1.6912568e0,3.762822e-8
41,1,0,0.0,2,2960,9,0,7,8,1,25,2e-1,2e-1,1.4e-1,1e0,2.9553718024711736e-6,9.296343e-4,5.664841e-1,7.6279275e-7
41,1,0,0.0,2,3080,22,0,1,2,0,25,4e-1,8e-1,1.4e-1,1e0,1.8904114367005017e-7,-3.3880933e-5,3.3045676e-2,1.7368652e-8
41,1,0,0.0,2,3120,23,0,2,2,1,25,6e-1,8e-1,1.4e-1,8.788577e-1,1.0084389915980045e-6,-1.5077605e-4,7.4053444e-2,1.5349332e-7
41,1,0,0.0,2,3200,9,0,8,9,1,25,2e-1,2e-1,1.4e-1,1e0,1.9267002972637964e-6,-6.4709695e-4,5.62269e-1,3.7236134e-7
41,1,0,0.0,2,3240,9,0,9,10,1,25,2e-1,2e-1,1.4e-1,1e0,9.053027429114786e-8,-1.17863965e-4,5.6403226e-1,1.2314823e-8
41,1,0,0.0,2,3280,22,0,2,3,0,25,4e-1,8e-1,1.4e-1,1e0,2.5838641204268307e-6,-1.433223e-4,3.338003e-2,3.0768814e-7
41,1,0,0.0,2,3400,9,0,10,11,1,25,2e-1,2e-1,1.4e-1,1e0,7.613144470548814e-6,-1.4163529e-3,5.584906e-1,1.7959619e-6
41,1,0,0.0,2,3440,9,0,11,12,1,25,2e-1,2e-1,1.4e-1,1e0,9.504213062532049e-8,1.5960341e-4,5.650006e-1,2.2542675e-8
41,1,0,0.0,2,3600,12,0,3,4,1,25,8e-1,2e-1,1.4e-1,1e0,4.343527804160668e-6,5.819152e-4,3.1717756e-1,5.338103e-7
41,1,0,0.3,0,440,30,1,0,0,0,9,4e-1,4e-1,9e-2,8.1333554e-1,1.2388139086599184e-3,-1.8714981e-2,1.9747603e0,8.868178e-5
41,1,0,0.3,0,480,28,1,0,0,0,10,8e-1,2e-1,9e-2,9.4965845e-1,1.5381585361050137e-3,4.7055655e-3,3.9039606e-1,2.8358825e-5
41,1,0,0.3,0,520,25,1,0,0,0,11,2e-1,2e-1,9e-2,9.4965845e-1,1.4040495513979608e-3,5.0718146e-3,6.433282e-1,1.9992365e-5
41,1,0,0.3,0,560,37,1,0,0,0,12,2e-1,8e-1,9e-2,9.4965845e-1,5.985367640567149e-4,6.979667e-5,2.1465699e-4,1.1347347e-5
41,1,0,0.3,0,600,33,1,0,0,0,13,2e-1,6e-1,9e-2,8.7885773e-1,4.788963009317046e-4,1.6136396e-3,3.371637e-1,3.861378e-6
41,1,0,0.3,0,640,38,1,0,0,0,14,4e-1,8e-1,9e-2,8.7885773e-1,3.2095521035250104e-4,4.392056e-5,1.7316629e-4,5.5698356e-6
41,1,0,0.3,0,680,29,1,0,0,0,15,2e-1,4e-1,9e-2,8.788578e-1,4.35852076265259e-4,2.3172875e-3,1.1861905e0,2.2634733e-6
41,1,0,0.3,0,720,31,1,0,0,0,16,6e-1,4e-1,9e-2,8.133355e-1,1.87954617060786e-4,-1.8033006e-3,1.4377909e0,1.1308645e-6
41,1,0,0.3,0,760,35,1,0,0,0,17,6e-1,6e-1,9e-2,8.133354e-1,8.819839494168611e-5,-8.7902683e-4,4.0094823e-1,9.63576e-7
41,1,0,0.3,0,800,26,1,0,0,0,18,4e-1,2e-1,9e-2,8.788578e-1,2.0014910986354025e-4,9.616579e-4,1.6144873e0,2.8640235e-7
41,1,0,0.3,0,840,11,1,0,0,0,19,6e-1,2e-1,1.4e-1,8.7885773e-1,1.249374438468146e-4,5.5640755e-4,7.166231e-1,2.1600569e-7
41,1,0,0.3,0,880,27,1,0,1,0,20,6e-1,2e-1,9e-2,1e0,8.157300876618622e-5,-4.5314152e-4,3.9674476e-1,2.587775e-7
41,1,0,0.3,0,920,40,1,0,0,0,21,8e-1,8e-1,9e-2,9.496584e-1,4.125475595563632e-6,-3.7556496e-5,1.1901719e-2,5.9255743e-8
41,1,0,0.3,0,960,32,1,0,0,0,22,8e-1,4e-1,9e-2,8.7885773e-1,4.9602390088691164e-5,3.2887052e-4,8.9793354e-1,6.022484e-8
41,1,0,0.3,0,1000,17,1,0,1,0,23,2e-1,6e-1,1.4e-1,1e0,5.591605742397756e-5,-2.0838028e-4,5.8203506e-1,3.7302172e-8
41,1,0,0.3,0,1040,18,1,0,0,0,24,4e-1,6e-1,1.4e-1,8.133355e-1,1.1550755721176424e-4,-3.1238454e-4,9.526028e-1,5.1219722e-8
41,1,0,0.3,0,1080,19,0,0,1,0,25,6e-1,6e-1,1.4e-1,1e0,8.858205905854306e-5,-4.064847e-4,8.4777975e-1,9.744854e-8
41,1,0,0.3,0,1120,39,0,0,0,0,25,6e-1,8e-1,9e-2,8.788577e-1,7.972661774143383e-6,7.649317e-6,5.983811e-4,4.889196e-8
41,1,0,0.3,0,1160,39,0,1,1,0,25,6e-1,8e-1,9e-2,8.788577e-1,8.091894049371656e-6,7.360342e-6,5.9220754e-4,4.573957e-8
41,1,0,0.3,0,1200,39,0,2,2,0,25,6e-1,8e-1,9e-2,8.788577e-1,8.184829975377134e-6,6.992412e-6,5.8884907e-4,4.1516433e-8
41,1,0,0.3,1,1240,39,0,3,3,1,25,6e-1,8e-1,9e-2,8.788577e-1,8.272916939363693e-6,6.7703086e-6,5.86786e-4,3.9057745e-8
41,1,0,0.3,1,1280,39,0,4,4,1,25,6e-1,8e-1,9e-2,8.788577e-1,8.349259748105631e-6,6.6120324e-6,5.8566243e-4,3.732438e-8
41,1,0,0.3,1,1320,39,0,5,5,1,25,6e-1,8e-1,9e-2,8.788577e-1,8.417047490299818e-6,6.4956093e-6,5.8512785e-4,3.6054463e-8
41,1,0,0.3,1,1360,39,0,6,6,1,25,6e-1,8e-1,9e-2,8.788577e-1,8.47640758755749e-6,6.4000515e-6,5.849648e-4,3.5011215e-8
41,1,0,0.3,1,1400,39,0,7,7,1,25,6e-1,8e-1,9e-2,8.788577e-1,8.529987365140063e-6,6.317946e-6,5.850269e-4,3.4115047e-8
41,1,0,0.3,1,1440,39,0,8,8,1,25,6e-1,8e-1,9e-2,8.788577e-1,8.572864050403445e-6,6.2018403e-6,5.853331e-4,3.28555e-8
41,1,0,0.3,1,1480,10,0,0,1,0,25,4e-1,2e-1,1.4e-1,1e0,1.22893798353989e-4,6.872099e-4,1.6310333e0,1.4477247e-7
41,1,0,0.3,1,1520,39,0,9,9,1,25,6e-1,8e-1,9e-2,8.788577e-1,8.60540478038361e-6,5.7905245e-6,5.865681e-4,2.8581656e-8
41,1,0,0.3,1,1560,39,0,10,10,1,25,6e-1,8e-1,9e-2,8.788577e-1,8.695722013644848e-6,6.035285e-6,5.861584e-4,3.1070666e-8
41,1,0,0.3,1,1600,39,0,11,11,1,25,6e-1,8e-1,9e-2,8.788577e-1,8.740615608543818e-6,6.0509983e-6,5.8636715e-4,3.1221546e-8
41,1,0,0.3,1,1640,39,0,12,12,1,25,6e-1,8e-1,9e-2,8.788577e-1,8.969138990855243e-6,7.1264617e-6,5.838049e-4,4.3496083e-8
41,1,0,0.3,1,1680,39,0,13,13,1,25,6e-1,8e-1,9e-2,8.788577e-1,8.862084952097834e-6,6.372956e-6,5.861734e-4,3.464382e-8
41,1,0,0.3,1,1720,39,0,14,14,1,25,6e-1,8e-1,9e-2,8.788577e-1,8.815784760511853e-6,5.7670513e-6,5.8745715e-4,2.8307495e-8
41,1,0,0.3,1,1760,39,0,15,15,1,25,6e-1,8e-1,9e-2,8.788577e-1,8.876420913856018e-6,5.9606723e-6,5.872731e-4,3.024965e-8
41,1,0,0.3,1,1800,39,0,16,16,1,25,6e-1,8e-1,9e-2,8.788577e-1,8.89257030503039e-6,5.862104e-6,5.8774307e-4,2.9234087e-8
41,1,0,0.3,1,1840,22,0,0,1,0,25,4e-1,8e-1,1.4e-1,1e0,7.164233947270693e-5,1.3118389e-4,5.823397e-2,1.4775922e-7
41,1,0,0.3,1,1880,10,0,1,2,0,25,4e-1,2e-1,1.4e-1,1e0,1.2184612199284023e-4,3.9151308e-4,1.6262864e0,4.7126534e-8
41,1,0,0.3,1,1920,39,0,17,17,1,25,6e-1,8e-1,9e-2,8.788577e-1,8.94073733974281e-6,5.6088984e-6,5.887484e-4,2.6717476e-8
41,1,0,0.3,1,1960,39,0,18,18,1,25,6e-1,8e-1,9e-2,8.788577e-1,8.989742990103996e-6,5.7539364e-6,5.8855716e-4,2.8126227e-8
41,1,0,0.3,1,2000,39,0,19,19,1,25,6e-1,8e-1,9e-2,8.788577e-1,9.046106689935179e-6,5.9483123e-6,5.8825634e-4,3.007398e-8
41,1,0,0.3,1,2040,22,0,1,2,0,25,4e-1,8e-1,1.4e-1,1e0,7.221219940717279e-5,1.3356529e-4,5.86323e-2,1.521319e-7
41,1,0,0.3,1,2080,39,0,20,20,1,25,6e-1,8e-1,9e-2,8.788577e-1,8.98423906142549e-6,5.2467617e-6,5.900834e-4,2.3325947e-8
41,1,0,0.3,1,2120,39,0,21,21,1,25,6e-1,8e-1,9e-2,8.788577e-1,9.073476865866996e-6,5.6928243e-6,5.8913644e-4,2.7504877e-8
41,1,0,0.3,1,2160,39,0,22,22,1,25,6e-1,8e-1,9e-2,8.788577e-1,9.090900858608252e-6,5.673695e-6,5.8936724e-4,2.7309639e-8
41,1,0,0.3,1,2200,39,0,23,23,1,25,6e-1,8e-1,9e-2,8.788577e-1,9.268299981881492e-6,6.578451e-6,5.872781e-4,3.684457e-8
41,1,0,0.3,1,2240,10,0,2,3,0,25,4e-1,2e-1,1.4e-1,1e0,1.2063173324236651e-4,7.246544e-4,1.6215111e0,1.6192426e-7
41,1,0,0.3,1,2280,39,0,24,24,1,25,6e-1,8e-1,9e-2,8.788577e-1,9.140849917113412e-6,5.687814e-6,5.892476e-4,2.74513e-8
41,1,0,0.3,1,2320,39,0,25,25,1,25,6e-1,8e-1,9e-2,8.788577e-1,9.156961452749863e-6,5.603609e-6,5.898728e-4,2.6616277e-8
41,1,0,0.3,1,2360,39,0,26,26,1,25,6e-1,8e-1,9e-2,8.788577e-1,9.168191374239509e-6,5.5692117e-6,5.901079e-4,2.628004e-8
41,1,0,0.3,1,2400,39,0,27,27,1,25,6e-1,8e-1,9e-2,8.788577e-1,9.274921295005901e-6,6.13092e-6,5.888145e-4,3.191853e-8
41,1,0,0.3,2,2440,39,0,28,28,1,25,6e-1,8e-1,9e-2,8.788577e-1,9.334767493141353e-6,6.6885236e-6,5.86965e-4,3.810819e-8
41,1,0,0.3,2,2480,39,0,29,29,1,25,6e-1,8e-1,9e-2,8.788577e-1,9.174562983326332e-6,5.31742e-6,5.906602e-4,2.3935042e-8
41,1,0,0.3,2,2520,39,0,30,30,1,25,6e-1,8e-1,9e-2,8.788577e-1,9.215727790388818e-6,5.4642023e-6,5.906397e-4,2.5275568e-8
41,1,0,0.3,2,2560,39,0,31,31,1,25,6e-1,8e-1,9e-2,8.788577e-1,9.237394487901341e-6,5.5029363e-6,5.9068593e-4,2.5633172e-8
41,1,0,0.3,2,2600,22,0,2,3,1,25,4e-1,8e-1,1.4e-1,1e0,7.59843406130295e-5,2.510442e-4,6.0557194e-2,5.2036086e-7
41,1,0,0.3,2,2640,12,0,0,1,0,25,8e-1,2e-1,1.4e-1,1e0,6.662200546628563e-5,-2.0311619e-4,5.248201e-1,3.9305075e-8
41,1,0,0.3,2,2680,39,0,32,32,1,25,6e-1,8e-1,9e-2,8.788577e-1,9.270910198117461e-6,5.3470453e-6,5.913506e-4,2.4174232e-8
41,1,0,0.3,2,2720,39,0,33,33,1,25,6e-1,8e-1,9e-2,8.788577e-1,9.283569563543687e-6,5.432208e-6,5.9113576e-4,2.4959482e-8
41,1,0,0.3,2,2760,39,0,34,34,1,25,6e-1,8e-1,9e-2,8.788577e-1,9.346023502006215e-6,5.6934437e-6,5.907103e-4,2.743756e-8
41,1,0,0.3,2,2800,19,0,1,2,1,25,6e-1,6e-1,1.4e-1,1e0,8.973294288253189e-5,-3.9663495e-4,7.909323e-1,9.9451796e-8
41,1,0,0.3,2,2840,39,0,35,35,1,25,6e-1,8e-1,9e-2,8.788577e-1,9.310990673261337e-6,5.429253e-6,5.9113494e-4,2.4932369e-8
41,1,0,0.3,2,2880,39,0,36,36,1,25,6e-1,8e-1,9e-2,8.788577e-1,9.335486836431213e-6,5.448497e-6,5.9133954e-4,2.5100741e-8
41,1,0,0.3,2,2920,10,0,3,4,1,25,4e-1,2e-1,1.4e-1,1e0,1.2102292189237541e-4,1.3359063e-3,1.6177393e0,5.515863e-7
41,1,0,0.3,2,2960,39,0,37,37,1,25,6e-1,8e-1,9e-2,8.788577e-1,9.448055406883324e-6,5.97377e-6,5.898175e-4,3.025167e-8
41,1,0,0.3,2,3000,39,0,38,38,1,25,6e-1,8e-1,9e-2,8.788577e-1,9.373218730985821e-6,5.437045e-6,5.915269e-4,2.4987415e-8
41,1,0,0.3,2,3040,39,0,39,39,1,25,6e-1,8e-1,9e-2,8.788577e-1,9.365325174088525e-6,5.3313743e-6,5.9192686e-4,2.4009344e-8
41,1,0,0.3,2,3080,22,0,3,4,1,25,4e-1,8e-1,1.4e-1,1e0,9.363207644474535e-5,4.6637075e-4,5.772516e-2,1.8839418e-6
41,1,0,0.3,2,3120,9,0,0,1,0,25,2e-1,2e-1,1.4e-1,1e0,9.056487601349981e-5,-2.459168e-4,6.3428485e-1,4.7671858e-8
41,1,0,0.3,2,3160,39,0,40,40,1,25,6e-1,8e-1,9e-2,8.788577e-1,9.374174837846294e-6,5.2011815e-6,5.921527e-4,2.2842325e-8
41,1,0,0.3,2,3200,39,0,41,41,1,25,6e-1,8e-1,9e-2,8.788577e-1,9.402990824076183e-6,5.2866444e-6,5.9214135e-4,2.359961e-8
41,1,0,0.3,2,3240,39,0,42,42,1,25,6e-1,8e-1,9e-2,8.788577e-1,9.413041644928731e-6,5.2952273e-6,5.9226423e-4,2.3671387e-8
41,1,0,0.3,2,3280,39,0,43,43,1,25,6e-1,8e-1,9e-2,8.788577e-1,9.417433602511504e-6,5.265395e-6,5.9244863e-4,2.3398133e-8
41,1,0,0.3,2,3320,22,0,4,5,1,25,4e-1,8e-1,1.4e-1,1e0,8.067879054471734e-5,3.225021e-4,6.088995e-2,8.5406225e-7
41,1,0,0.3,2,3360,10,0,4,5,1,25,4e-1,2e-1,1.4e-1,1e0,1.2069010892925744e-4,3.0489027e-4,1.6200143e0,2.8690511e-8
41,1,0,0.3,2,3400,39,0,44,44,1,25,6e-1,8e-1,9e-2,8.788577e-1,9.441252436018002e-6,5.1980755e-6,5.9259037e-4,2.27982e-8
41,1,0,0.3,2,3440,39,0,45,45,1,25,6e-1,8e-1,9e-2,8.788577e-1,9.45133058793404e-6,5.2520663e-6,5.925633e-4,2.327532e-8
41,1,0,0.3,2,3480,15,0,0,1,0,25,6e-1,4e-1,1.4e-1,1e0,1.1966066905678568e-4,-5.498551e-4,1.6012099e0,9.441006e-8
41,1,0,0.3,2,3520,39,0,46,46,1,25,6e-1,8e-1,9e-2,8.788577e-1,9.5291595441278e-6,5.539654e-6,5.923446e-4,2.5903644e-8
41,1,0,0.3,2,3560,22,0,5,6,1,25,4e-1,8e-1,1.4e-1,1e0,7.375983710343674e-5,1.7823961e-4,6.470383e-2,2.454983e-7
41,1,0,0.3,2,3600,39,0,47,47,1,25,6e-1,8e-1,9e-2,8.788577e-1,9.500781769861248e-6,5.325068e-6,5.9264735e-4,2.3923457e-8
41,1,1,0.0,0,440,30,1,0,0,0,9,4e-1,4e-1,9e-2,8.1333554e-1,7.647325502008985e-4,-1.4197953e-2,2.090732e0,4.8208443e-5
41,1,1,0.0,0,480,33,1,0,0,0,10,2e-1,6e-1,9e-2,8.7885773e-1,3.5751665439355464e-4,2.2474297e-3,2.6747945e-1,9.4417355e-6
41,1,1,0.0,0,520,35,1,0,0,0,11,6e-1,6e-1,9e-2,8.133354e-1,4.100728285622348e-5,7.923159e-4,3.0183008e-1,1.0399303e-6
41,1,1,0.0,0,560,32,1,0,0,0,12,8e-1,4e-1,9e-2,8.7885773e-1,1.000332925855136e-5,-9.76839e-4,8.307629e-1,5.743001e-7
41,1,1,0.0,0,600,29,1,0,0,0,13,2e-1,4e-1,9e-2,8.788578e-1,6.395600274665004e-6,-5.595948e-4,1.1677245e0,1.3408399e-7
41,1,1,0.0,0,640,17,1,0,1,0,14,2e-1,6e-1,1.4e-1,1e0,1.7428699565789643e-6,2.3127846e-4,4.2288822e-1,6.324334e-8
41,1,1,0.0,0,680,28,1,0,0,0,15,8e-1,2e-1,9e-2,9.4965845e-1,1.7189569960052466e-6,9.061626e-5,2.488009e-1,1.6501762e-8
41,1,1,0.0,0,720,27,1,0,0,0,16,6e-1,2e-1,9e-2,8.7885773e-1,3.250248830858897e-6,1.4962231e-4,4.6946517e-1,2.3842915e-8
41,1,1,0.0,0,760,38,1,0,0,0,17,4e-1,8e-1,9e-2,8.7885773e-1,1.3477064287845978e-6,4.751262e-6,3.1081107e-4,3.631546e-8
41,1,1,0.0,0,800,25,1,0,0,0,18,2e-1,2e-1,9e-2,9.4965845e-1,3.63429940981559e-7,-8.0024234e-5,5.93627e-1,5.393857e-9
41,1,1,0.0,1,1240,14,1,0,1,0,19,4e-1,4e-1,1.4e-1,1e0,9.287682932502234e-7,2.8757355e-4,3.571864e-1,1.15763854e-7
41,1,1,0.0,1,2040,15,1,0,0,0,20,6e-1,4e-1,1.4e-1,8.133355e-1,9.369448901698805e-8,-1.620017e-4,6.452498e-1,2.0336739e-8
41,1,1,0.0,1,2080,16,1,0,1,0,21,8e-1,4e-1,1.4e-1,1e0,1.2311249366058812e-7,-1.2409137e-4,5.6193495e-1,1.37014675e-8
41,1,1,0.0,1,2120,12,1,0,1,0,22,8e-1,2e-1,1.4e-1,1e0,1.822736657374054e-7,-9.6785654e-5,4.6246168e-1,1.0127827e-8
41,1,1,0.0,2,2440,22,1,0,1,0,23,4e-1,8e-1,1.4e-1,1e0,1.8719701428807814e-6,-4.6284974e-4,5.528546e-1,1.9374885e-7
41,1,1,0.0,2,3160,19,1,0,1,0,24,6e-1,6e-1,1.4e-1,1e0,2.2622437548070987e-7,2.9817483e-4,7.884948e-1,5.637845e-8
41,1,1,0.0,2,3200,13,0,0,1,0,25,2e-1,4e-1,1.4e-1,1e0,3.4294456843213527e-7,1.2636106e-4,3.0144e-1,2.6484736e-8
41,1,1,0.3,0,440,30,1,0,0,0,9,4e-1,4e-1,9e-2,8.1333554e-1,1.2388139086599184e-3,-1.8714981e-2,1.9747603e0,8.868178e-5
41,1,1,0.3,0,480,28,1,0,0,0,10,8e-1,2e-1,9e-2,9.4965845e-1,1.5381585361050137e-3,4.7055655e-3,3.9039606e-1,2.8358825e-5
41,1,1,0.3,0,520,25,1,0,0,0,11,2e-1,2e-1,9e-2,9.4965845e-1,1.4040495513979608e-3,5.0718146e-3,6.433282e-1,1.9992365e-5
41,1,1,0.3,0,560,37,1,0,0,0,12,2e-1,8e-1,9e-2,9.4965845e-1,5.985367640567149e-4,6.979667e-5,2.1465699e-4,1.1347347e-5
41,1,1,0.3,0,600,33,1,0,0,0,13,2e-1,6e-1,9e-2,8.7885773e-1,4.788963009317046e-4,1.6136396e-3,3.371637e-1,3.861378e-6
41,1,1,0.3,0,640,38,1,0,0,0,14,4e-1,8e-1,9e-2,8.7885773e-1,3.2095521035250104e-4,4.392056e-5,1.7316629e-4,5.5698356e-6
41,1,1,0.3,0,680,29,1,0,0,0,15,2e-1,4e-1,9e-2,8.788578e-1,4.35852076265259e-4,2.3172875e-3,1.1861905e0,2.2634733e-6
41,1,1,0.3,0,720,31,1,0,0,0,16,6e-1,4e-1,9e-2,8.133355e-1,1.87954617060786e-4,-1.8033006e-3,1.4377909e0,1.1308645e-6
41,1,1,0.3,0,760,35,1,0,0,0,17,6e-1,6e-1,9e-2,8.133354e-1,8.819839494168611e-5,-8.7902683e-4,4.0094823e-1,9.63576e-7
41,1,1,0.3,0,800,26,1,0,0,0,18,4e-1,2e-1,9e-2,8.788578e-1,2.0014910986354025e-4,9.616579e-4,1.6144873e0,2.8640235e-7
41,1,1,0.3,0,840,11,1,0,0,0,19,6e-1,2e-1,1.4e-1,8.7885773e-1,1.249374438468146e-4,5.5640755e-4,7.166231e-1,2.1600569e-7
41,1,1,0.3,0,880,27,1,0,1,0,20,6e-1,2e-1,9e-2,1e0,8.157300876618622e-5,-4.5314152e-4,3.9674476e-1,2.587775e-7
41,1,1,0.3,0,920,40,1,0,0,0,21,8e-1,8e-1,9e-2,9.496584e-1,4.125475595563632e-6,-3.7556496e-5,1.1901719e-2,5.9255743e-8
41,1,1,0.3,0,960,32,1,0,0,0,22,8e-1,4e-1,9e-2,8.7885773e-1,4.9602390088691164e-5,3.2887052e-4,8.9793354e-1,6.022484e-8
41,1,1,0.3,0,1000,17,1,0,1,0,23,2e-1,6e-1,1.4e-1,1e0,5.591605742397756e-5,-2.0838028e-4,5.8203506e-1,3.7302172e-8
41,1,1,0.3,0,1040,18,1,0,0,0,24,4e-1,6e-1,1.4e-1,8.133355e-1,1.1550755721176424e-4,-3.1238454e-4,9.526028e-1,5.1219722e-8
41,1,1,0.3,0,1080,19,0,0,1,0,25,6e-1,6e-1,1.4e-1,1e0,8.858205905854306e-5,-4.064847e-4,8.4777975e-1,9.744854e-8
41,1,1,0.3,0,1120,39,0,0,0,0,25,6e-1,8e-1,9e-2,8.788577e-1,7.972661774143383e-6,7.649317e-6,5.983811e-4,4.889196e-8
41,1,1,0.3,0,1160,39,0,1,1,0,25,6e-1,8e-1,9e-2,8.788577e-1,8.091894049371656e-6,7.360342e-6,5.9220754e-4,4.573957e-8
41,1,1,0.3,0,1200,39,0,2,2,0,25,6e-1,8e-1,9e-2,8.788577e-1,8.184829975377134e-6,6.992412e-6,5.8884907e-4,4.1516433e-8
41,1,1,0.3,1,1240,39,0,3,3,1,25,6e-1,8e-1,9e-2,8.788577e-1,5.928931275653327e-3,3.480914e-3,3.609266e-2,1.6785631e-4
41,1,1,0.3,1,1280,22,0,0,1,0,25,4e-1,8e-1,1.4e-1,1e0,4.4473575620947354e-4,8.0787303e-4,5.0020378e-2,6.5239296e-6
41,1,1,0.3,1,1320,22,0,1,2,0,25,4e-1,8e-1,1.4e-1,1e0,2.5905313844926407e-4,4.9857126e-4,7.0963144e-2,1.7514252e-6
41,1,1,0.3,1,1360,16,0,0,1,0,25,8e-1,4e-1,1.4e-1,1e0,2.1087164624829441e-4,-9.945197e-4,3.8822848e-1,1.2738238e-6
41,1,1,0.3,1,1400,16,0,1,2,0,25,8e-1,4e-1,1.4e-1,1e0,1.6613038518924255e-4,-9.984798e-4,3.7696305e-1,1.3223602e-6
41,1,1,0.3,1,1440,16,0,2,3,0,25,8e-1,4e-1,1.4e-1,1e0,1.3026467998253965e-4,-9.50428e-4,3.72966e-1,1.2109863e-6
41,1,1,0.3,1,1480,16,0,3,4,0,25,8e-1,4e-1,1.4e-1,1e0,1.0340105413387981e-4,-8.7696017e-4,3.730024e-1,1.0309037e-6
41,1,1,0.3,1,1520,16,0,4,5,0,25,8e-1,4e-1,1.4e-1,1e0,8.498110854753934e-5,-8.030744e-4,3.7559843e-1,8.585346e-7
41,1,1,0.3,1,1560,16,0,5,6,0,25,8e-1,4e-1,1.4e-1,1e0,7.325043460720032e-5,-7.4295746e-4,3.7995592e-1,7.2638136e-7
41,1,1,0.3,1,1600,16,0,6,7,0,25,8e-1,4e-1,1.4e-1,1e0,6.609988683247888e-5,-6.982313e-4,3.8560468e-1,6.3215896e-7
41,1,1,0.3,1,1640,16,0,7,8,0,25,8e-1,4e-1,1.4e-1,1e0,6.192040559853053e-5,-6.6499464e-4,3.9224553e-1,5.637003e-7
41,1,1,0.3,1,1680,16,0,8,9,0,25,8e-1,4e-1,1.4e-1,1e0,5.965459897153852e-5,-6.389912e-4,3.9963153e-1,5.108578e-7
41,1,1,0.3,1,1720,16,0,9,10,0,25,8e-1,4e-1,1.4e-1,1e0,5.860429023612237e-5,-6.171507e-4,4.0748355e-1,4.6735013e-7
41,1,1,0.3,1,1760,16,0,10,11,0,25,8e-1,4e-1,1.4e-1,1e0,5.829522455387634e-5,-5.978516e-4,4.1549054e-1,4.3012597e-7
41,1,1,0.3,1,1800,16,0,11,12,0,25,8e-1,4e-1,1.4e-1,1e0,5.84083335806309e-5,-5.8021443e-4,4.233607e-1,3.9759095e-7
41,1,1,0.3,1,1840,16,0,12,13,0,25,8e-1,4e-1,1.4e-1,1e0,5.8730190558329724e-5,-5.6406524e-4,4.3086997e-1,3.6921764e-7
41,1,1,0.3,1,1880,16,0,13,14,0,25,8e-1,4e-1,1.4e-1,1e0,5.913175039526504e-5,-5.490553e-4,4.378804e-1,3.4422837e-7
41,1,1,0.3,1,1920,16,0,14,15,0,25,8e-1,4e-1,1.4e-1,1e0,5.953779509996224e-5,-5.352108e-4,4.4433582e-1,3.2233575e-7
41,1,1,0.3,1,1960,16,0,15,16,0,25,8e-1,4e-1,1.4e-1,1e0,5.9910524799992424e-5,-5.2239915e-4,4.5024472e-1,3.0305839e-7
41,1,1,0.3,1,2000,16,0,16,17,0,25,8e-1,4e-1,1.4e-1,1e0,6.02371215691419e-5,-5.103457e-4,4.5565018e-1,2.8580337e-7
41,1,1,0.3,1,2040,16,0,17,18,0,25,8e-1,4e-1,1.4e-1,1e0,6.051362197079981e-5,-4.9907307e-4,4.606226e-1,2.703666e-7
41,1,1,0.3,1,2080,16,0,18,19,0,25,8e-1,4e-1,1.4e-1,1e0,6.0743518193198716e-5,-4.8876356e-4,4.6523765e-1,2.5673955e-7
41,1,1,0.3,1,2120,16,0,19,20,0,25,8e-1,4e-1,1.4e-1,1e0,6.093545952922679e-5,-4.7897626e-4,4.6956697e-1,2.4428707e-7
41,1,1,0.3,1,2160,16,0,20,21,0,25,8e-1,4e-1,1.4e-1,1e0,6.109896388187795e-5,-4.6919266e-4,4.7367173e-1,2.3237797e-7
41,1,1,0.3,1,2200,16,0,21,22,0,25,8e-1,4e-1,1.4e-1,1e0,6.123441458515522e-5,-4.606908e-4,4.7762242e-1,2.221797e-7
41,1,1,0.3,1,2240,16,0,22,23,0,25,8e-1,4e-1,1.4e-1,1e0,6.135488484472707e-5,-4.518868e-4,4.8144913e-1,2.1206984e-7
41,1,1,0.3,1,2280,16,0,23,24,0,25,8e-1,4e-1,1.4e-1,1e0,6.145846717124524e-5,-4.4406127e-4,4.8520502e-1,2.0320319e-7
41,1,1,0.3,1,2320,16,0,24,25,0,25,8e-1,4e-1,1.4e-1,1e0,6.156287769326827e-5,-4.3403654e-4,4.8887882e-1,1.9267323e-7
41,1,1,0.3,1,2360,21,0,0,1,0,25,2e-1,8e-1,1.4e-1,1e0,2.1487033859077393e-5,-2.939282e-4,1.4090908e-1,3.065586e-7
41,1,1,0.3,1,2400,16,0,25,26,0,25,8e-1,4e-1,1.4e-1,1e0,6.176292030077342e-5,-4.1267675e-4,4.9126604e-1,1.7332981e-7
41,1,1,0.3,2,2440,36,0,0,0,0,25,8e-1,6e-1,9e-2,8.788577e-1,5.008477784131787e-3,-1.5221994e-3,1.822165e-2,6.3580716e-5
41,1,1,0.3,2,2480,21,0,1,2,1,25,2e-1,8e-1,1.4e-1,1e0,4.3018189495346e-3,-1.7091858e-3,1.4144254e-2,1.03268656e-4
41,1,1,0.3,2,2520,9,0,0,1,0,25,2e-1,2e-1,1.4e-1,1e0,4.780199749634049e-4,-2.5860267e-3,1.1745967e0,2.8467364e-6
41,1,1,0.3,2,2560,21,0,2,3,1,25,2e-1,8e-1,1.4e-1,1e0,4.699292516361746e-3,-5.604388e-4,1.2589395e-1,1.2474453e-6
41,1,1,0.3,2,2600,23,0,0,4,0,25,6e-1,8e-1,1.4e-1,8.788577e-1,8.515935611701483e-4,-7.732304e-4,2.656139e-1,1.125478e-6
41,1,1,0.3,2,2640,23,0,1,5,0,25,6e-1,8e-1,1.4e-1,8.788577e-1,8.382165544806116e-4,-7.7260594e-4,2.5761095e-1,1.1585687e-6
41,1,1,0.3,2,2680,23,0,2,6,0,25,6e-1,8e-1,1.4e-1,8.788577e-1,8.232910116628358e-4,-7.726558e-4,2.539393e-1,1.1754719e-6
41,1,1,0.3,2,2720,23,0,3,7,0,25,6e-1,8e-1,1.4e-1,8.788577e-1,8.037522186093353e-4,-7.515908e-4,2.544361e-1,1.1100798e-6
41,1,1,0.3,2,2760,23,0,4,8,0,25,6e-1,8e-1,1.4e-1,8.788577e-1,7.839674264413404e-4,-7.4857834e-4,2.553755e-1,1.0971481e-6
41,1,1,0.3,2,2800,23,0,5,9,0,25,6e-1,8e-1,1.4e-1,8.788577e-1,7.650621448094373e-4,-7.5722963e-4,2.562501e-1,1.1188224e-6
41,1,1,0.3,2,2840,23,0,6,10,0,25,6e-1,8e-1,1.4e-1,8.788577e-1,7.471625481675474e-4,-7.708958e-4,2.5701565e-1,1.156117e-6
41,1,1,0.3,2,2880,23,0,7,11,0,25,6e-1,8e-1,1.4e-1,8.788577e-1,7.302367492107653e-4,-7.863095e-4,2.5768477e-1,1.1996879e-6
41,1,1,0.3,2,2920,23,0,8,12,0,25,6e-1,8e-1,1.4e-1,8.788577e-1,7.141222966807715e-4,-8.021148e-4,2.5831634e-1,1.2453493e-6
41,1,1,0.3,2,2960,9,0,1,2,0,25,2e-1,2e-1,1.4e-1,1e0,9.081760797623626e-5,-3.2644405e-3,3.0990396e0,1.7193345e-6
41,1,1,0.3,2,3000,9,0,2,3,0,25,2e-1,2e-1,1.4e-1,1e0,8.856830921795222e-5,-3.3535494e-3,3.1149242e0,1.8052276e-6
41,1,1,0.3,2,3040,39,0,4,13,1,25,6e-1,8e-1,9e-2,8.788577e-1,3.0449199431276125e-4,-1.3686905e-3,6.4402664e-1,1.4543759e-6
41,1,1,0.3,2,3080,39,0,5,14,1,25,6e-1,8e-1,9e-2,8.788577e-1,2.9137954324845396e-4,-1.4026146e-3,6.471869e-1,1.5199071e-6
41,1,1,0.3,2,3120,39,0,6,15,1,25,6e-1,8e-1,9e-2,8.788577e-1,2.7814989928633523e-4,-1.4525364e-3,6.505736e-1,1.6215399e-6
41,1,1,0.3,2,3160,39,0,7,16,1,25,6e-1,8e-1,9e-2,8.788577e-1,2.644647153593601e-4,-1.5193091e-3,6.540532e-1,1.764612e-6
41,1,1,0.3,2,3200,39,0,8,17,1,25,6e-1,8e-1,9e-2,8.788577e-1,2.5036769432302966e-4,-1.55922e-3,6.5680206e-1,1.8507609e-6
41,1,1,0.3,2,3240,39,0,9,18,1,25,6e-1,8e-1,9e-2,8.788577e-1,2.3563191429297394e-4,-1.604386e-3,6.595587e-1,1.951346e-6
41,1,1,0.3,2,3280,39,0,10,19,1,25,6e-1,8e-1,9e-2,8.788577e-1,2.2061759084237813e-4,-1.646351e-3,6.619127e-1,2.047454e-6
41,1,1,0.3,2,3320,39,0,11,20,1,25,6e-1,8e-1,9e-2,8.788577e-1,2.0570862042717456e-4,-1.6821414e-3,6.6359305e-1,2.1320295e-6
41,1,1,0.3,2,3360,39,0,12,21,1,25,6e-1,8e-1,9e-2,8.788577e-1,1.9135229408430267e-4,-1.7084864e-3,6.643969e-1,2.1966732e-6
41,1,1,0.3,2,3400,39,0,13,22,1,25,6e-1,8e-1,9e-2,8.788577e-1,1.7800505854258678e-4,-1.7227691e-3,6.6422665e-1,2.234127e-6
41,1,1,0.3,2,3440,39,0,14,23,1,25,6e-1,8e-1,9e-2,8.788577e-1,1.660865369377139e-4,-1.7236145e-3,6.6309714e-1,2.2401296e-6
41,1,1,0.3,2,3480,39,0,15,24,1,25,6e-1,8e-1,9e-2,8.788577e-1,1.5592234826260405e-4,-1.7109166e-3,6.6112226e-1,2.2138383e-6
41,1,1,0.3,2,3520,39,0,16,25,1,25,6e-1,8e-1,9e-2,8.788577e-1,1.4772130915587767e-4,-1.6861587e-3,6.58478e-1,2.1588655e-6
41,1,1,0.3,2,3560,39,0,17,26,1,25,6e-1,8e-1,9e-2,8.788577e-1,1.4155911593756505e-4,-1.6521357e-3,6.553644e-1,2.0824693e-6
41,1,1,0.3,2,3600,39,0,18,27,1,25,6e-1,8e-1,9e-2,8.788577e-1,1.3742441815261288e-4,-1.6119813e-3,6.519439e-1,1.9928736e-6
