seed,rich,fresh,omega,adaptive,window,step,source_residual_sse_0,source_residual_sse_1,source_residual_sse_2,source_residual_sse_3,source_residual_sse_4,source_residual_sse_5,source_residual_sse_6,source_residual_sse_7,source_residual_sse_8,source_residual_sse_9,source_residual_sse_10,source_residual_sse_11,source_residual_sse_12,source_residual_sse_13,source_residual_sse_14,source_residual_sse_15,source_residual_sse_16,source_count_0,source_count_1,source_count_2,source_count_3,source_count_4,source_count_5,source_count_6,source_count_7,source_count_8,source_count_9,source_count_10,source_count_11,source_count_12,source_count_13,source_count_14,source_count_15,source_count_16,path_visits_0,path_visits_1,path_visits_2,path_visits_3,path_visits_4,path_visits_5,path_visits_6,path_visits_7,path_visits_8,path_visits_9,path_visits_10,path_visits_11,path_visits_12,path_visits_13,path_visits_14,path_visits_15,path_visits_16
7,0,0,0.0,0,0,120,0e0,0e0,5.126843362290856e-6,1.4653207017545355e-5,9.454338652403749e-6,1.030999868589788e-6,4.0307040904963287e-7,1.1624788669450936e-5,4.4959397200727835e-6,0e0,0e0,0e0,0e0,6.419874921448354e-6,6.502114842987794e-6,7.4120133035648905e-6,0e0,0,0,4,2,8,2,2,4,4,0,0,0,0,2,2,2,0,0,0,68,0,68,102,136,0,14,88,34,0,0,0,0,34,0
7,0,0,0.0,0,0,240,0e0,0e0,2.4269647624919344e-8,7.14376433563757e-8,4.578874013283496e-8,5.475291331435983e-9,1.6342456277129713e-9,5.4529072812670165e-8,2.1351557855098235e-8,0e0,0e0,0e0,0e0,2.9563096859419602e-8,3.3331037485595516e-8,3.693480365996038e-8,0e0,0,0,4,2,8,2,2,4,4,0,0,0,0,2,2,2,0,0,0,68,0,68,102,136,0,14,88,34,0,0,0,0,34,0
7,0,0,0.0,0,0,360,0e0,0e0,6.898703830415798e-12,1.54145585185006e-11,1.0340839295963633e-11,2.0392576516314875e-12,1.8207657603852567e-13,1.7826629061801214e-11,5.860201213181426e-12,0e0,0e0,0e0,0e0,7.323031070427533e-12,1.0263789818054647e-11,9.443112958251731e-12,0e0,0,0,4,2,8,2,2,4,4,0,0,0,0,2,2,2,0,0,0,68,0,68,102,136,0,14,88,34,0,0,0,0,34,0
7,0,0,0.0,0,0,480,0e0,0e0,3.5083047578154947e-14,1.0036416142611415e-13,6.106226635438361e-13,1.865174681370263e-14,5.773159728050814e-14,3.2862601528904634e-13,1.1901590823981678e-13,0e0,0e0,0e0,0e0,2.930988785010413e-14,2.1316282072803006e-14,1.3500311979441904e-13,0e0,0,0,4,2,8,2,2,4,4,0,0,0,0,2,2,2,0,0,0,68,0,68,102,136,0,14,88,34,0,0,0,0,34,0
7,0,0,0.0,0,0,600,0e0,0e0,1.0436096431476471e-13,1.0347278589506459e-13,6.588063428125679e-13,1.5987211554602254e-14,8.260059303211165e-14,3.241851231905457e-13,1.412203687323199e-13,0e0,0e0,0e0,0e0,7.105427357601002e-15,2.842170943040401e-14,1.3500311979441904e-13,0e0,0,0,4,2,8,2,2,4,4,0,0,0,0,2,2,2,0,0,0,68,0,68,102,136,0,14,88,34,0,0,0,0,34,0
7,0,0,0.0,0,0,720,0e0,0e0,6.17284001691587e-14,1.0347278589506459e-13,6.348255254806645e-13,1.5987211554602254e-14,8.260059303211165e-14,2.566835632933362e-13,1.1901590823981678e-13,0e0,0e0,0e0,0e0,2.842170943040401e-14,2.842170943040401e-14,1.3500311979441904e-13,0e0,0,0,4,2,8,2,2,4,4,0,0,0,0,2,2,2,0,0,0,68,0,68,102,136,0,14,88,34,0,0,0,0,34,0
7,0,0,0.0,0,0,840,0e0,0e0,3.3306690738754696e-14,1.0347278589506459e-13,6.727951529228449e-13,1.1546319456101628e-14,5.773159728050814e-14,2.566835632933362e-13,1.2967404927621828e-13,0e0,0e0,0e0,0e0,3.197442310920451e-14,2.842170943040401e-14,1.3500311979441904e-13,0e0,0,0,4,2,8,2,2,4,4,0,0,0,0,2,2,2,0,0,0,68,0,68,102,136,0,14,88,34,0,0,0,0,34,0
7,0,0,0.0,0,0,960,0e0,0e0,5.3734794391857577e-14,1.425526363618701e-13,9.907630271754897e-13,5.861977570020827e-14,5.773159728050814e-14,3.9523939676655573e-13,1.305622276959184e-13,0e0,0e0,0e0,0e0,1.1546319456101628e-14,2.842170943040401e-14,1.3500311979441904e-13,0e0,0,0,4,2,8,2,2,4,4,0,0,0,0,2,2,2,0,0,0,68,0,68,102,136,0,14,88,34,0,0,0,0,34,0
7,0,0,0.0,0,0,1080,0e0,0e0,1.1124434706744069e-13,1.3433698597964394e-13,1.2305712004945235e-12,8.704148513061227e-14,3.907985046680551e-14,3.241851231905457e-13,9.681144774731365e-14,0e0,0e0,0e0,0e0,1.509903313490213e-14,4.263256414560601e-14,2.0250467969162855e-13,0e0,0,0,4,2,8,2,2,4,4,0,0,0,0,2,2,2,0,0,0,68,0,68,102,136,0,14,88,34,0,0,0,0,34,0
7,0,0,0.0,0,0,1200,0e0,0e0,1.7452927991712386e-11,6.534550678338746e-12,5.806044534040211e-11,1.319389042464536e-11,5.7482907322992105e-12,5.937472735695337e-12,2.034816759532987e-11,0e0,0e0,0e0,0e0,2.6973978606292803e-12,5.471179065352771e-13,9.912071163853398e-13,0e0,0,0,4,2,8,2,2,4,4,0,0,0,0,2,2,2,0,0,0,68,0,68,102,136,0,14,88,34,0,0,0,0,34,0
7,0,0,0.0,0,1,1320,0e0,0e0,2.2937207688755734e-13,5.546674231027282e-13,2.114308728096148e-12,2.7355895326763857e-13,3.6415315207705135e-14,6.297184995673888e-13,3.3306690738754696e-13,0e0,0e0,0e0,0e0,1.1546319456101628e-14,4.618527782440651e-14,1.7763568394002505e-13,0e0,0,0,4,2,8,2,2,4,4,0,0,0,0,2,2,2,0,0,0,68,0,68,102,136,0,14,88,34,0,0,0,0,34,0
7,0,0,0.0,0,1,1440,0e0,0e0,1.1122689436149358e-9,2.8448643440981414e-10,3.3541265320735647e-9,8.634639669935495e-10,3.7763392413125985e-10,3.014122285094345e-10,1.3424150679952618e-9,0e0,0e0,0e0,0e0,2.084528105683603e-10,3.824496275228739e-11,4.035172196381609e-11,0e0,0,0,4,2,8,2,2,4,4,0,0,0,0,2,2,2,0,0,0,68,0,68,102,136,0,14,88,34,0,0,0,0,34,0
7,0,0,0.0,0,1,1560,0e0,0e0,1.0680345496894006e-13,1.3855583347321954e-13,9.78550573904613e-13,7.638334409421077e-14,3.9968028886505635e-14,4.0234482412415673e-13,8.43769498715119e-14,0e0,0e0,0e0,0e0,1.7763568394002505e-14,2.842170943040401e-14,2.0250467969162855e-13,0e0,0,0,4,2,8,2,2,4,4,0,0,0,0,2,2,2,0,0,0,68,0,68,102,136,0,14,88,34,0,0,0,0,34,0
7,0,0,0.0,0,1,1680,0e0,0e0,3.9955772024313774e-10,9.986012017293433e-11,1.2286511807957368e-9,3.3426594825414213e-10,1.5049472779082862e-10,1.3019718636542166e-10,5.260085700342643e-10,0e0,0e0,0e0,0e0,8.466205514423564e-11,1.589128828527464e-11,2.084732386720134e-11,0e0,0,0,4,2,8,2,2,4,4,0,0,0,0,2,2,2,0,0,0,68,0,68,102,136,0,14,88,34,0,0,0,0,34,0
7,0,0,0.0,0,1,1800,0e0,0e0,1.2212453270876722e-13,1.425526363618701e-13,1.496136547984861e-12,1.4566126083082054e-13,2.930988785010413e-14,5.835332217429823e-13,1.412203687323199e-13,0e0,0e0,0e0,0e0,1.7763568394002505e-14,2.842170943040401e-14,1.3500311979441904e-13,0e0,0,0,4,2,8,2,2,4,4,0,0,0,0,2,2,2,0,0,0,68,0,68,102,136,0,14,88,34,0,0,0,0,34,0
7,0,0,0.0,0,1,1920,0e0,0e0,1.6354140264240868e-10,5.1069592998942426e-11,6.011062758659591e-10,1.6274093184165395e-10,6.695533016909394e-11,7.648193189879748e-11,2.50191867223748e-10,0e0,0e0,0e0,0e0,4.1446845955306344e-11,1.0317080523236655e-11,1.6772361277617165e-11,0e0,0,0,4,2,8,2,2,4,4,0,0,0,0,2,2,2,0,0,0,68,0,68,102,136,0,14,88,34,0,0,0,0,34,0
7,0,0,0.0,0,1,2040,0e0,0e0,5.618206451174501e-7,1.531486280015315e-7,2.0324874867583276e-6,5.800842828307395e-7,2.471493445455053e-7,2.815291999525016e-7,8.908455448874975e-7,0e0,0e0,0e0,0e0,1.4961684158265598e-7,3.598397668724829e-8,6.450860468021347e-8,0e0,0,0,4,2,8,2,2,4,4,0,0,0,0,2,2,2,0,0,0,68,0,68,102,136,0,14,88,34,0,0,0,0,34,0
7,0,0,0.0,0,1,2160,0e0,0e0,1.8707257964933888e-12,5.773159728050814e-14,4.799050046244702e-12,1.1537437671904627e-12,7.469580509678053e-13,5.81756864903582e-13,2.6911806116913795e-12,0e0,0e0,0e0,0e0,6.012967901369848e-13,4.973799150320701e-14,1.3500311979441904e-13,0e0,0,0,4,2,8,2,2,4,4,0,0,0,0,2,2,2,0,0,0,68,0,68,102,136,0,14,88,34,0,0,0,0,34,0
7,0,0,0.0,0,1,2280,0e0,0e0,3.431808837106587e-9,9.567084902073475e-10,1.4436992712418828e-8,4.3858188192302805e-9,1.8667281054263185e-9,2.684947375541924e-9,6.447572253875933e-9,0e0,0e0,0e0,0e0,1.1387450982169867e-9,3.5790392871604126e-10,6.915037431554083e-10,0e0,0,0,4,2,8,2,2,4,4,0,0,0,0,2,2,2,0,0,0,68,0,68,102,136,0,14,88,34,0,0,0,0,34,0
7,0,0,0.0,0,1,2400,0e0,0e0,3.7831959787126834e-12,4.25659507641285e-13,9.916956145161748e-12,3.4638958368304884e-12,2.383870878475136e-12,1.6635581800983346e-12,4.972022793481301e-12,0e0,0e0,0e0,0e0,1.06314956838105e-12,9.592326932761353e-14,1.2079226507921703e-13,0e0,0,0,4,2,8,2,2,4,4,0,0,0,0,2,2,2,0,0,0,68,0,68,102,136,0,14,88,34,0,0,0,0,34,0
7,0,0,0.0,0,2,2520,0e0,0e0,2.8158142484357995e-11,9.689138380508666e-12,1.9052270872066401e-10,6.008527009271347e-11,2.348432559529101e-11,5.418865356432434e-11,7.87228060517009e-11,0e0,0e0,0e0,0e0,1.3526069153613207e-11,9.272582701669307e-12,1.460165321987006e-11,0e0,0,0,4,2,8,2,2,4,4,0,0,0,0,2,2,2,0,0,0,68,0,68,102,136,0,14,88,34,0,0,0,0,34,0
7,0,0,0.0,0,2,2640,0e0,0e0,2.925688580290853e-10,8.493650227592298e-11,1.6793133550407902e-9,5.483746789991528e-10,2.2988899672782281e-10,4.524753904888712e-10,7.537153123848839e-10,0e0,0e0,0e0,0e0,1.4172840678838838e-10,6.689759857181343e-11,1.1125678156531649e-10,0e0,0,0,4,2,8,2,2,4,4,0,0,0,0,2,2,2,0,0,0,68,0,68,102,136,0,14,88,34,0,0,0,0,34,0
7,0,0,0.0,0,2,2760,0e0,0e0,5.069189512596495e-11,9.175327164712144e-12,2.740117022170807e-10,1.0162004571157013e-10,5.079048293055166e-11,1.0016076856800282e-10,1.283426698250878e-10,0e0,0e0,0e0,0e0,2.724309666746194e-11,1.1727507853720454e-11,2.0811796730413334e-11,0e0,0,0,4,2,8,2,2,4,4,0,0,0,0,2,2,2,0,0,0,68,0,68,102,136,0,14,88,34,0,0,0,0,34,0
7,0,0,0.0,0,2,2880,0e0,0e0,7.1531314205230956e-9,1.5629357807966926e-9,6.023333587457103e-8,2.3025942041954295e-8,1.0836971320316025e-8,2.949249555683764e-8,2.698583934090948e-8,0e0,0e0,0e0,0e0,5.685215853645786e-9,4.511793605388448e-9,5.173067307850943e-9,0e0,0,0,4,2,8,2,2,4,4,0,0,0,0,2,2,2,0,0,0,68,0,68,102,136,0,14,88,34,0,0,0,0,34,0
7,0,0,0.0,0,2,3000,0e0,0e0,8.637535131583718e-14,9.348077867343818e-14,9.9298347322474e-13,5.5067062021407764e-14,3.907985046680551e-14,4.1300296516055823e-13,7.016609515630989e-14,0e0,0e0,0e0,0e0,1.7763568394002505e-14,4.973799150320701e-14,2.3447910280083306e-13,0e0,0,0,4,2,8,2,2,4,4,0,0,0,0,2,2,2,0,0,0,68,0,68,102,136,0,14,88,34,0,0,0,0,34,0
7,0,0,0.0,0,2,3120,0e0,0e0,2.2107002894955485e-9,4.408520215548606e-10,4.3255956594379086e-9,2.228345508115126e-9,1.7505179528143344e-9,2.483877103998111e-9,2.086880002138969e-9,0e0,0e0,0e0,0e0,6.622133952305376e-10,1.4343370935421262e-10,1.1912888453480264e-9,0e0,0,0,4,2,8,2,2,4,4,0,0,0,0,2,2,2,0,0,0,68,0,68,102,136,0,14,88,34,0,0,0,0,34,0
7,0,0,0.0,0,2,3240,0e0,0e0,6.050715484207103e-13,2.5979218776228663e-14,9.519052213136092e-13,2.682298827494378e-13,4.556355293061642e-13,3.4727776210274897e-13,5.346834086594754e-13,0e0,0e0,0e0,0e0,7.549516567451064e-14,3.907985046680551e-14,3.552713678800501e-14,0e0,0,0,4,2,8,2,2,4,4,0,0,0,0,2,2,2,0,0,0,68,0,68,102,136,0,14,88,34,0,0,0,0,34,0
7,0,0,0.0,0,2,3360,0e0,0e0,9.547918011776346e-14,3.6415315207705135e-14,7.147615832536758e-13,2.824407374646398e-13,3.739231146937527e-13,8.339995360984176e-13,4.440892098500626e-13,0e0,0e0,0e0,0e0,1.0036416142611415e-13,4.973799150320701e-14,4.973799150320701e-14,0e0,0,0,4,2,8,2,2,4,4,0,0,0,0,2,2,2,0,0,0,68,0,68,102,136,0,14,88,34,0,0,0,0,34,0
7,0,0,0.0,0,2,3480,0e0,0e0,1.076462918803145e-9,1.8151014025136192e-10,3.3060558735087398e-9,1.6238619338082572e-9,1.0845804254699942e-9,1.976711239137785e-9,1.7452927991712386e-9,0e0,0e0,0e0,0e0,4.63884930468339e-10,9.301359682467591e-11,7.506955057579034e-10,0e0,0,0,4,2,8,2,2,4,4,0,0,0,0,2,2,2,0,0,0,68,0,68,102,136,0,14,88,34,0,0,0,0,34,0
7,0,0,0.0,0,2,3600,0e0,0e0,3.527600611619164e-8,4.490423144432043e-9,1.4337810316789046e-7,6.643654870686078e-8,4.359355987304525e-8,9.071406914529234e-8,7.215960184936421e-8,0e0,0e0,0e0,0e0,1.686973138959047e-8,5.800991687010537e-9,2.636959806068262e-8,0e0,0,0,4,2,8,2,2,4,4,0,0,0,0,2,2,2,0,0,0,68,0,68,102,136,0,14,88,34,0,0,0,0,34,0
7,0,0,0.0,1,0,120,0e0,0e0,5.126843362290856e-6,1.4653207017545355e-5,9.454338652403749e-6,1.030999868589788e-6,4.0307040904963287e-7,1.1624788669450936e-5,4.4959397200727835e-6,0e0,0e0,0e0,0e0,6.419874921448354e-6,6.502114842987794e-6,7.4120133035648905e-6,0e0,0,0,4,2,8,2,2,4,4,0,0,0,0,2,2,2,0,0,0,68,0,68,102,136,0,14,88,34,0,0,0,0,34,0
7,0,0,0.0,1,0,240,0e0,0e0,2.4269647624919344e-8,7.14376433563757e-8,4.578874013283496e-8,5.475291331435983e-9,1.6342456277129713e-9,5.4529072812670165e-8,2.1351557855098235e-8,0e0,0e0,0e0,0e0,2.9563096859419602e-8,3.3331037485595516e-8,3.693480365996038e-8,0e0,0,0,4,2,8,2,2,4,4,0,0,0,0,2,2,2,0,0,0,68,0,68,102,136,0,14,88,34,0,0,0,0,34,0
7,0,0,0.0,1,0,360,0e0,0e0,6.898703830415798e-12,1.54145585185006e-11,1.0340839295963633e-11,2.0392576516314875e-12,1.8207657603852567e-13,1.7826629061801214e-11,5.860201213181426e-12,0e0,0e0,0e0,0e0,7.323031070427533e-12,1.0263789818054647e-11,9.443112958251731e-12,0e0,0,0,4,2,8,2,2,4,4,0,0,0,0,2,2,2,0,0,0,68,0,68,102,136,0,14,88,34,0,0,0,0,34,0
7,0,0,0.0,1,0,480,0e0,0e0,3.5083047578154947e-14,1.0036416142611415e-13,6.106226635438361e-13,1.865174681370263e-14,5.773159728050814e-14,3.2862601528904634e-13,1.1901590823981678e-13,0e0,0e0,0e0,0e0,2.930988785010413e-14,2.1316282072803006e-14,1.3500311979441904e-13,0e0,0,0,4,2,8,2,2,4,4,0,0,0,0,2,2,2,0,0,0,68,0,68,102,136,0,14,88,34,0,0,0,0,34,0
7,0,0,0.0,1,0,600,0e0,0e0,1.0436096431476471e-13,1.0347278589506459e-13,6.588063428125679e-13,1.5987211554602254e-14,8.260059303211165e-14,3.241851231905457e-13,1.412203687323199e-13,0e0,0e0,0e0,0e0,7.105427357601002e-15,2.842170943040401e-14,1.3500311979441904e-13,0e0,0,0,4,2,8,2,2,4,4,0,0,0,0,2,2,2,0,0,0,68,0,68,102,136,0,14,88,34,0,0,0,0,34,0
7,0,0,0.0,1,0,720,0e0,0e0,6.17284001691587e-14,1.0347278589506459e-13,6.348255254806645e-13,1.5987211554602254e-14,8.260059303211165e-14,2.566835632933362e-13,1.1901590823981678e-13,0e0,0e0,0e0,0e0,2.842170943040401e-14,2.842170943040401e-14,1.3500311979441904e-13,0e0,0,0,4,2,8,2,2,4,4,0,0,0,0,2,2,2,0,0,0,68,0,68,102,136,0,14,88,34,0,0,0,0,34,0
7,0,0,0.0,1,0,840,0e0,0e0,3.3306690738754696e-14,1.0347278589506459e-13,6.727951529228449e-13,1.1546319456101628e-14,5.773159728050814e-14,2.566835632933362e-13,1.2967404927621828e-13,0e0,0e0,0e0,0e0,3.197442310920451e-14,2.842170943040401e-14,1.3500311979441904e-13,0e0,0,0,4,2,8,2,2,4,4,0,0,0,0,2,2,2,0,0,0,68,0,68,102,136,0,14,88,34,0,0,0,0,34,0
7,0,0,0.0,1,0,960,0e0,0e0,5.3734794391857577e-14,1.425526363618701e-13,9.907630271754897e-13,5.861977570020827e-14,5.773159728050814e-14,3.9523939676655573e-13,1.305622276959184e-13,0e0,0e0,0e0,0e0,1.1546319456101628e-14,2.842170943040401e-14,1.3500311979441904e-13,0e0,0,0,4,2,8,2,2,4,4,0,0,0,0,2,2,2,0,0,0,68,0,68,102,136,0,14,88,34,0,0,0,0,34,0
7,0,0,0.0,1,0,1080,0e0,0e0,1.1124434706744069e-13,1.3433698597964394e-13,1.2305712004945235e-12,8.704148513061227e-14,3.907985046680551e-14,3.241851231905457e-13,9.681144774731365e-14,0e0,0e0,0e0,0e0,1.509903313490213e-14,4.263256414560601e-14,2.0250467969162855e-13,0e0,0,0,4,2,8,2,2,4,4,0,0,0,0,2,2,2,0,0,0,68,0,68,102,136,0,14,88,34,0,0,0,0,34,0
7,0,0,0.0,1,0,1200,0e0,0e0,5.927369173264196e-7,1.411239995974256e-7,2.010692156773075e-6,8.443449104333922e-7,2.922729436249938e-7,4.6716984059003153e-7,1.05301471720054e-6,0e0,0e0,0e0,0e0,3.9836913856561296e-7,1.279251833352646e-7,2.449057667774923e-7,0e0,0,0,4,2,8,2,2,4,4,0,0,0,0,2,2,2,0,0,0,68,0,68,102,136,0,14,88,34,0,0,0,0,34,0
7,0,0,0.0,1,1,1320,0e0,0e0,1.2575940289138998e-11,3.0774716108794564e-11,6.68352040378295e-11,2.7258195700596843e-12,1.3592682535090717e-11,4.573141865193975e-11,2.0091484032036533e-11,0e0,0e0,0e0,0e0,1.1579182057630533e-11,3.021582983819826e-11,3.3359981443936704e-12,0e0,0,0,4,2,8,2,2,4,4,0,0,0,0,2,2,2,0,0,0,68,0,68,102,136,0,14,88,34,0,0,0,0,34,0
7,0,0,0.0,1,1,1440,0e0,0e0,1.6009416015094757e-13,1.1057821325266559e-13,3.4794389591752406e-13,1.2256862191861728e-13,8.260059303211165e-14,1.971756091734278e-13,1.6964207816272392e-13,0e0,0e0,0e0,0e0,5.329070518200751e-15,2.842170943040401e-14,4.973799150320701e-14,0e0,0,0,4,2,8,2,2,4,4,0,0,0,0,2,2,2,0,0,0,68,0,68,102,136,0,14,88,34,0,0,0,0,34,0
7,0,0,0.0,1,1,1560,0e0,0e0,5.084821452783217e-14,9.525713551283843e-14,3.9013237085328e-13,9.325873406851315e-14,9.681144774731365e-14,2.1049828546892968e-13,9.50350909079134e-14,0e0,0e0,0e0,0e0,4.440892098500626e-15,2.842170943040401e-14,1.3500311979441904e-13,0e0,0,0,4,2,8,2,2,4,4,0,0,0,0,2,2,2,0,0,0,68,0,68,102,136,0,14,88,34,0,0,0,0,34,0
7,0,0,0.0,1,1,1680,0e0,0e0,2.1782575743145571e-13,1.4654943925052066e-14,3.12194714524594e-13,1.3322676295501878e-13,1.6431300764452317e-13,1.9984014443252818e-13,1.6964207816272392e-13,0e0,0e0,0e0,0e0,1.865174681370263e-14,3.907985046680551e-14,4.973799150320701e-14,0e0,0,0,4,2,8,2,2,4,4,0,0,0,0,2,2,2,0,0,0,68,0,68,102,136,0,14,88,34,0,0,0,0,34,0
7,0,0,0.0,1,1,1800,0e0,0e0,7.216449660063518e-14,1.0036416142611415e-13,4.263256414560601e-13,7.549516567451064e-14,8.260059303211165e-14,2.078337502098293e-13,1.2256862191861728e-13,0e0,0e0,0e0,0e0,5.329070518200751e-15,2.1316282072803006e-14,1.3500311979441904e-13,0e0,0,0,4,2,8,2,2,4,4,0,0,0,0,2,2,2,0,0,0,68,0,68,102,136,0,14,88,34,0,0,0,0,34,0
7,0,0,0.0,1,1,1920,0e0,0e0,1.4880763288260823e-11,4.406253140132321e-12,7.701883575350621e-11,6.2732041783419845e-12,2.2994939286036242e-12,2.4211743721025414e-12,7.542411140093463e-12,0e0,0e0,0e0,0e0,5.657696533489798e-13,2.6645352591003757e-13,1.616484723854228e-12,0e0,0,0,4,2,8,2,2,4,4,0,0,0,0,2,2,2,0,0,0,68,0,68,102,136,0,14,88,34,0,0,0,0,34,0
7,0,0,0.0,1,1,2040,0e0,0e0,1.2285594763739027e-10,2.2752688622063033e-11,5.017610771318459e-10,6.535838537047312e-11,3.420019822897302e-11,2.1804780203638074e-11,6.466471802468732e-11,0e0,0e0,0e0,0e0,6.449063505442609e-12,1.2576606422953773e-12,6.174616373755271e-12,0e0,0,0,4,2,8,2,2,4,4,0,0,0,0,2,2,2,0,0,0,68,0,68,102,136,0,14,88,34,0,0,0,0,34,0
7,0,0,0.0,1,1,2160,0e0,0e0,2.8627500370248526e-10,7.984746197564618e-11,8.7919005409276e-10,1.2218936973340533e-10,7.824585424032193e-11,5.700595551161314e-11,1.4620304966683761e-10,0e0,0e0,0e0,0e0,2.9527491562930663e-11,7.826628234397504e-12,1.518429826319334e-11,0e0,0,0,4,2,8,2,2,4,4,0,0,0,0,2,2,2,0,0,0,68,0,68,102,136,0,14,88,34,0,0,0,0,34,0
7,0,0,0.0,1,1,2280,0e0,0e0,5.1322772698370045e-9,1.1823371171004737e-9,1.8349809893791758e-8,2.7181412676213768e-9,1.3855423475206408e-9,1.0911511694189358e-9,2.6037474398776794e-9,0e0,0e0,0e0,0e0,3.4502267709513035e-10,8.322587063958053e-11,3.7627856386279745e-10,0e0,0,0,4,2,8,2,2,4,4,0,0,0,0,2,2,2,0,0,0,68,0,68,102,136,0,14,88,34,0,0,0,0,34,0
7,0,0,0.0,1,1,2400,0e0,0e0,6.496700066804806e-9,6.810372710219781e-9,2.1852170739578014e-8,4.6706727374612456e-9,1.1877586025832443e-8,6.07753003478706e-8,4.284138377386171e-9,0e0,0e0,0e0,0e0,2.095759299436395e-8,3.6633700517541e-8,2.566565626693773e-9,0e0,0,0,4,2,8,2,2,4,4,0,0,0,0,2,2,2,0,0,0,68,0,68,102,136,0,14,88,34,0,0,0,0,34,0
7,0,0,0.0,1,2,2520,0e0,0e0,5.118128143521972e-13,2.3381296898605797e-13,1.2785328351583303e-12,1.7701395904623496e-12,1.7408297026122455e-13,2.1227464230832993e-13,1.3500311979441904e-13,0e0,0e0,0e0,0e0,1.0063061495202419e-12,2.8066438062523957e-13,1.6342482922482304e-13,0e0,0,0,4,2,8,2,2,4,4,0,0,0,0,2,2,2,0,0,0,68,0,68,102,136,0,14,88,34,0,0,0,0,34,0
7,0,0,0.0,1,2,2640,0e0,0e0,4.4853010194856324e-14,1.4654943925052066e-14,1.163513729807164e-13,7.37188088351104e-14,1.1812772982011666e-13,1.6786572132332367e-13,1.474376176702208e-13,0e0,0e0,0e0,0e0,7.815970093361102e-14,2.842170943040401e-14,9.237055564881302e-14,0e0,0,0,4,2,8,2,2,4,4,0,0,0,0,2,2,2,0,0,0,68,0,68,102,136,0,14,88,34,0,0,0,0,34,0
7,0,0,0.0,1,2,2760,0e0,0e0,5.141816643572383e-6,1.0206866249973245e-6,1.319418258560745e-5,2.2307120843834127e-6,1.3684566795291175e-6,1.04391462230069e-6,1.9588377710988425e-6,0e0,0e0,0e0,0e0,2.9471509677136964e-7,3.780623458737864e-8,5.075245503860515e-7,0e0,0,0,4,2,8,2,2,4,4,0,0,0,0,2,2,2,0,0,0,68,0,68,102,136,0,14,88,34,0,0,0,0,34,0
7,0,0,0.0,1,2,2880,0e0,0e0,9.689969271420296e-8,1.1919325304532435e-8,7.80875097916578e-8,4.3652043757447245e-8,8.137244833505974e-8,1.338767434688748e-7,3.845425666781921e-8,0e0,0e0,0e0,0e0,5.98202127832792e-8,7.56512612554161e-8,4.440916967496378e-9,0e0,0,0,4,2,8,2,2,4,4,0,0,0,0,2,2,2,0,0,0,68,0,68,102,136,0,14,88,34,0,0,0,0,34,0
7,0,0,0.0,1,2,3000,0e0,0e0,1.5338974534984118e-10,2.7139179792357027e-11,9.886069740616676e-11,1.34745548052706e-11,1.1035172775564206e-10,9.402878475839316e-11,5.503153488461976e-12,0e0,0e0,0e0,0e0,2.298961021551804e-11,1.6817836012705811e-10,5.5997873005253496e-11,0e0,0,0,4,2,8,2,2,4,4,0,0,0,0,2,2,2,0,0,0,68,0,68,102,136,0,14,88,34,0,0,0,0,34,0
7,0,0,0.0,1,2,3120,0e0,0e0,7.106537580625627e-12,2.333466753157154e-12,6.757705506288403e-12,2.9611868512802175e-12,5.764277943853813e-12,7.498002219108457e-12,1.439737218333903e-12,0e0,0e0,0e0,0e0,2.9389823907877144e-12,8.345324431502377e-12,1.964650664376677e-12,0e0,0,0,4,2,8,2,2,4,4,0,0,0,0,2,2,2,0,0,0,68,0,68,102,136,0,14,88,34,0,0,0,0,34,0
7,0,0,0.0,1,2,3240,0e0,0e0,3.1259439481345908e-12,5.322409180053e-13,4.923617069607644e-12,2.0516921495072893e-12,5.329070518200751e-13,2.0410340084708878e-12,8.411049634560186e-13,0e0,0e0,0e0,0e0,1.27631238910908e-12,5.577760475716786e-13,1.2292389328649733e-12,0e0,0,0,4,2,8,2,2,4,4,0,0,0,0,2,2,2,0,0,0,68,0,68,102,136,0,14,88,34,0,0,0,0,34,0
7,0,0,0.0,1,2,3360,0e0,0e0,3.0671021278294575e-12,3.135269821541442e-13,3.6119995883154843e-12,1.7106316363424412e-12,1.3944401189291966e-13,5.568878691519785e-13,3.4638958368304884e-13,0e0,0e0,0e0,0e0,8.242295734817162e-13,2.3092638912203256e-13,1.1119993814645568e-12,0e0,0,0,4,2,8,2,2,4,4,0,0,0,0,2,2,2,0,0,0,68,0,68,102,136,0,14,88,34,0,0,0,0,34,0
7,0,0,0.0,1,2,3480,0e0,0e0,2.5706103912170875e-12,2.824407374646398e-13,2.624345185608945e-12,1.092459456231154e-12,1.509903313490213e-13,4.849454171562684e-13,4.2454928461665986e-13,0e0,0e0,0e0,0e0,5.186961971048731e-13,1.7763568394002505e-13,7.531752999057062e-13,0e0,0,0,4,2,8,2,2,4,4,0,0,0,0,2,2,2,0,0,0,68,0,68,102,136,0,14,88,34,0,0,0,0,34,0
7,0,0,0.0,1,2,3600,0e0,0e0,7.042598575424108e-7,1.4930390079825884e-7,4.110783757838021e-8,6.515629280556823e-8,2.894524762098172e-7,2.9617990193742116e-7,4.228084549140476e-8,0e0,0e0,0e0,0e0,6.243116246196223e-9,7.010373792581959e-8,4.0008490742593494e-8,0e0,0,0,4,2,8,2,2,4,4,0,0,0,0,2,2,2,0,0,0,68,0,68,102,136,0,14,88,34,0,0,0,0,34,0
7,0,0,0.3,0,0,120,0e0,0e0,1.0332982856198214e-3,9.344328427687287e-4,2.3845162236284523e-3,1.6348779354302678e-4,1.292755223403219e-4,1.8422979264869355e-3,1.7040487291524187e-3,0e0,0e0,0e0,0e0,2.2439936583396047e-3,8.5609128291253e-4,3.3736990008037537e-3,0e0,0,0,4,2,8,2,2,4,4,0,0,0,0,2,2,2,0,0,0,68,0,66,104,136,0,63,39,34,0,0,0,4,30,0
7,0,0,0.3,0,0,240,0e0,0e0,8.599301145295613e-4,7.575147537863813e-4,2.203748661145255e-3,2.038162183453096e-4,1.3308065717865247e-4,1.8029250495601445e-3,1.9549770513549447e-3,0e0,0e0,0e0,0e0,1.9231538899475709e-3,8.415539778070524e-4,3.7201205268502235e-3,0e0,0,0,4,2,8,2,2,4,4,0,0,0,0,2,2,2,0,0,0,68,0,67,103,136,0,67,35,34,0,0,0,5,29,0
7,0,0,0.3,0,0,360,0e0,0e0,8.43828333017882e-4,7.444296643370762e-4,2.1897343241334966e-3,2.091915357596008e-4,1.3323563689482398e-4,1.8006700338446535e-3,1.985235547181219e-3,0e0,0e0,0e0,0e0,1.8910591170424595e-3,8.397803103434853e-4,3.76085820607841e-3,0e0,0,0,4,2,8,2,2,4,4,0,0,0,0,2,2,2,0,0,0,68,0,67,103,136,0,67,35,34,0,0,0,6,28,0
7,0,0,0.3,0,0,480,0e0,0e0,8.432610047748312e-4,7.439829132636078e-4,2.1892546614026287e-3,2.0938378111168277e-4,1.3323879829840735e-4,1.8005881283897907e-3,1.9863142078975216e-3,0e0,0e0,0e0,0e0,1.8899365095421672e-3,8.397223864449188e-4,3.7623265525326133e-3,0e0,0,0,4,2,8,2,2,4,4,0,0,0,0,2,2,2,0,0,0,68,0,67,103,136,0,67,35,34,0,0,0,6,28,0
7,0,0,0.3,0,0,600,0e0,0e0,8.432547092525056e-4,7.439842811436392e-4,2.189251733113906e-3,2.093864186463179e-4,1.3323634993867017e-4,1.8005832680501044e-3,1.9863207708112895e-3,0e0,0e0,0e0,0e0,1.889927953016013e-3,8.397198471357115e-4,3.762336797080934e-3,0e0,0,0,4,2,8,2,2,4,4,0,0,0,0,2,2,2,0,0,0,68,0,67,103,136,0,67,35,34,0,0,0,6,28,0
7,0,0,0.3,0,0,720,0e0,0e0,8.432583181274822e-4,7.439861510647461e-4,2.1892507731422484e-3,2.0938663692504633e-4,1.332389292656444e-4,1.800592326617334e-3,1.986319140996784e-3,0e0,0e0,0e0,0e0,1.8899267888627946e-3,8.397198471357115e-4,3.762336797080934e-3,0e0,0,0,4,2,8,2,2,4,4,0,0,0,0,2,2,2,0,0,0,68,0,67,103,136,0,67,35,34,0,0,0,6,28,0
7,0,0,0.3,0,0,840,0e0,0e0,8.432547092525056e-4,7.439850378432311e-4,2.189250266496856e-3,2.093864186463179e-4,1.3323787425179034e-4,1.800592326617334e-3,1.9863207708112895e-3,0e0,0e0,0e0,0e0,1.889927953016013e-3,8.397198471357115e-4,3.762336797080934e-3,0e0,0,0,4,2,8,2,2,4,4,0,0,0,0,2,2,2,0,0,0,68,0,67,103,136,0,67,35,34,0,0,0,6,28,0
7,0,0,0.3,0,0,960,0e0,0e0,8.432537833868992e-4,7.439815453835763e-4,2.1892516678576612e-3,2.093864186463179e-4,1.3323634993867017e-4,1.8005896054091863e-3,1.9863206543959677e-3,0e0,0e0,0e0,0e0,1.889926308649592e-3,8.39728229038883e-4,3.762336797080934e-3,0e0,0,0,4,2,8,2,2,4,4,0,0,0,0,2,2,2,0,0,0,68,0,67,103,136,0,67,35,34,0,0,0,6,28,0
7,0,0,0.3,0,0,1080,0e0,0e0,8.432547092525056e-4,7.439842811436392e-4,2.189253733490659e-3,2.0938663692504633e-4,1.3323787425179034e-4,1.8005896054091863e-3,1.9863207708112895e-3,0e0,0e0,0e0,0e0,1.8899251444963738e-3,8.397198471357115e-4,3.762336797080934e-3,0e0,0,0,4,2,8,2,2,4,4,0,0,0,0,2,2,2,0,0,0,68,0,67,103,136,0,67,35,34,0,0,0,6,28,0
7,0,0,0.3,0,0,1200,0e0,0e0,8.432537833868992e-4,7.439815453835763e-4,2.189248509864683e-3,2.093854382110294e-4,1.332355932390783e-4,1.8005864694714546e-3,1.9863229244947433e-3,0e0,0e0,0e0,0e0,1.889931081677787e-3,8.397252604481764e-4,3.762336797080934e-3,0e0,0,0,4,2,8,2,2,4,4,0,0,0,0,2,2,2,0,0,0,68,0,67,103,136,0,67,35,34,0,0,0,6,28,0
7,0,0,0.3,0,1,1320,0e0,0e0,8.432562226516893e-4,7.439850378432311e-4,2.1892496417308394e-3,2.093864186463179e-4,1.3323787425179034e-4,1.800592326617334e-3,1.986319140996784e-3,0e0,0e0,0e0,0e0,1.8899274728028104e-3,8.397198471357115e-4,3.762336797080934e-3,0e0,0,0,4,2,8,2,2,4,4,0,0,0,0,2,2,2,0,0,0,68,0,67,103,136,0,67,35,34,0,0,0,6,28,0
7,0,0,0.3,0,1,1440,0e0,0e0,8.432540180365322e-4,7.439820110448636e-4,2.1892482447469774e-3,2.093859566230094e-4,1.3323711755219847e-4,1.8005896054091863e-3,1.9863229244947433e-3,0e0,0e0,0e0,0e0,1.8899299175245687e-3,8.397198471357115e-4,3.762336797080934e-3,0e0,0,0,4,2,8,2,2,4,4,0,0,0,0,2,2,2,0,0,0,68,0,67,103,136,0,67,35,34,0,0,0,6,28,0
7,0,0,0.3,0,1,1560,0e0,0e0,8.432536978943972e-4,7.439820110448636e-4,2.1892459615742155e-3,2.0938489615218714e-4,1.3323622624739073e-4,1.800593665393535e-3,1.9863206543959677e-3,0e0,0e0,0e0,0e0,1.8899287533713505e-3,8.397298806812614e-4,3.762336797080934e-3,0e0,0,0,4,2,8,2,2,4,4,0,0,0,0,2,2,2,0,0,0,68,0,67,103,136,0,67,35,34,0,0,0,6,28,0
7,0,0,0.3,0,1,1680,0e0,0e0,8.432560043729609e-4,7.439836408593692e-4,2.189253005894898e-3,2.0938663692504633e-4,1.3323634993867017e-4,1.8005914826062508e-3,1.986323040910065e-3,0e0,0e0,0e0,0e0,1.8899239803431556e-3,8.397198471357115e-4,3.762336797080934e-3,0e0,0,0,4,2,8,2,2,4,4,0,0,0,0,2,2,2,0,0,0,68,0,67,103,136,0,67,35,34,0,0,0,6,28,0
7,0,0,0.3,0,1,1800,0e0,0e0,8.432536978943972e-4,7.439806140610017e-4,2.189247646185777e-3,2.093856965075247e-4,1.3323622624739073e-4,1.80058983823983e-3,1.9863263005390763e-3,0e0,0e0,0e0,0e0,1.8899327260442078e-3,8.39718253700994e-4,3.762336797080934e-3,0e0,0,0,4,2,8,2,2,4,4,0,0,0,0,2,2,2,0,0,0,68,0,67,103,136,0,67,35,34,0,0,0,6,28,0
7,0,0,0.3,0,1,1920,0e0,0e0,8.432566446572309e-4,7.439852124662139e-4,2.189253894528065e-3,2.0938663692504633e-4,1.332387728325557e-4,1.800593665393535e-3,1.9863172783516347e-3,0e0,0e0,0e0,0e0,1.8899255082942545e-3,8.3972277934663e-4,3.762336797080934e-3,0e0,0,0,4,2,8,2,2,4,4,0,0,0,0,2,2,2,0,0,0,68,0,67,103,136,0,67,35,34,0,0,0,6,28,0
7,0,0,0.3,0,1,2040,0e0,0e0,8.432536978943972e-4,7.439820110448636e-4,2.1892455126248933e-3,2.0938357192790136e-4,1.3323622624739073e-4,1.800595644454006e-3,1.9863203779095784e-3,0e0,0e0,0e0,0e0,1.8899334099842235e-3,8.39728229038883e-4,3.762336797080934e-3,0e0,0,0,4,2,8,2,2,4,4,0,0,0,0,2,2,2,0,0,0,68,0,67,103,136,0,67,35,34,0,0,0,6,28,0
7,0,0,0.3,0,1,2160,0e0,0e0,8.432598751824116e-4,7.439889450324699e-4,2.1892579474638296e-3,2.0938555644534063e-4,1.3324063002073672e-4,1.8005963574978523e-3,1.986316594411619e-3,0e0,0e0,0e0,0e0,1.8899163696914911e-3,8.397169731324539e-4,3.762336797080934e-3,0e0,0,0,4,2,8,2,2,4,4,0,0,0,0,2,2,2,0,0,0,68,0,67,103,136,0,67,35,34,0,0,0,6,28,0
7,0,0,0.3,0,1,2280,0e0,0e0,8.432586673734477e-4,7.439905166393146e-4,2.1892518499839753e-3,2.093847706419183e-4,1.332396932411939e-4,1.800597288820427e-3,1.986318326089531e-3,0e0,0e0,0e0,0e0,1.889923179987818e-3,8.397198471357115e-4,3.762336797080934e-3,0e0,0,0,4,2,8,2,2,4,4,0,0,0,0,2,2,2,0,0,0,68,0,67,103,136,0,67,35,34,0,0,0,6,28,0
7,0,0,0.3,0,1,2400,0e0,0e0,8.432608847215306e-4,7.439941837219521e-4,2.189259758949902e-3,2.0938776469847653e-4,1.3324063002073672e-4,1.8005983365583234e-3,1.986318326089531e-3,0e0,0e0,0e0,0e0,1.8899208516813815e-3,8.397169731324539e-4,3.762336797080934e-3,0e0,0,0,4,2,8,2,2,4,4,0,0,0,0,2,2,2,0,0,0,68,0,67,103,136,0,67,35,34,0,0,0,6,28,0
7,0,0,0.3,0,2,2520,0e0,0e0,8.432495123997796e-4,7.43969801987987e-4,2.189232396034413e-3,2.093816983688157e-4,1.332377505605109e-4,1.8006101454375312e-3,1.9863217748934403e-3,0e0,0e0,0e0,0e0,1.8899392889579758e-3,8.397420024266466e-4,3.762336797080934e-3,0e0,0,0,4,2,8,2,2,4,4,0,0,0,0,2,2,2,0,0,0,68,0,67,103,136,0,67,35,34,0,0,0,6,28,0
7,0,0,0.3,0,2,2640,0e0,0e0,8.432544909737771e-4,7.439850378432311e-4,2.1892455376359976e-3,2.093854382110294e-4,1.3323634993867017e-4,1.8005853635258973e-3,1.986325194593519e-3,0e0,0e0,0e0,0e0,1.8899398273788393e-3,8.39718253700994e-4,3.762336797080934e-3,0e0,0,0,4,2,8,2,2,4,4,0,0,0,0,2,2,2,0,0,0,68,0,67,103,136,0,67,35,34,0,0,0,6,28,0
7,0,0,0.3,0,2,2760,0e0,0e0,8.432554222963518e-4,7.43980286642909e-4,2.189259167437285e-3,2.0938720444974024e-4,1.3323864914127626e-4,1.800594305677805e-3,1.9863289780914783e-3,0e0,0e0,0e0,0e0,1.8899341812357306e-3,8.397169731324539e-4,3.762336797080934e-3,0e0,0,0,4,2,8,2,2,4,4,0,0,0,0,2,2,2,0,0,0,68,0,67,103,136,0,67,35,34,0,0,0,6,28,0
7,0,0,0.3,0,2,2880,0e0,0e0,8.432195991190383e-4,7.439529290422797e-4,2.18921291630636e-3,2.093909861287102e-4,1.3322243648872245e-4,1.8005513702519238e-3,1.986367176868953e-3,0e0,0e0,0e0,0e0,1.8899871211033314e-3,8.397462152061053e-4,3.7623769603669643e-3,0e0,0,0,4,2,8,2,2,4,4,0,0,0,0,2,2,2,0,0,0,68,0,67,103,136,0,67,35,34,0,0,0,6,28,0
7,0,0,0.3,0,2,3000,0e0,0e0,8.433412531303475e-4,7.440068147843704e-4,2.1891042038078012e-3,2.0930737446178682e-4,1.3329081593838055e-4,1.8008651604759507e-3,1.9861780892824754e-3,0e0,0e0,0e0,0e0,1.88985736167524e-3,8.397663332289085e-4,3.762283769901842e-3,0e0,0,0,4,2,8,2,2,4,4,0,0,0,0,2,2,2,0,0,0,68,0,67,103,136,0,67,35,34,0,0,0,6,28,0
7,0,0,0.3,0,2,3120,0e0,0e0,8.432587401330238e-4,7.439907494699582e-4,2.1892715166700327e-3,2.0938829220540356e-4,1.332389292656444e-4,1.8005835736403242e-3,1.986322458833456e-3,0e0,0e0,0e0,0e0,1.8899175338447094e-3,8.397169731324539e-4,3.762336797080934e-3,0e0,0,0,4,2,8,2,2,4,4,0,0,0,0,2,2,2,0,0,0,68,0,67,103,136,0,67,35,34,0,0,0,6,28,0
7,0,0,0.3,0,2,3240,0e0,0e0,8.329829834110569e-4,7.395259963232093e-4,2.2112122148314484e-3,2.2222103325475473e-4,1.2496190356614534e-4,1.7572458818904124e-3,2.0103749848203734e-3,0e0,0e0,0e0,0e0,1.9009912648471072e-3,8.334829326486215e-4,3.7667118303943425e-3,0e0,0,0,4,2,8,2,2,4,4,0,0,0,0,2,2,2,0,0,0,68,0,67,103,136,0,68,34,34,0,0,0,6,28,0
7,0,0,0.3,0,2,3360,0e0,0e0,8.432471131527564e-4,7.439667169819586e-4,2.1891521872987596e-3,2.0935647989972495e-4,1.3325143663678318e-4,1.8006826721830294e-3,1.9862919143633917e-3,0e0,0e0,0e0,0e0,1.8899334099842235e-3,8.397735509788617e-4,3.7623526295647025e-3,0e0,0,0,4,2,8,2,2,4,4,0,0,0,0,2,2,2,0,0,0,68,0,67,103,136,0,67,35,34,0,0,0,6,28,0
7,0,0,0.3,0,2,3480,0e0,0e0,8.390422608499648e-4,7.438743050443009e-4,2.2247416617915405e-3,2.2558545606443658e-4,1.2444065578165464e-4,1.7477438159403391e-3,2.010207768762484e-3,0e0,0e0,0e0,0e0,1.89542344014626e-3,8.273005951195955e-4,3.7618780916091055e-3,0e0,0,0,4,2,8,2,2,4,4,0,0,0,0,2,2,2,0,0,0,68,0,67,103,136,0,67,35,34,0,0,0,5,29,0
7,0,0,0.3,0,2,3600,0e0,0e0,8.411420858465135e-4,7.422041453537531e-4,2.185651067861727e-3,2.0902214964735322e-4,1.327279405813897e-4,1.8002781580435112e-3,1.987907526199706e-3,0e0,0e0,0e0,0e0,1.8927993514807895e-3,8.416495838901028e-4,3.764670167583972e-3,0e0,0,0,4,2,8,2,2,4,4,0,0,0,0,2,2,2,0,0,0,68,0,67,103,136,0,67,35,34,0,0,0,6,28,0
7,0,0,0.3,1,0,120,0e0,0e0,1.0332982856198214e-3,9.344328427687287e-4,2.3845162236284523e-3,1.6348779354302678e-4,1.292755223403219e-4,1.8422979264869355e-3,1.7040487291524187e-3,0e0,0e0,0e0,0e0,2.2439936583396047e-3,8.5609128291253e-4,3.3736990008037537e-3,0e0,0,0,4,2,8,2,2,4,4,0,0,0,0,2,2,2,0,0,0,68,0,66,104,136,0,63,39,34,0,0,0,4,30,0
7,0,0,0.3,1,0,240,0e0,0e0,8.599301145295613e-4,7.575147537863813e-4,2.203748661145255e-3,2.038162183453096e-4,1.3308065717865247e-4,1.8029250495601445e-3,1.9549770513549447e-3,0e0,0e0,0e0,0e0,1.9231538899475709e-3,8.415539778070524e-4,3.7201205268502235e-3,0e0,0,0,4,2,8,2,2,4,4,0,0,0,0,2,2,2,0,0,0,68,0,67,103,136,0,67,35,34,0,0,0,5,29,0
7,0,0,0.3,1,0,360,0e0,0e0,8.43828333017882e-4,7.444296643370762e-4,2.1897343241334966e-3,2.091915357596008e-4,1.3323563689482398e-4,1.8006700338446535e-3,1.985235547181219e-3,0e0,0e0,0e0,0e0,1.8910591170424595e-3,8.397803103434853e-4,3.76085820607841e-3,0e0,0,0,4,2,8,2,2,4,4,0,0,0,0,2,2,2,0,0,0,68,0,67,103,136,0,67,35,34,0,0,0,6,28,0
7,0,0,0.3,1,0,480,0e0,0e0,4.987035645172e-4,2.829508885042742e-4,1.8239387864014134e-3,7.943754462758079e-5,3.4923303246614523e-4,7.337814931815956e-4,1.575447284267284e-3,0e0,0e0,0e0,0e0,1.763105217833072e-3,1.7447014979552478e-3,9.144980685960036e-5,0e0,0,0,4,2,8,2,2,4,4,0,0,0,0,2,2,2,0,0,0,68,0,68,102,136,0,52,50,34,0,0,0,0,34,0
7,0,0,0.3,1,0,600,0e0,0e0,4.8262955533573404e-4,4.548345896182582e-5,6.074026423448231e-4,7.413718631141819e-4,4.3315884795447346e-5,2.975228712784883e-4,5.784776112705003e-4,0e0,0e0,0e0,0e0,1.071693142876029e-3,1.0257700341753662e-4,1.4040923997526988e-4,0e0,0,0,4,2,8,2,2,4,4,0,0,0,0,2,2,2,0,0,0,68,0,68,89,136,0,18,97,34,0,0,0,0,34,0
7,0,0,0.3,1,0,720,0e0,0e0,3.912998545274604e-4,1.2173615687061101e-5,5.919655350226094e-4,5.846262720297091e-4,1.644917720113881e-4,1.8009526593232295e-4,1.4144701981422259e-4,0e0,0e0,0e0,0e0,5.991380021441728e-4,5.651735955325421e-5,1.3564545952249318e-4,0e0,0,0,4,2,8,2,2,4,4,0,0,0,0,2,2,2,0,0,0,68,0,68,90,136,0,16,98,34,0,0,0,0,34,0
7,0,0,0.3,1,0,840,0e0,0e0,2.744255707511911e-4,3.9043451124598505e-5,6.013672311837581e-4,1.2489828168327222e-4,1.4831808948656544e-4,2.575488078946364e-4,3.4110060767034156e-5,0e0,0e0,0e0,0e0,2.0408190175658092e-4,5.3260655477060936e-5,1.763925774866948e-4,0e0,0,0,4,2,8,2,2,4,4,0,0,0,0,2,2,2,0,0,0,68,0,68,102,136,0,16,86,34,0,0,0,0,34,0
7,0,0,0.3,1,0,960,0e0,0e0,2.721311693676398e-4,5.443518720227303e-7,3.9137472685979446e-4,7.4549444093463535e-6,6.441454934247304e-5,1.2463738835322147e-4,1.7832845230714156e-5,0e0,0e0,0e0,0e0,6.309364653134253e-5,6.923849878148758e-5,1.3453624706016853e-4,0e0,0,0,4,2,8,2,2,4,4,0,0,0,0,2,2,2,0,0,0,68,0,68,102,136,0,12,90,34,0,0,0,0,34,0
7,0,0,0.3,1,0,1080,0e0,0e0,3.969163822148403e-5,8.306936024382594e-6,1.8174513388657942e-4,2.9472997766788467e-6,6.814900302742899e-6,6.036855478441794e-5,3.7496428973327056e-5,0e0,0e0,0e0,0e0,5.145078102941625e-5,1.1356492541381158e-4,9.564399078954011e-5,0e0,0,0,4,2,8,2,2,4,4,0,0,0,0,2,2,2,0,0,0,68,0,68,102,136,0,10,92,34,0,0,0,0,34,0
7,0,0,0.3,1,0,1200,0e0,0e0,3.8251074670370144e-5,7.312554998861742e-6,1.6744684535296983e-4,2.752280011009134e-6,5.341154519555857e-6,5.963939941011631e-5,3.898071936703218e-5,0e0,0e0,0e0,0e0,4.726054430648219e-5,1.237050573763554e-4,9.862551814876497e-5,0e0,0,0,4,2,8,2,2,4,4,0,0,0,0,2,2,2,0,0,0,68,0,68,102,136,0,10,92,34,0,0,0,0,34,0
7,0,0,0.3,1,1,1320,0e0,0e0,3.363006663903434e-5,6.414314839275903e-6,1.5424046421230742e-4,2.2732733100383484e-6,6.2166421344045375e-6,5.916860607158014e-5,3.8165046930771496e-5,0e0,0e0,0e0,0e0,4.6429560825345106e-5,1.1958971299463883e-4,1.0214822941634338e-4,0e0,0,0,4,2,8,2,2,4,4,0,0,0,0,2,2,2,0,0,0,68,0,68,102,136,0,10,92,34,0,0,0,0,34,0
7,0,0,0.3,1,1,1440,0e0,0e0,3.151322766825615e-5,6.976476925046882e-6,1.4856016377962078e-4,1.8329207307488105e-6,5.126852158809925e-6,5.81124962479862e-5,3.71477259477615e-5,0e0,0e0,0e0,0e0,4.6606957766925916e-5,1.2072513436578447e-4,1.0503139128559269e-4,0e0,0,0,4,2,8,2,2,4,4,0,0,0,0,2,2,2,0,0,0,68,0,68,102,136,0,10,92,34,0,0,0,0,34,0
7,0,0,0.3,1,1,1560,0e0,0e0,3.0279915108621935e-5,7.894644568295917e-6,1.4336953961446852e-4,2.030441805800365e-6,4.346827068957282e-6,6.107298463575717e-5,3.7441408224481165e-5,0e0,0e0,0e0,0e0,4.3309774810040835e-5,1.341922634310322e-4,1.0743864550022408e-4,0e0,0,0,4,2,8,2,2,4,4,0,0,0,0,2,2,2,0,0,0,68,0,68,102,136,0,10,92,34,0,0,0,0,34,0
7,0,0,0.3,1,1,1680,0e0,0e0,2.7453382813291682e-5,6.664243755949428e-6,1.3774006720268517e-4,1.663605360135989e-6,4.514635634222941e-6,5.9516806800274935e-5,3.6592518725342416e-5,0e0,0e0,0e0,0e0,4.2640491301426664e-5,1.2836281439376762e-4,1.1077296767325606e-4,0e0,0,0,4,2,8,2,2,4,4,0,0,0,0,2,2,2,0,0,0,68,0,68,102,136,0,10,92,34,0,0,0,0,34,0
7,0,0,0.3,1,1,1800,0e0,0e0,2.562591998866992e-5,7.11457573743246e-6,1.3364179403652088e-4,1.7643582168602734e-6,4.473790966130764e-6,5.860458659867618e-5,3.621753999993871e-5,0e0,0e0,0e0,0e0,4.2293787373637315e-5,1.2894718565803487e-4,1.1305477710266132e-4,0e0,0,0,4,2,8,2,2,4,4,0,0,0,0,2,2,2,0,0,0,68,0,68,102,136,0,10,92,34,0,0,0,0,34,0
7,0,0,0.3,1,1,1920,0e0,0e0,2.390125155216083e-5,3.913538535016414e-6,1.3048342236743338e-4,1.8432827459946566e-6,8.437812311967718e-6,5.772192321273906e-5,3.601336601377625e-5,0e0,0e0,0e0,0e0,4.387247645354364e-5,1.3954782116343267e-4,1.1653395813482348e-4,0e0,0,0,4,2,8,2,2,4,4,0,0,0,0,2,2,2,0,0,0,68,0,68,102,136,0,10,92,34,0,0,0,0,34,0
7,0,0,0.3,1,1,2040,0e0,0e0,2.3532028421868745e-5,3.0832495667709736e-6,1.2995372276236594e-4,2.2273468118783057e-6,9.342573321191594e-6,5.7917666254070355e-5,3.564094276953256e-5,0e0,0e0,0e0,0e0,4.2299660890421364e-5,1.4678403385914862e-4,1.2053554019075818e-4,0e0,0,0,4,2,8,2,2,4,4,0,0,0,0,2,2,2,0,0,0,68,0,68,102,136,0,10,92,34,0,0,0,0,34,0
7,0,0,0.3,1,1,2160,0e0,0e0,2.112544788701598e-5,4.090403422196687e-6,1.2464242684018245e-4,1.7767117697076173e-6,6.8714257395186e-6,5.565009200836357e-5,3.482297648815802e-5,0e0,0e0,0e0,0e0,4.2192548789898865e-5,1.3107522863720078e-4,1.2046596748405136e-4,0e0,0,0,4,2,8,2,2,4,4,0,0,0,0,2,2,2,0,0,0,68,0,68,102,136,0,10,92,34,0,0,0,0,34,0
7,0,0,0.3,1,1,2280,0e0,0e0,2.0728492870603077e-5,3.745897629414685e-6,1.2486297327996e-4,1.4951727393963665e-6,7.673003210584284e-6,5.470118048833683e-5,3.441132321313489e-5,0e0,0e0,0e0,0e0,4.226296459819423e-5,1.323820742982207e-4,1.2204596350784414e-4,0e0,0,0,4,2,8,2,2,4,4,0,0,0,0,2,2,2,0,0,0,68,0,68,102,136,0,10,92,34,0,0,0,0,34,0
7,0,0,0.3,1,1,2400,0e0,0e0,1.9499031395753263e-5,4.2165888771705795e-6,1.241699175125177e-4,1.2329264222898928e-6,9.852427865553182e-6,5.5948504950720235e-5,3.442262413955177e-5,0e0,0e0,0e0,0e0,4.3221303712925874e-5,1.4584311429644004e-4,1.246642004844034e-4,0e0,0,0,4,2,8,2,2,4,4,0,0,0,0,2,2,2,0,0,0,68,0,68,102,136,0,10,92,34,0,0,0,0,34,0
7,0,0,0.3,1,2,2520,0e0,0e0,1.883695698268184e-5,6.051607215340482e-6,1.1813889750555973e-4,1.6544438494747737e-6,4.701859893430083e-6,5.623164238954814e-5,3.442808768738814e-5,0e0,0e0,0e0,0e0,4.028950297652045e-5,1.3206878020355362e-4,1.2394101031532045e-4,0e0,0,0,4,2,8,2,2,4,4,0,0,0,0,2,2,2,0,0,0,68,0,68,102,136,0,10,92,34,0,0,0,0,34,0
7,0,0,0.3,1,2,2640,0e0,0e0,1.8031339237722932e-5,5.588241265286342e-6,1.1603232258039498e-4,1.477216869716358e-6,4.7808682666072855e-6,5.578220947199952e-5,3.3612231362667444e-5,0e0,0e0,0e0,0e0,4.064834774908377e-5,1.2877907909114583e-4,1.25775639389758e-4,0e0,0,0,4,2,8,2,2,4,4,0,0,0,0,2,2,2,0,0,0,68,0,68,102,136,0,10,92,34,0,0,0,0,34,0
7,0,0,0.3,1,2,2760,0e0,0e0,1.711161655748583e-5,5.1540218919399194e-6,1.1377333623840968e-4,1.7357078547775018e-6,5.058461283624638e-6,5.4289109073124564e-5,3.363532177047546e-5,0e0,0e0,0e0,0e0,4.082432860741392e-5,1.27108359720296e-4,1.270516531803878e-4,0e0,0,0,4,2,8,2,2,4,4,0,0,0,0,2,2,2,0,0,0,68,0,68,102,136,0,10,92,34,0,0,0,0,34,0
7,0,0,0.3,1,2,2880,0e0,0e0,1.6924374705240552e-5,4.267506938049337e-6,1.1371738969501166e-4,1.464040650489551e-6,5.321792741597164e-6,5.340329181535708e-5,3.3302273649837844e-5,0e0,0e0,0e0,0e0,4.024495319754351e-5,1.2750596670230152e-4,1.2804411653632997e-4,0e0,0,0,4,2,8,2,2,4,4,0,0,0,0,2,2,2,0,0,0,68,0,68,102,136,0,10,92,34,0,0,0,0,34,0
7,0,0,0.3,1,2,3000,0e0,0e0,1.6197347889601588e-5,4.484746114030713e-6,1.112384933321664e-4,1.4721296395237005e-6,5.1863787575712195e-6,5.402983217095425e-5,3.323293519486015e-5,0e0,0e0,0e0,0e0,4.02116556870169e-5,1.2817804622500262e-4,1.287126060560695e-4,0e0,0,0,4,2,8,2,2,4,4,0,0,0,0,2,2,2,0,0,0,68,0,68,102,136,0,10,92,34,0,0,0,0,34,0
7,0,0,0.3,1,2,3120,0e0,0e0,1.7662519496752793e-5,7.46024625186692e-6,1.1185447124262282e-4,1.9602868519541516e-6,5.719168939322117e-6,6.0451244266346293e-5,3.546893771044779e-5,0e0,0e0,0e0,0e0,3.8698224670952186e-5,1.5929256369418e-4,1.2798628267773893e-4,0e0,0,0,4,2,8,2,2,4,4,0,0,0,0,2,2,2,0,0,0,68,0,68,102,136,0,10,92,34,0,0,0,0,34,0
7,0,0,0.3,1,2,3240,0e0,0e0,1.5731903857840734e-5,5.839988034495036e-6,1.0899135122599546e-4,1.6364172665817023e-6,4.972689566784538e-6,5.6120176509466546e-5,3.3611494274055076e-5,0e0,0e0,0e0,0e0,3.9563546124554705e-5,1.3621486141346395e-4,1.2980459359823726e-4,0e0,0,0,4,2,8,2,2,4,4,0,0,0,0,2,2,2,0,0,0,68,0,68,102,136,0,10,92,34,0,0,0,0,34,0
7,0,0,0.3,1,2,3360,0e0,0e0,1.627772400070171e-5,7.191730674094288e-6,1.0872234543057857e-4,1.9056928408645035e-6,5.570922439801507e-6,5.915224291186405e-5,3.446098833137512e-5,0e0,0e0,0e0,0e0,3.888372248184169e-5,1.5076064482855145e-4,1.2983193482796196e-4,0e0,0,0,4,2,8,2,2,4,4,0,0,0,0,2,2,2,0,0,0,68,0,68,102,136,0,10,92,34,0,0,0,0,34,0
7,0,0,0.3,1,2,3480,0e0,0e0,1.5597071140405205e-5,3.0784600539845997e-6,1.1013560606443207e-4,1.6061969745351234e-6,8.449054348602658e-6,5.493395337907714e-5,3.316825399224399e-5,0e0,0e0,0e0,0e0,4.105125117348507e-5,1.468595291953534e-4,1.3286627472552937e-4,0e0,0,0,4,2,8,2,2,4,4,0,0,0,0,2,2,2,0,0,0,68,0,68,102,136,0,10,92,34,0,0,0,0,34,0
7,0,0,0.3,1,2,3600,0e0,0e0,1.5557974634816674e-5,5.636928335661651e-6,1.0687884719118301e-4,1.9899159156011592e-6,5.347533715394093e-6,5.566535112677684e-5,3.3446436702888604e-5,0e0,0e0,0e0,0e0,3.884626403305447e-5,1.4193142533258651e-4,1.315527351835044e-4,0e0,0,0,4,2,8,2,2,4,4,0,0,0,0,2,2,2,0,0,0,68,0,68,102,136,0,10,92,34,0,0,0,0,34,0
7,0,1,0.0,0,0,120,0e0,0e0,5.126843362290856e-6,1.4653207017545355e-5,9.454338652403749e-6,1.030999868589788e-6,4.0307040904963287e-7,1.1624788669450936e-5,4.4959397200727835e-6,0e0,0e0,0e0,0e0,6.419874921448354e-6,6.502114842987794e-6,7.4120133035648905e-6,0e0,0,0,4,2,8,2,2,4,4,0,0,0,0,2,2,2,0,0,0,68,0,68,102,136,0,14,88,34,0,0,0,0,34,0
7,0,1,0.0,0,0,240,0e0,0e0,2.4269647624919344e-8,7.14376433563757e-8,4.578874013283496e-8,5.475291331435983e-9,1.6342456277129713e-9,5.4529072812670165e-8,2.1351557855098235e-8,0e0,0e0,0e0,0e0,2.9563096859419602e-8,3.3331037485595516e-8,3.693480365996038e-8,0e0,0,0,4,2,8,2,2,4,4,0,0,0,0,2,2,2,0,0,0,68,0,68,102,136,0,14,88,34,0,0,0,0,34,0
7,0,1,0.0,0,0,360,0e0,0e0,6.898703830415798e-12,1.54145585185006e-11,1.0340839295963633e-11,2.0392576516314875e-12,1.8207657603852567e-13,1.7826629061801214e-11,5.860201213181426e-12,0e0,0e0,0e0,0e0,7.323031070427533e-12,1.0263789818054647e-11,9.443112958251731e-12,0e0,0,0,4,2,8,2,2,4,4,0,0,0,0,2,2,2,0,0,0,68,0,68,102,136,0,14,88,34,0,0,0,0,34,0
7,0,1,0.0,0,0,480,0e0,0e0,3.5083047578154947e-14,1.0036416142611415e-13,6.106226635438361e-13,1.865174681370263e-14,5.773159728050814e-14,3.2862601528904634e-13,1.1901590823981678e-13,0e0,0e0,0e0,0e0,2.930988785010413e-14,2.1316282072803006e-14,1.3500311979441904e-13,0e0,0,0,4,2,8,2,2,4,4,0,0,0,0,2,2,2,0,0,0,68,0,68,102,136,0,14,88,34,0,0,0,0,34,0
7,0,1,0.0,0,0,600,0e0,0e0,1.0436096431476471e-13,1.0347278589506459e-13,6.588063428125679e-13,1.5987211554602254e-14,8.260059303211165e-14,3.241851231905457e-13,1.412203687323199e-13,0e0,0e0,0e0,0e0,7.105427357601002e-15,2.842170943040401e-14,1.3500311979441904e-13,0e0,0,0,4,2,8,2,2,4,4,0,0,0,0,2,2,2,0,0,0,68,0,68,102,136,0,14,88,34,0,0,0,0,34,0
7,0,1,0.0,0,0,720,0e0,0e0,6.17284001691587e-14,1.0347278589506459e-13,6.348255254806645e-13,1.5987211554602254e-14,8.260059303211165e-14,2.566835632933362e-13,1.1901590823981678e-13,0e0,0e0,0e0,0e0,2.842170943040401e-14,2.842170943040401e-14,1.3500311979441904e-13,0e0,0,0,4,2,8,2,2,4,4,0,0,0,0,2,2,2,0,0,0,68,0,68,102,136,0,14,88,34,0,0,0,0,34,0
7,0,1,0.0,0,0,840,0e0,0e0,3.3306690738754696e-14,1.0347278589506459e-13,6.727951529228449e-13,1.1546319456101628e-14,5.773159728050814e-14,2.566835632933362e-13,1.2967404927621828e-13,0e0,0e0,0e0,0e0,3.197442310920451e-14,2.842170943040401e-14,1.3500311979441904e-13,0e0,0,0,4,2,8,2,2,4,4,0,0,0,0,2,2,2,0,0,0,68,0,68,102,136,0,14,88,34,0,0,0,0,34,0
7,0,1,0.0,0,0,960,0e0,0e0,5.3734794391857577e-14,1.425526363618701e-13,9.907630271754897e-13,5.861977570020827e-14,5.773159728050814e-14,3.9523939676655573e-13,1.305622276959184e-13,0e0,0e0,0e0,0e0,1.1546319456101628e-14,2.842170943040401e-14,1.3500311979441904e-13,0e0,0,0,4,2,8,2,2,4,4,0,0,0,0,2,2,2,0,0,0,68,0,68,102,136,0,14,88,34,0,0,0,0,34,0
7,0,1,0.0,0,0,1080,0e0,0e0,1.1124434706744069e-13,1.3433698597964394e-13,1.2305712004945235e-12,8.704148513061227e-14,3.907985046680551e-14,3.241851231905457e-13,9.681144774731365e-14,0e0,0e0,0e0,0e0,1.509903313490213e-14,4.263256414560601e-14,2.0250467969162855e-13,0e0,0,0,4,2,8,2,2,4,4,0,0,0,0,2,2,2,0,0,0,68,0,68,102,136,0,14,88,34,0,0,0,0,34,0
7,0,1,0.0,0,0,1200,0e0,0e0,1.7452927991712386e-11,6.534550678338746e-12,5.806044534040211e-11,1.319389042464536e-11,5.7482907322992105e-12,5.937472735695337e-12,2.034816759532987e-11,0e0,0e0,0e0,0e0,2.6973978606292803e-12,5.471179065352771e-13,9.912071163853398e-13,0e0,0,0,4,2,8,2,2,4,4,0,0,0,0,2,2,2,0,0,0,68,0,68,102,136,0,14,88,34,0,0,0,0,34,0
7,0,1,0.0,0,1,1320,0e0,0e0,3.019806626980426e-14,3.9968028886505635e-14,0e0,0e0,1.0036416142611415e-13,5.773159728050814e-14,1.2301271112846734e-13,4.085620730620576e-14,5.080380560684716e-13,2.0250467969162855e-13,7.860379014346108e-14,1.0391687510491465e-13,4.618527782440651e-14,4.263256414560601e-14,0e0,0,0,2,2,0,0,2,2,4,2,4,4,2,4,2,2,0,0,0,0,0,0,0,136,0,70,86,136,68,32,16,0,0,0
7,0,1,0.0,0,1,1440,0e0,0e0,3.2862601528904634e-14,3.019806626980426e-14,0e0,0e0,1.0746958878371515e-13,8.704148513061227e-14,1.3389289676979388e-13,2.6645352591003757e-14,4.263256414560601e-13,1.9895196601282805e-13,7.860379014346108e-14,1.5010215292932116e-13,4.618527782440651e-14,4.263256414560601e-14,0e0,0,0,2,2,0,0,2,2,4,2,4,4,2,4,2,2,0,0,0,0,0,0,0,136,0,70,86,136,68,32,16,0,0,0
7,0,1,0.0,0,1,1560,0e0,0e0,1.7763568394002505e-14,4.3520742565306136e-14,0e0,0e0,1.0746958878371515e-13,6.128431095930864e-14,2.402522625288839e-13,2.6645352591003757e-14,4.973799150320701e-13,1.5631940186722204e-13,7.682743330406083e-14,1.3233858453531866e-13,3.552713678800501e-14,4.618527782440651e-14,0e0,0,0,2,2,0,0,2,2,4,2,4,4,2,4,2,2,0,0,0,0,0,0,0,136,0,70,86,136,68,32,16,0,0,0
7,0,1,0.0,0,1,1680,0e0,0e0,3.019806626980426e-14,3.9968028886505635e-14,0e0,0e0,1.0036416142611415e-13,8.704148513061227e-14,1.5498713423767185e-13,3.6415315207705135e-14,3.765876499528531e-13,1.1368683772161603e-13,7.682743330406083e-14,1.2612133559741778e-13,3.552713678800501e-14,4.263256414560601e-14,0e0,0,0,2,2,0,0,2,2,4,2,4,4,2,4,2,2,0,0,0,0,0,0,0,136,0,70,86,136,68,32,16,0,0,0
7,0,1,0.0,0,1,1800,0e0,0e0,3.019806626980426e-14,3.9968028886505635e-14,0e0,0e0,1.0746958878371515e-13,8.704148513061227e-14,1.4788170688007085e-13,7.904787935331115e-14,3.161915174132446e-13,2.2737367544323206e-13,8.01581023779363e-14,1.0746958878371515e-13,3.552713678800501e-14,8.171241461241152e-14,0e0,0,0,2,2,0,0,2,2,4,2,4,4,2,4,2,2,0,0,0,0,0,0,0,136,0,70,86,136,68,32,16,0,0,0
7,0,1,0.0,0,1,1920,0e0,0e0,2.842170943040401e-14,4.3520742565306136e-14,0e0,0e0,8.348877145181177e-14,4.3520742565306136e-14,1.3389289676979388e-13,1.509903313490213e-13,7.602807272633072e-13,1.0302869668521453e-13,7.66053886991358e-14,5.417888360170764e-14,1.0658141036401503e-13,4.263256414560601e-14,0e0,0,0,2,2,0,0,2,2,4,2,4,4,2,4,2,2,0,0,0,0,0,0,0,136,0,70,86,136,68,32,16,0,0,0
7,0,1,0.0,0,1,2040,0e0,0e0,6.034324151471537e-9,3.2244011904936087e-9,0e0,0e0,1.1126781274128916e-8,4.7456456542249725e-9,7.967023929467132e-9,8.384088978630189e-9,1.5376915740716868e-8,6.1169025400431565e-9,1.3996415137995655e-9,8.094196424224265e-9,4.34933156157058e-9,2.155431388928264e-10,0e0,0,0,2,2,0,0,2,2,4,2,4,4,2,4,2,2,0,0,0,0,0,0,0,136,0,70,86,136,68,32,16,0,0,0
7,0,1,0.0,0,1,2160,0e0,0e0,4.618527782440651e-14,3.375077994860476e-14,0e0,0e0,2.6290081223123707e-13,1.7763568394002505e-13,3.999023334699814e-13,2.6645352591003757e-14,1.9895196601282805e-13,2.3092638912203256e-13,8.01581023779363e-14,1.4299672557172016e-13,3.552713678800501e-14,8.171241461241152e-14,0e0,0,0,2,2,0,0,2,2,4,2,4,4,2,4,2,2,0,0,0,0,0,0,0,136,0,70,86,136,68,32,16,0,0,0
7,0,1,0.0,0,1,2280,0e0,0e0,4.618527782440651e-14,3.375077994860476e-14,0e0,0e0,2.7000623958883807e-13,1.9984014443252818e-13,4.776179451937423e-13,1.5987211554602254e-14,1.9895196601282805e-13,2.3092638912203256e-13,8.01581023779363e-14,2.149391775674303e-13,2.1316282072803006e-14,8.171241461241152e-14,0e0,0,0,2,2,0,0,2,2,4,2,4,4,2,4,2,2,0,0,0,0,0,0,0,136,0,70,86,136,68,32,16,0,0,0
7,0,1,0.0,0,1,2400,0e0,0e0,1.4197087949696652e-10,8.967138143134434e-11,0e0,0e0,2.9405899937273716e-10,1.474820265912058e-10,1.5163759137237776e-10,1.836975016544784e-10,4.148148491367465e-10,1.8285106762050418e-10,3.479816435003613e-11,2.502380525015724e-10,1.2279599559406051e-10,8.473222123939195e-12,0e0,0,0,2,2,0,0,2,2,4,2,4,4,2,4,2,2,0,0,0,0,0,0,0,136,0,70,86,136,68,32,16,0,0,0
7,0,1,0.0,0,2,2520,1.304734098539484e-11,0e0,8.366307646667792e-11,2.3285373629278183e-11,1.3136158827364852e-12,0e0,0e0,0e0,3.0386804183990535e-12,8.840661536169137e-11,4.75104400265991e-11,1.5514700635321788e-11,1.901856450103878e-11,7.203837526503776e-11,0e0,7.254641332110623e-12,0e0,2,0,4,4,2,0,0,0,2,4,2,2,2,6,0,2,0,30,0,95,0,14,24,41,0,34,123,68,0,0,81,22,12,0
7,0,1,0.0,0,2,2640,5.223217769412258e-7,0e0,4.616358637576923e-6,1.5221910700802255e-6,1.1983053305186786e-7,0e0,0e0,0e0,9.25526748574157e-8,5.368503337876973e-6,2.573419124018983e-6,9.11905786438183e-7,1.0542453665607354e-6,4.362391635481799e-6,0e0,4.82795318390572e-7,0e0,2,0,4,4,2,0,0,0,2,4,2,2,2,6,0,2,0,29,0,95,0,15,24,41,0,34,123,68,0,0,81,22,12,0
7,0,1,0.0,0,2,2760,3.488098698767317e-12,0e0,3.60096397145071e-11,1.5411227849426723e-11,2.5002222514558525e-12,0e0,0e0,0e0,6.032951915813101e-13,4.9044324157421215e-11,1.8001600210482138e-11,5.130118552187923e-12,1.0007994433181011e-11,3.8753000808355864e-11,0e0,3.772981926886132e-12,0e0,2,0,4,4,2,0,0,0,2,4,2,2,2,6,0,2,0,30,0,95,0,14,24,41,0,34,123,68,0,0,81,22,12,0
7,0,1,0.0,0,2,2880,1.2885932676454104e-7,0e0,1.0719930330083116e-6,3.770547785109102e-7,2.959159761672936e-8,0e0,0e0,0e0,2.0057168592657604e-8,1.3599271895259335e-6,6.425478886740166e-7,2.139524220012845e-7,2.820119462398907e-7,1.1361455101166484e-6,0e0,1.2769828572345432e-7,0e0,2,0,4,4,2,0,0,0,2,4,2,2,2,6,0,2,0,30,0,95,0,14,24,41,0,34,122,68,0,0,82,22,12,0
7,0,1,0.0,0,2,3000,7.001066393286237e-13,0e0,8.804068585277491e-13,2.1715962361668062e-13,1.0835776720341528e-13,0e0,0e0,0e0,6.150635556423367e-13,1.0009770790020411e-12,1.0693668173189508e-12,1.1013412404281553e-13,4.2721381987576024e-13,6.847855615887966e-13,0e0,3.552713678800501e-15,0e0,2,0,4,4,2,0,0,0,2,4,2,2,2,6,0,2,0,30,0,95,0,14,24,41,0,34,123,68,0,0,81,22,12,0
7,0,1,0.0,0,2,3120,1.9207555546074673e-9,0e0,1.579034680787572e-8,5.794455359975359e-9,4.67601957154784e-10,0e0,0e0,0e0,2.977034174733717e-10,2.091058437514448e-8,9.714174353803173e-9,3.079797750160651e-9,4.531052866241225e-9,1.792686443735647e-8,0e0,2.0146089241279697e-9,0e0,2,0,4,4,2,0,0,0,2,4,2,2,2,6,0,2,0,29,0,95,0,15,24,41,0,34,123,68,0,0,81,22,12,0
7,0,1,0.0,0,2,3240,8.104628079763643e-14,0e0,2.7911006839076435e-13,3.9768188742073107e-13,2.575717417130363e-13,0e0,0e0,0e0,2.402522625288839e-13,1.5507595207964187e-12,6.750155989720952e-14,1.1013412404281553e-13,3.312905505481467e-13,1.7559287357471476e-12,0e0,9.592326932761353e-14,0e0,2,0,4,4,2,0,0,0,2,4,2,2,2,6,0,2,0,30,0,95,0,14,24,41,0,34,123,68,0,0,81,22,12,0
7,0,1,0.0,0,2,3360,7.421330217027844e-10,0e0,5.873453057247957e-9,2.072411353637449e-9,2.0724932880966662e-10,0e0,0e0,0e0,1.4384049507043528e-10,7.976667326659026e-9,3.478575649751292e-9,9.614389284706704e-10,1.837265450888026e-9,6.817471920328444e-9,0e0,7.243627919706341e-10,0e0,2,0,4,4,2,0,0,0,2,4,2,2,2,6,0,2,0,29,0,95,0,15,24,41,0,34,123,68,0,0,81,22,12,0
7,0,1,0.0,0,2,3480,2.036815160977312e-12,0e0,2.5868418518371072e-11,1.1288969758993517e-11,2.086331107875594e-12,0e0,0e0,0e0,2.90656387846866e-13,3.714184515501984e-11,1.1755929563150858e-11,3.1867841698840493e-12,7.841727267532406e-12,3.0099478465217544e-11,0e0,3.396394276933279e-12,0e0,2,0,4,4,2,0,0,0,2,4,2,2,2,6,0,2,0,30,0,95,0,14,24,41,0,34,123,68,0,0,81,22,12,0
7,0,1,0.0,0,2,3600,1.5888734772318003e-10,0e0,1.0265133187914444e-9,3.5662117703338936e-10,2.873257187729905e-11,0e0,0e0,0e0,4.0456971106550554e-11,1.36312383602899e-9,6.268798813380272e-10,1.6692780491212034e-10,3.3440006319551685e-10,1.1741372318851973e-9,0e0,1.206004185405618e-10,0e0,2,0,4,4,2,0,0,0,2,4,2,2,2,6,0,2,0,30,0,95,0,14,24,41,0,34,123,68,0,0,81,22,12,0
7,0,1,0.0,1,0,120,0e0,0e0,5.126843362290856e-6,1.4653207017545355e-5,9.454338652403749e-6,1.030999868589788e-6,4.0307040904963287e-7,1.1624788669450936e-5,4.4959397200727835e-6,0e0,0e0,0e0,0e0,6.419874921448354e-6,6.502114842987794e-6,7.4120133035648905e-6,0e0,0,0,4,2,8,2,2,4,4,0,0,0,0,2,2,2,0,0,0,68,0,68,102,136,0,14,88,34,0,0,0,0,34,0
7,0,1,0.0,1,0,240,0e0,0e0,2.4269647624919344e-8,7.14376433563757e-8,4.578874013283496e-8,5.475291331435983e-9,1.6342456277129713e-9,5.4529072812670165e-8,2.1351557855098235e-8,0e0,0e0,0e0,0e0,2.9563096859419602e-8,3.3331037485595516e-8,3.693480365996038e-8,0e0,0,0,4,2,8,2,2,4,4,0,0,0,0,2,2,2,0,0,0,68,0,68,102,136,0,14,88,34,0,0,0,0,34,0
7,0,1,0.0,1,0,360,0e0,0e0,6.898703830415798e-12,1.54145585185006e-11,1.0340839295963633e-11,2.0392576516314875e-12,1.8207657603852567e-13,1.7826629061801214e-11,5.860201213181426e-12,0e0,0e0,0e0,0e0,7.323031070427533e-12,1.0263789818054647e-11,9.443112958251731e-12,0e0,0,0,4,2,8,2,2,4,4,0,0,0,0,2,2,2,0,0,0,68,0,68,102,136,0,14,88,34,0,0,0,0,34,0
7,0,1,0.0,1,0,480,0e0,0e0,3.5083047578154947e-14,1.0036416142611415e-13,6.106226635438361e-13,1.865174681370263e-14,5.773159728050814e-14,3.2862601528904634e-13,1.1901590823981678e-13,0e0,0e0,0e0,0e0,2.930988785010413e-14,2.1316282072803006e-14,1.3500311979441904e-13,0e0,0,0,4,2,8,2,2,4,4,0,0,0,0,2,2,2,0,0,0,68,0,68,102,136,0,14,88,34,0,0,0,0,34,0
7,0,1,0.0,1,0,600,0e0,0e0,1.0436096431476471e-13,1.0347278589506459e-13,6.588063428125679e-13,1.5987211554602254e-14,8.260059303211165e-14,3.241851231905457e-13,1.412203687323199e-13,0e0,0e0,0e0,0e0,7.105427357601002e-15,2.842170943040401e-14,1.3500311979441904e-13,0e0,0,0,4,2,8,2,2,4,4,0,0,0,0,2,2,2,0,0,0,68,0,68,102,136,0,14,88,34,0,0,0,0,34,0
7,0,1,0.0,1,0,720,0e0,0e0,6.17284001691587e-14,1.0347278589506459e-13,6.348255254806645e-13,1.5987211554602254e-14,8.260059303211165e-14,2.566835632933362e-13,1.1901590823981678e-13,0e0,0e0,0e0,0e0,2.842170943040401e-14,2.842170943040401e-14,1.3500311979441904e-13,0e0,0,0,4,2,8,2,2,4,4,0,0,0,0,2,2,2,0,0,0,68,0,68,102,136,0,14,88,34,0,0,0,0,34,0
7,0,1,0.0,1,0,840,0e0,0e0,3.3306690738754696e-14,1.0347278589506459e-13,6.727951529228449e-13,1.1546319456101628e-14,5.773159728050814e-14,2.566835632933362e-13,1.2967404927621828e-13,0e0,0e0,0e0,0e0,3.197442310920451e-14,2.842170943040401e-14,1.3500311979441904e-13,0e0,0,0,4,2,8,2,2,4,4,0,0,0,0,2,2,2,0,0,0,68,0,68,102,136,0,14,88,34,0,0,0,0,34,0
7,0,1,0.0,1,0,960,0e0,0e0,5.3734794391857577e-14,1.425526363618701e-13,9.907630271754897e-13,5.861977570020827e-14,5.773159728050814e-14,3.9523939676655573e-13,1.305622276959184e-13,0e0,0e0,0e0,0e0,1.1546319456101628e-14,2.842170943040401e-14,1.3500311979441904e-13,0e0,0,0,4,2,8,2,2,4,4,0,0,0,0,2,2,2,0,0,0,68,0,68,102,136,0,14,88,34,0,0,0,0,34,0
7,0,1,0.0,1,0,1080,0e0,0e0,1.1124434706744069e-13,1.3433698597964394e-13,1.2305712004945235e-12,8.704148513061227e-14,3.907985046680551e-14,3.241851231905457e-13,9.681144774731365e-14,0e0,0e0,0e0,0e0,1.509903313490213e-14,4.263256414560601e-14,2.0250467969162855e-13,0e0,0,0,4,2,8,2,2,4,4,0,0,0,0,2,2,2,0,0,0,68,0,68,102,136,0,14,88,34,0,0,0,0,34,0
7,0,1,0.0,1,0,1200,0e0,0e0,5.927369173264196e-7,1.411239995974256e-7,2.010692156773075e-6,8.443449104333922e-7,2.922729436249938e-7,4.6716984059003153e-7,1.05301471720054e-6,0e0,0e0,0e0,0e0,3.9836913856561296e-7,1.279251833352646e-7,2.449057667774923e-7,0e0,0,0,4,2,8,2,2,4,4,0,0,0,0,2,2,2,0,0,0,68,0,68,102,136,0,14,88,34,0,0,0,0,34,0
7,0,1,0.0,1,1,1320,0e0,0e0,2.943778554254095e-11,4.9256598799729545e-11,0e0,0e0,2.944666732673795e-11,6.392220086581801e-12,8.138978380145545e-11,1.7895906978537823e-11,1.4772183476452483e-11,2.9547919666583766e-11,5.235456512764358e-11,9.310774373716413e-12,7.7982065249671e-12,4.636291350834654e-12,0e0,0,0,2,2,0,0,2,2,4,2,4,4,2,4,2,2,0,0,0,0,0,0,0,136,0,70,86,136,68,32,16,0,0,0
7,0,1,0.0,1,1,1440,0e0,0e0,4.618527782440651e-14,5.773159728050814e-14,0e0,0e0,1.1812772982011666e-13,7.549516567451064e-14,1.0080825063596421e-13,1.865174681370263e-14,4.263256414560601e-13,2.2737367544323206e-13,7.549516567451064e-15,9.681144774731365e-14,1.7763568394002505e-14,8.171241461241152e-14,0e0,0,0,2,2,0,0,2,2,4,2,4,4,2,4,2,2,0,0,0,0,0,0,0,136,0,70,86,136,68,32,16,0,0,0
7,0,1,0.0,1,1,1560,0e0,0e0,3.9968028886505635e-14,4.3520742565306136e-14,0e0,0e0,1.1812772982011666e-13,7.549516567451064e-14,1.021405182655144e-13,2.6645352591003757e-14,4.298783551348606e-13,1.7053025658242404e-13,5.262457136723242e-14,1.2079226507921703e-13,3.552713678800501e-14,4.263256414560601e-14,0e0,0,0,2,2,0,0,2,2,4,2,4,4,2,4,2,2,0,0,0,0,0,0,0,136,0,70,86,136,68,32,16,0,0,0
7,0,1,0.0,1,1,1680,0e0,0e0,3.9968028886505635e-14,4.3520742565306136e-14,0e0,0e0,1.0746958878371515e-13,7.549516567451064e-14,1.3722356584366935e-13,2.6645352591003757e-14,4.618527782440651e-13,1.2789769243681803e-13,2.4202861936828413e-14,1.234568003383174e-13,3.552713678800501e-14,4.263256414560601e-14,0e0,0,0,2,2,0,0,2,2,4,2,4,4,2,4,2,2,0,0,0,0,0,0,0,136,0,70,86,136,68,32,16,0,0,0
7,0,1,0.0,1,1,1800,0e0,0e0,2.930988785010413e-14,3.375077994860476e-14,0e0,0e0,6.572520305780927e-14,6.128431095930864e-14,7.327471962526033e-14,5.062616992290714e-14,8.313350008393172e-13,1.4921397450962104e-13,5.1958437552457326e-14,1.3233858453531866e-13,2.1316282072803006e-14,3.197442310920451e-14,0e0,0,0,2,2,0,0,2,2,4,2,4,4,2,4,2,2,0,0,0,0,0,0,0,136,0,70,86,136,68,32,16,0,0,0
7,0,1,0.0,1,1,1920,0e0,0e0,7.993605777301127e-15,4.3520742565306136e-14,0e0,0e0,6.572520305780927e-14,5.3290705182007514e-14,1.1235457009206584e-13,5.861977570020827e-14,8.419931418757187e-13,1.4921397450962104e-13,2.353672812205332e-14,9.681144774731365e-14,3.907985046680551e-14,4.618527782440651e-14,0e0,0,0,2,2,0,0,2,2,4,2,4,4,2,4,2,2,0,0,0,0,0,0,0,136,0,70,86,136,68,32,16,0,0,0
7,0,1,0.0,1,1,2040,0e0,0e0,3.019806626980426e-14,3.9968028886505635e-14,0e0,0e0,6.927791673660977e-14,3.552713678800501e-14,6.59472476627343e-14,7.993605777301127e-14,7.958078640513122e-13,2.3092638912203256e-13,7.860379014346108e-14,1.0036416142611415e-13,4.618527782440651e-14,6.394884621840902e-14,0e0,0,0,2,2,0,0,2,2,4,2,4,4,2,4,2,2,0,0,0,0,0,0,0,136,0,70,86,136,68,32,16,0,0,0
7,0,1,0.0,1,1,2160,0e0,0e0,3.9968028886505635e-14,3.019806626980426e-14,0e0,0e0,1.1812772982011666e-13,8.704148513061227e-14,1.4144241333724494e-13,3.6415315207705135e-14,3.872457909892546e-13,2.2737367544323206e-13,5.5289106626332796e-14,8.526512829121202e-14,3.552713678800501e-14,6.394884621840902e-14,0e0,0,0,2,2,0,0,2,2,4,2,4,4,2,4,2,2,0,0,0,0,0,0,0,136,0,70,86,136,68,32,16,0,0,0
7,0,1,0.0,1,1,2280,0e0,0e0,2.1316282072803006e-14,4.796163466380676e-14,0e0,0e0,1.0746958878371515e-13,1.1546319456101628e-13,1.0880185641326534e-13,7.105427357601002e-15,3.836930773104541e-13,2.2737367544323206e-13,2.4202861936828413e-14,2.1316282072803006e-13,1.0658141036401503e-14,4.263256414560601e-14,0e0,0,0,2,2,0,0,2,2,4,2,4,4,2,4,2,2,0,0,0,0,0,0,0,136,0,70,86,136,68,32,16,0,0,0
7,0,1,0.0,1,1,2400,0e0,0e0,2.4158453015843406e-13,1.3589129821411916e-13,0e0,0e0,2.7355895326763857e-13,2.930988785010413e-14,6.261657858885883e-14,4.263256414560601e-13,9.627854069549358e-13,2.2382096176443156e-13,7.66053886991358e-14,1.0746958878371515e-13,1.9539925233402755e-13,6.039613253960852e-14,0e0,0,0,2,2,0,0,2,2,4,2,4,4,2,4,2,2,0,0,0,0,0,0,0,136,0,70,86,136,68,32,16,0,0,0
7,0,1,0.0,1,2,2520,1.7539354768558724e-7,0e0,1.1460704563148738e-6,4.082477449429689e-7,6.368384752875045e-8,0e0,0e0,0e0,2.08972581461353e-8,1.1311469343411318e-6,6.933003078302136e-7,3.6911838563469246e-7,6.34070644878193e-8,4.214956179637852e-7,0e0,2.4703472334408616e-7,0e0,2,0,4,4,2,0,0,0,2,4,2,2,2,6,0,2,0,30,0,95,0,14,24,41,0,34,123,68,0,0,81,22,12,0
7,0,1,0.0,1,2,2640,9.043432669386675e-12,0e0,5.583089546234987e-12,1.9256596317518415e-11,8.36664071357518e-13,0e0,0e0,0e0,4.25659507641285e-12,2.4852120361629204e-11,1.907451974147989e-11,7.579359362352989e-11,1.070254995738651e-12,1.1075584893660562e-12,0e0,6.585310075024609e-11,0e0,2,0,4,4,2,0,0,0,2,4,2,2,2,6,0,2,0,30,0,95,0,14,24,41,0,34,123,68,0,0,81,22,12,0
7,0,1,0.0,1,2,2760,6.661338147750939e-15,0e0,1.723066134218243e-13,2.1294077612310502e-13,8.704148513061227e-14,0e0,0e0,0e0,3.2884805989397137e-13,4.1744385725905886e-13,7.105427357601002e-14,8.171241461241152e-14,6.838973831690964e-14,1.8829382497642655e-13,0e0,6.394884621840902e-14,0e0,2,0,4,4,2,0,0,0,2,4,2,2,2,6,0,2,0,30,0,95,0,14,24,41,0,34,123,68,0,0,81,22,12,0
7,0,1,0.0,1,2,2880,3.3306690738754696e-15,0e0,7.407408020299044e-13,5.515587986337778e-13,1.438849039914203e-13,0e0,0e0,0e0,3.717026686445024e-13,9.316991622654314e-13,2.1316282072803006e-14,4.618527782440651e-13,6.572520305780927e-14,3.82804898890754e-13,0e0,3.801403636316536e-13,0e0,2,0,4,4,2,0,0,0,2,4,2,2,2,6,0,2,0,30,0,95,0,14,24,41,0,34,123,68,0,0,81,22,12,0
7,0,1,0.0,1,2,3000,2.278177646530821e-13,0e0,7.276401703393276e-13,5.822009541134321e-13,2.3092638912203256e-14,0e0,0e0,0e0,5.515587986337778e-13,1.0391687510491465e-13,9.237055564881302e-13,4.973799150320701e-13,7.993605777301127e-14,3.2507330161024584e-13,0e0,3.907985046680551e-14,0e0,2,0,4,4,2,0,0,0,2,4,2,2,2,6,0,2,0,30,0,95,0,14,24,41,0,34,123,68,0,0,81,22,12,0
7,0,1,0.0,1,2,3120,2.4734272408011293e-8,0e0,1.2779055236222803e-7,4.68914242990337e-8,1.0818961726499765e-8,0e0,0e0,0e0,6.354205384084821e-9,8.485247082745673e-8,5.241081879603371e-8,4.101238815223951e-8,1.0018650797860573e-8,3.6914089562856134e-8,0e0,1.8975452320546538e-8,0e0,2,0,4,4,2,0,0,0,2,4,2,2,2,6,0,2,0,30,0,95,0,14,24,41,0,34,123,68,0,0,81,22,12,0
7,0,1,0.0,1,2,3240,3.4546900895549015e-9,0e0,1.7331975188383808e-8,6.259455842538841e-9,1.7947909825011266e-9,0e0,0e0,0e0,9.36975164123055e-10,1.1825066259518735e-8,7.174399740961235e-9,5.67492719483198e-9,1.3196039816421035e-9,4.907703576861877e-9,0e0,2.5501947220618604e-9,0e0,2,0,4,4,2,0,0,0,2,4,2,2,2,6,0,2,0,29,0,95,0,15,24,41,0,34,123,68,0,0,81,22,12,0
7,0,1,0.0,1,2,3360,3.035342359680726e-7,0e0,4.591981337398465e-7,2.5501196176946905e-7,4.263518214031592e-7,0e0,0e0,0e0,1.6159387428160699e-7,6.281524527196325e-7,2.2632031715374978e-7,1.7334965107806966e-7,1.601608694556944e-7,5.260451958477574e-7,0e0,1.6864234808622314e-7,0e0,2,0,4,4,2,0,0,0,2,4,2,2,2,6,0,2,0,29,0,95,0,15,24,41,0,34,122,68,0,0,82,22,12,0
7,0,1,0.0,1,2,3480,4.449511870063816e-10,0e0,8.635450132743472e-10,4.3876102751028156e-10,5.221831855806158e-10,0e0,0e0,0e0,3.0036773068786715e-10,1.9636798853639448e-9,1.7346799552342418e-9,2.0606449879778665e-10,3.340625553960308e-10,2.0009016665767376e-9,0e0,5.909903677547845e-10,0e0,2,0,4,4,2,0,0,0,2,4,2,2,2,6,0,2,0,29,0,95,0,15,24,41,0,34,123,68,0,0,81,22,12,0
7,0,1,0.0,1,2,3600,5.795364188543317e-12,0e0,1.4071632747914009e-11,1.694688833708824e-11,7.689848757763684e-12,0e0,0e0,0e0,2.7677860003905153e-12,8.195222278573056e-12,2.0605739337042905e-12,1.0409451078885468e-12,3.277378368693462e-13,4.884093129930989e-12,0e0,2.948752353404416e-13,0e0,2,0,4,4,2,0,0,0,2,4,2,2,2,6,0,2,0,30,0,95,0,14,24,41,0,34,123,68,0,0,81,22,12,0
7,0,1,0.3,0,0,120,0e0,0e0,1.0332982856198214e-3,9.344328427687287e-4,2.3845162236284523e-3,1.6348779354302678e-4,1.292755223403219e-4,1.8422979264869355e-3,1.7040487291524187e-3,0e0,0e0,0e0,0e0,2.2439936583396047e-3,8.5609128291253e-4,3.3736990008037537e-3,0e0,0,0,4,2,8,2,2,4,4,0,0,0,0,2,2,2,0,0,0,68,0,66,104,136,0,63,39,34,0,0,0,4,30,0
7,0,1,0.3,0,0,240,0e0,0e0,8.599301145295613e-4,7.575147537863813e-4,2.203748661145255e-3,2.038162183453096e-4,1.3308065717865247e-4,1.8029250495601445e-3,1.9549770513549447e-3,0e0,0e0,0e0,0e0,1.9231538899475709e-3,8.415539778070524e-4,3.7201205268502235e-3,0e0,0,0,4,2,8,2,2,4,4,0,0,0,0,2,2,2,0,0,0,68,0,67,103,136,0,67,35,34,0,0,0,5,29,0
7,0,1,0.3,0,0,360,0e0,0e0,8.43828333017882e-4,7.444296643370762e-4,2.1897343241334966e-3,2.091915357596008e-4,1.3323563689482398e-4,1.8006700338446535e-3,1.985235547181219e-3,0e0,0e0,0e0,0e0,1.8910591170424595e-3,8.397803103434853e-4,3.76085820607841e-3,0e0,0,0,4,2,8,2,2,4,4,0,0,0,0,2,2,2,0,0,0,68,0,67,103,136,0,67,35,34,0,0,0,6,28,0
7,0,1,0.3,0,0,480,0e0,0e0,8.432610047748312e-4,7.439829132636078e-4,2.1892546614026287e-3,2.0938378111168277e-4,1.3323879829840735e-4,1.8005881283897907e-3,1.9863142078975216e-3,0e0,0e0,0e0,0e0,1.8899365095421672e-3,8.397223864449188e-4,3.7623265525326133e-3,0e0,0,0,4,2,8,2,2,4,4,0,0,0,0,2,2,2,0,0,0,68,0,67,103,136,0,67,35,34,0,0,0,6,28,0
7,0,1,0.3,0,0,600,0e0,0e0,8.432547092525056e-4,7.439842811436392e-4,2.189251733113906e-3,2.093864186463179e-4,1.3323634993867017e-4,1.8005832680501044e-3,1.9863207708112895e-3,0e0,0e0,0e0,0e0,1.889927953016013e-3,8.397198471357115e-4,3.762336797080934e-3,0e0,0,0,4,2,8,2,2,4,4,0,0,0,0,2,2,2,0,0,0,68,0,67,103,136,0,67,35,34,0,0,0,6,28,0
7,0,1,0.3,0,0,720,0e0,0e0,8.432583181274822e-4,7.439861510647461e-4,2.1892507731422484e-3,2.0938663692504633e-4,1.332389292656444e-4,1.800592326617334e-3,1.986319140996784e-3,0e0,0e0,0e0,0e0,1.8899267888627946e-3,8.397198471357115e-4,3.762336797080934e-3,0e0,0,0,4,2,8,2,2,4,4,0,0,0,0,2,2,2,0,0,0,68,0,67,103,136,0,67,35,34,0,0,0,6,28,0
7,0,1,0.3,0,0,840,0e0,0e0,8.432547092525056e-4,7.439850378432311e-4,2.189250266496856e-3,2.093864186463179e-4,1.3323787425179034e-4,1.800592326617334e-3,1.9863207708112895e-3,0e0,0e0,0e0,0e0,1.889927953016013e-3,8.397198471357115e-4,3.762336797080934e-3,0e0,0,0,4,2,8,2,2,4,4,0,0,0,0,2,2,2,0,0,0,68,0,67,103,136,0,67,35,34,0,0,0,6,28,0
7,0,1,0.3,0,0,960,0e0,0e0,8.432537833868992e-4,7.439815453835763e-4,2.1892516678576612e-3,2.093864186463179e-4,1.3323634993867017e-4,1.8005896054091863e-3,1.9863206543959677e-3,0e0,0e0,0e0,0e0,1.889926308649592e-3,8.39728229038883e-4,3.762336797080934e-3,0e0,0,0,4,2,8,2,2,4,4,0,0,0,0,2,2,2,0,0,0,68,0,67,103,136,0,67,35,34,0,0,0,6,28,0
7,0,1,0.3,0,0,1080,0e0,0e0,8.432547092525056e-4,7.439842811436392e-4,2.189253733490659e-3,2.0938663692504633e-4,1.3323787425179034e-4,1.8005896054091863e-3,1.9863207708112895e-3,0e0,0e0,0e0,0e0,1.8899251444963738e-3,8.397198471357115e-4,3.762336797080934e-3,0e0,0,0,4,2,8,2,2,4,4,0,0,0,0,2,2,2,0,0,0,68,0,67,103,136,0,67,35,34,0,0,0,6,28,0
7,0,1,0.3,0,0,1200,0e0,0e0,8.432537833868992e-4,7.439815453835763e-4,2.189248509864683e-3,2.093854382110294e-4,1.332355932390783e-4,1.8005864694714546e-3,1.9863229244947433e-3,0e0,0e0,0e0,0e0,1.889931081677787e-3,8.397252604481764e-4,3.762336797080934e-3,0e0,0,0,4,2,8,2,2,4,4,0,0,0,0,2,2,2,0,0,0,68,0,67,103,136,0,67,35,34,0,0,0,6,28,0
7,0,1,0.3,0,1,1320,0e0,0e0,5.059900977357756e-4,9.545229841023684e-4,0e0,0e0,1.3043066719546914e-3,3.534039897203911e-4,6.072188061807537e-4,1.3227135787019506e-3,3.0672693173983134e-4,1.357531543362711e-3,2.551672048866749e-3,1.3718605041503906e-3,7.785532943671569e-4,2.8299559780862182e-3,0e0,0,0,2,2,0,0,2,2,4,2,4,4,2,4,2,2,0,0,0,0,0,22,12,136,0,59,86,135,57,21,16,0,0,0
7,0,1,0.3,0,1,1440,0e0,0e0,5.056451554992236e-4,9.56157105974853e-4,0e0,0e0,1.3008336682105437e-3,3.546234220266342e-4,6.076722202124074e-4,1.3200360699556768e-3,3.058626352867577e-4,1.3586389013653388e-3,2.554605423938483e-3,1.3737816698267125e-3,7.780901432852261e-4,2.828492783010006e-3,0e0,0,0,2,2,0,0,2,2,4,2,4,4,2,4,2,2,0,0,0,0,0,22,12,136,0,59,86,135,57,21,16,0,0,0
7,0,1,0.3,0,1,1560,0e0,0e0,5.056419249740429e-4,9.561589686200023e-4,0e0,0e0,1.3008326204726472e-3,3.546236257534474e-4,6.07671718171332e-4,1.3200350222177804e-3,3.0586204411520157e-4,1.3586385739472462e-3,2.554601029260084e-3,1.3737851768382825e-3,7.780915984767489e-4,2.8285004664212465e-3,0e0,0,0,2,2,0,0,2,2,4,2,4,4,2,4,2,2,0,0,0,0,0,22,12,136,0,59,86,135,57,21,16,0,0,0
7,0,1,0.3,0,1,1680,0e0,0e0,5.056453446741216e-4,9.561588522046804e-4,0e0,0e0,1.3008299429202452e-3,3.546236257534474e-4,6.076712015783414e-4,1.3200370012782514e-3,3.058637485082727e-4,1.358639425234287e-3,2.5546019605826586e-3,1.3737830668105744e-3,7.780915984767489e-4,2.8285032603889704e-3,0e0,0,0,2,2,0,0,2,2,4,2,4,4,2,4,2,2,0,0,0,0,0,22,12,136,0,59,86,135,57,21,16,0,0,0
7,0,1,0.3,0,1,1800,0e0,0e0,5.05641735799145e-4,9.56157105974853e-4,0e0,0e0,1.3008336682105437e-3,3.546236257534474e-4,6.076722202124074e-4,1.3200354878790677e-3,3.0586204411520157e-4,1.3586385739472462e-3,2.5546032120473683e-3,1.3737880872213282e-3,7.780945670674555e-4,2.8284979052841663e-3,0e0,0,0,2,2,0,0,2,2,4,2,4,4,2,4,2,2,0,0,0,0,0,22,12,136,0,59,86,135,57,21,16,0,0,0
7,0,1,0.3,0,1,1920,0e0,0e0,5.056453446741216e-4,9.561595361446962e-4,0e0,0e0,1.3008313399041072e-3,3.546236257534474e-4,6.076707359170541e-4,1.3200350222177804e-3,3.058637485082727e-4,1.358639425234287e-3,2.5546019605826586e-3,1.3737830668105744e-3,7.780915984767489e-4,2.8285004664212465e-3,0e0,0,0,2,2,0,0,2,2,4,2,4,4,2,4,2,2,0,0,0,0,0,22,12,136,0,59,86,135,57,21,16,0,0,0
7,0,1,0.3,0,1,2040,0e0,0e0,5.056453446741216e-4,9.56157105974853e-4,0e0,0e0,1.3008326204726472e-3,3.546223742887378e-4,6.076712015783414e-4,1.3200350222177804e-3,3.058637485082727e-4,1.3586385739472462e-3,2.5546019605826586e-3,1.3737865738221444e-3,7.780945670674555e-4,2.8285004664212465e-3,0e0,0,0,2,2,0,0,2,2,4,2,4,4,2,4,2,2,0,0,0,0,0,22,12,136,0,59,86,135,57,21,16,0,0,0
7,0,1,0.3,0,1,2160,0e0,0e0,5.056451554992236e-4,9.561549086356536e-4,0e0,0e0,1.3008336682105437e-3,3.54621559381485e-4,6.076716745155863e-4,1.3200354878790677e-3,3.058634993067244e-4,1.3586385739472462e-3,2.5546019605826586e-3,1.37378948420519e-3,7.780960222589783e-4,2.8285004664212465e-3,0e0,0,0,2,2,0,0,2,2,4,2,4,4,2,4,2,2,0,0,0,0,0,22,12,136,0,59,86,135,57,21,16,0,0,0
7,0,1,0.3,0,1,2280,0e0,0e0,5.05645431985613e-4,9.561595361446962e-4,0e0,0e0,1.3008299429202452e-3,3.546236257534474e-4,6.076672316339682e-4,1.3200350222177804e-3,3.058637485082727e-4,1.358639425234287e-3,2.5546019605826586e-3,1.3737880872213282e-3,7.780945670674555e-4,2.8284979052841663e-3,0e0,0,0,2,2,0,0,2,2,4,2,4,4,2,4,2,2,0,0,0,0,0,22,12,136,0,59,86,135,57,21,16,0,0,0
7,0,1,0.3,0,1,2400,0e0,0e0,5.05645431985613e-4,9.561629703966901e-4,0e0,0e0,1.3008299429202452e-3,3.546236257534474e-4,6.07670699537266e-4,1.3200350222177804e-3,3.058635447814595e-4,1.3586385739472462e-3,2.554601029260084e-3,1.3737865738221444e-3,7.780903979437426e-4,2.8284976724535227e-3,0e0,0,0,2,2,0,0,2,2,4,2,4,4,2,4,2,2,0,0,0,0,0,22,12,136,0,59,86,135,57,21,16,0,0,0
7,0,1,0.3,0,2,2520,3.1074977887328714e-3,0e0,6.185857091622893e-4,9.66907229667413e-4,5.843522376380861e-5,0e0,0e0,0e0,3.2681867305655032e-3,8.546183352109438e-5,5.373882595449686e-4,1.5159087197389454e-3,1.4583767479052767e-3,8.587503465378177e-4,0e0,3.37632728042081e-3,0e0,2,0,4,4,2,0,0,0,2,4,2,2,2,6,0,2,0,34,0,95,0,10,24,41,0,34,142,68,0,0,62,28,6,0
7,0,1,0.3,0,2,2640,3.097446184256114e-3,0e0,6.188736515468918e-4,9.689955277281115e-4,5.826447068102425e-5,0e0,0e0,0e0,3.274506248999387e-3,8.470229931845097e-5,5.393143510445952e-4,1.5164604847086594e-3,1.4615159889217466e-3,8.59634827577338e-4,0e0,3.3720590581651777e-3,0e0,2,0,4,4,2,0,0,0,2,4,2,2,2,6,0,2,0,34,0,95,0,10,24,41,0,34,142,68,0,0,62,28,6,0
7,0,1,0.3,0,2,2760,3.097446184256114e-3,0e0,6.188723928062245e-4,9.689955277281115e-4,5.826458982483018e-5,0e0,0e0,0e0,3.2745154458098114e-3,8.469965450785821e-5,5.393143510445952e-4,1.5164604847086594e-3,1.4615220425184816e-3,8.596442170869523e-4,0e0,3.3720590581651777e-3,0e0,2,0,4,4,2,0,0,0,2,4,2,2,2,6,0,2,0,34,0,95,0,10,24,41,0,34,142,68,0,0,62,28,6,0
7,0,1,0.3,0,2,2880,3.097445020102896e-3,0e0,6.188736515468918e-4,9.689955277281115e-4,5.8265197367290966e-5,0e0,0e0,0e0,3.27451090561226e-3,8.469983185932506e-5,5.393168103182688e-4,1.5164604847086594e-3,1.4615220425184816e-3,8.596449155788832e-4,0e0,3.3720590581651777e-3,0e0,2,0,4,4,2,0,0,0,2,4,2,2,2,6,0,2,0,34,0,95,0,10,24,41,0,34,142,68,0,0,62,28,6,0
7,0,1,0.3,0,2,3000,3.097445034654811e-3,0e0,6.188710613059811e-4,9.689903536127531e-4,5.826458982483018e-5,0e0,0e0,0e0,3.2745167845860124e-3,8.469912700093118e-5,5.393168103182688e-4,1.5164604847086594e-3,1.4615220425184816e-3,8.596400080591593e-4,0e0,3.3720590581651777e-3,0e0,2,0,4,4,2,0,0,0,2,4,2,2,2,6,0,2,0,34,0,95,0,10,24,41,0,34,142,68,0,0,62,28,6,0
7,0,1,0.3,0,2,3120,3.097442036960274e-3,0e0,6.188736515468918e-4,9.689924381746096e-4,5.826458982483018e-5,0e0,0e0,0e0,3.274517715908587e-3,8.470107331959298e-5,5.393218743847683e-4,1.5164604847086594e-3,1.4615159889217466e-3,8.596295896836637e-4,0e0,3.3720590581651777e-3,0e0,2,0,4,4,2,0,0,0,2,4,2,2,2,6,0,2,0,34,0,95,0,10,24,41,0,34,142,68,0,0,62,28,6,0
7,0,1,0.3,0,2,3240,3.0974429682828486e-3,0e0,6.188736515468918e-4,9.689955277281115e-4,5.826516917295521e-5,0e0,0e0,0e0,3.2745154458098114e-3,8.470078046229901e-5,5.393152241595089e-4,1.5164604847086594e-3,1.4615209947805852e-3,8.59639997031536e-4,0e0,3.3720590581651777e-3,0e0,2,0,4,4,2,0,0,0,2,4,2,2,2,6,0,2,0,34,0,95,0,10,24,41,0,34,142,68,0,0,62,28,6,0
7,0,1,0.3,0,2,3360,3.097444088780321e-3,0e0,6.188736515468918e-4,9.689939515737933e-4,5.8265197367290966e-5,0e0,0e0,0e0,3.2745099742896855e-3,8.469983185932506e-5,5.393201281549409e-4,1.5164604847086594e-3,1.4615209947805852e-3,8.596407537311279e-4,0e0,3.3720590581651777e-3,0e0,2,0,4,4,2,0,0,0,2,4,2,2,2,6,0,2,0,34,0,95,0,10,24,41,0,34,142,68,0,0,62,28,6,0
7,0,1,0.3,0,2,3480,3.097444088780321e-3,0e0,6.188736515468918e-4,9.689959060779074e-4,5.8265197367290966e-5,0e0,0e0,0e0,3.274509042967111e-3,8.4700210209121e-5,5.393185565480962e-4,1.5164604847086594e-3,1.4615248364862055e-3,8.596435185950213e-4,0e0,3.3720590581651777e-3,0e0,2,0,4,4,2,0,0,0,2,4,2,2,2,6,0,2,0,34,0,95,0,10,24,41,0,34,142,68,0,0,62,28,6,0
7,0,1,0.3,0,2,3600,3.097446184256114e-3,0e0,6.188736515468918e-4,9.689952512417221e-4,5.8265140069124755e-5,0e0,0e0,0e0,3.2745118369348347e-3,8.470078046229901e-5,5.393185565480962e-4,1.5164604847086594e-3,1.4615209947805852e-3,8.59639997031536e-4,0e0,3.3720590581651777e-3,0e0,2,0,4,4,2,0,0,0,2,4,2,2,2,6,0,2,0,34,0,95,0,10,24,41,0,34,142,68,0,0,62,28,6,0
7,0,1,0.3,1,0,120,0e0,0e0,1.0332982856198214e-3,9.344328427687287e-4,2.3845162236284523e-3,1.6348779354302678e-4,1.292755223403219e-4,1.8422979264869355e-3,1.7040487291524187e-3,0e0,0e0,0e0,0e0,2.2439936583396047e-3,8.5609128291253e-4,3.3736990008037537e-3,0e0,0,0,4,2,8,2,2,4,4,0,0,0,0,2,2,2,0,0,0,68,0,66,104,136,0,63,39,34,0,0,0,4,30,0
7,0,1,0.3,1,0,240,0e0,0e0,8.599301145295613e-4,7.575147537863813e-4,2.203748661145255e-3,2.038162183453096e-4,1.3308065717865247e-4,1.8029250495601445e-3,1.9549770513549447e-3,0e0,0e0,0e0,0e0,1.9231538899475709e-3,8.415539778070524e-4,3.7201205268502235e-3,0e0,0,0,4,2,8,2,2,4,4,0,0,0,0,2,2,2,0,0,0,68,0,67,103,136,0,67,35,34,0,0,0,5,29,0
7,0,1,0.3,1,0,360,0e0,0e0,8.43828333017882e-4,7.444296643370762e-4,2.1897343241334966e-3,2.091915357596008e-4,1.3323563689482398e-4,1.8006700338446535e-3,1.985235547181219e-3,0e0,0e0,0e0,0e0,1.8910591170424595e-3,8.397803103434853e-4,3.76085820607841e-3,0e0,0,0,4,2,8,2,2,4,4,0,0,0,0,2,2,2,0,0,0,68,0,67,103,136,0,67,35,34,0,0,0,6,28,0
7,0,1,0.3,1,0,480,0e0,0e0,4.987035645172e-4,2.829508885042742e-4,1.8239387864014134e-3,7.943754462758079e-5,3.4923303246614523e-4,7.337814931815956e-4,1.575447284267284e-3,0e0,0e0,0e0,0e0,1.763105217833072e-3,1.7447014979552478e-3,9.144980685960036e-5,0e0,0,0,4,2,8,2,2,4,4,0,0,0,0,2,2,2,0,0,0,68,0,68,102,136,0,52,50,34,0,0,0,0,34,0
7,0,1,0.3,1,0,600,0e0,0e0,4.8262955533573404e-4,4.548345896182582e-5,6.074026423448231e-4,7.413718631141819e-4,4.3315884795447346e-5,2.975228712784883e-4,5.784776112705003e-4,0e0,0e0,0e0,0e0,1.071693142876029e-3,1.0257700341753662e-4,1.4040923997526988e-4,0e0,0,0,4,2,8,2,2,4,4,0,0,0,0,2,2,2,0,0,0,68,0,68,89,136,0,18,97,34,0,0,0,0,34,0
7,0,1,0.3,1,0,720,0e0,0e0,3.912998545274604e-4,1.2173615687061101e-5,5.919655350226094e-4,5.846262720297091e-4,1.644917720113881e-4,1.8009526593232295e-4,1.4144701981422259e-4,0e0,0e0,0e0,0e0,5.991380021441728e-4,5.651735955325421e-5,1.3564545952249318e-4,0e0,0,0,4,2,8,2,2,4,4,0,0,0,0,2,2,2,0,0,0,68,0,68,90,136,0,16,98,34,0,0,0,0,34,0
7,0,1,0.3,1,0,840,0e0,0e0,2.744255707511911e-4,3.9043451124598505e-5,6.013672311837581e-4,1.2489828168327222e-4,1.4831808948656544e-4,2.575488078946364e-4,3.4110060767034156e-5,0e0,0e0,0e0,0e0,2.0408190175658092e-4,5.3260655477060936e-5,1.763925774866948e-4,0e0,0,0,4,2,8,2,2,4,4,0,0,0,0,2,2,2,0,0,0,68,0,68,102,136,0,16,86,34,0,0,0,0,34,0
7,0,1,0.3,1,0,960,0e0,0e0,2.721311693676398e-4,5.443518720227303e-7,3.9137472685979446e-4,7.4549444093463535e-6,6.441454934247304e-5,1.2463738835322147e-4,1.7832845230714156e-5,0e0,0e0,0e0,0e0,6.309364653134253e-5,6.923849878148758e-5,1.3453624706016853e-4,0e0,0,0,4,2,8,2,2,4,4,0,0,0,0,2,2,2,0,0,0,68,0,68,102,136,0,12,90,34,0,0,0,0,34,0
7,0,1,0.3,1,0,1080,0e0,0e0,3.969163822148403e-5,8.306936024382594e-6,1.8174513388657942e-4,2.9472997766788467e-6,6.814900302742899e-6,6.036855478441794e-5,3.7496428973327056e-5,0e0,0e0,0e0,0e0,5.145078102941625e-5,1.1356492541381158e-4,9.564399078954011e-5,0e0,0,0,4,2,8,2,2,4,4,0,0,0,0,2,2,2,0,0,0,68,0,68,102,136,0,10,92,34,0,0,0,0,34,0
7,0,1,0.3,1,0,1200,0e0,0e0,3.8251074670370144e-5,7.312554998861742e-6,1.6744684535296983e-4,2.752280011009134e-6,5.341154519555857e-6,5.963939941011631e-5,3.898071936703218e-5,0e0,0e0,0e0,0e0,4.726054430648219e-5,1.237050573763554e-4,9.862551814876497e-5,0e0,0,0,4,2,8,2,2,4,4,0,0,0,0,2,2,2,0,0,0,68,0,68,102,136,0,10,92,34,0,0,0,0,34,0
7,0,1,0.3,1,1,1320,0e0,0e0,1.8675521732802736e-4,2.0676102576544508e-4,0e0,0e0,4.609595489455387e-4,7.849862959119491e-5,2.875294035220577e-5,8.660168350616004e-5,2.863843756131246e-4,2.2191734296939103e-4,4.478638766158838e-5,5.024192876135203e-5,3.258663637097925e-4,2.163492245017551e-4,0e0,0,0,2,2,0,0,2,2,4,2,4,4,2,4,2,2,0,0,0,0,0,0,12,136,0,72,85,127,66,30,16,0,0,0
7,0,1,0.3,1,1,1440,0e0,0e0,1.698274845693959e-4,1.8870135681936517e-4,0e0,0e0,4.4104574772063643e-4,4.501477815210819e-5,1.3737292590576544e-5,6.103844407334691e-5,2.7256676912656985e-4,2.3806602348486194e-4,1.9148872524965554e-5,6.825059074344608e-5,2.359191348659806e-4,1.6754964781284798e-4,0e0,0,0,2,2,0,0,2,2,4,2,4,4,2,4,2,2,0,0,0,0,0,0,6,136,0,72,86,132,66,30,16,0,0,0
7,0,1,0.3,1,1,1560,0e0,0e0,1.5409687512146775e-4,1.5770782556501217e-4,0e0,0e0,4.6175061288522556e-4,2.657102686498547e-5,9.74619061366866e-6,4.7984438424464315e-5,2.7810486426460557e-4,2.3687979683018057e-4,1.0766837704068166e-5,7.221386169931066e-5,2.0060554379597306e-4,1.4014029875397682e-4,0e0,0,0,2,2,0,0,2,2,4,2,4,4,2,4,2,2,0,0,0,0,0,0,2,136,0,71,86,135,67,31,16,0,0,0
7,0,1,0.3,1,1,1680,0e0,0e0,1.3959137640995323e-4,1.3184063936932944e-4,0e0,0e0,4.8290124686900526e-4,1.730862641124986e-5,1.1703596872081334e-5,3.9329576793534216e-5,2.874943429560517e-4,2.3106883691070834e-4,7.699147090534098e-6,7.225184185699618e-5,1.8079996152664535e-4,1.2247584163560532e-4,0e0,0,0,2,2,0,0,2,2,4,2,4,4,2,4,2,2,0,0,0,0,0,0,0,136,0,71,86,137,67,31,16,0,0,0
7,0,1,0.3,1,1,1800,0e0,0e0,1.2804922425857512e-4,1.1306765372864902e-4,0e0,0e0,4.972190508851781e-4,1.2959535297341063e-5,1.640275499426025e-5,3.3027918107109144e-5,2.9837682996003423e-4,2.2554867337021278e-4,7.0414484625302975e-6,7.20338452993019e-5,1.6951443103607744e-4,1.1010213711415417e-4,0e0,0,0,2,2,0,0,2,2,4,2,4,4,2,4,2,2,0,0,0,0,0,0,0,136,0,70,86,136,68,32,16,0,0,0
7,0,1,0.3,1,1,1920,0e0,0e0,1.196530492961756e-4,1.0010004916694015e-4,0e0,0e0,5.050498148193583e-4,1.1151497119499254e-5,2.1653874739513412e-5,2.8395335903041996e-5,3.0926844920031726e-4,2.2090190304879798e-4,7.327271475787711e-6,7.208857232399168e-5,1.637879067857284e-4,1.0144006409973372e-4,0e0,0,0,2,2,0,0,2,2,4,2,4,4,2,4,2,2,0,0,0,0,0,0,0,136,0,70,86,136,68,32,16,0,0,0
7,0,1,0.3,1,1,2040,0e0,0e0,1.1385401785446447e-4,9.132103150477633e-5,0e0,0e0,5.083771829959005e-4,1.058523071151285e-5,2.626138922323662e-5,2.5019111944857286e-5,3.1925532675813884e-4,2.1693868711736286e-4,7.847916094760876e-6,7.235493035295804e-5,1.615048349776771e-4,9.547641457174905e-5,0e0,0,0,2,2,0,0,2,2,4,2,4,4,2,4,2,2,0,0,0,0,0,0,0,136,0,70,86,136,68,32,16,0,0,0
7,0,1,0.3,1,1,2160,0e0,0e0,1.0997099570886348e-4,8.542658906662837e-5,0e0,0e0,5.090780032332987e-4,1.0575128044365556e-5,2.9798759499044536e-5,2.258556105516618e-5,3.2784032737254165e-4,2.1355644548748387e-4,8.311765441249008e-6,7.269665115927637e-5,1.612103333172854e-4,9.142437920672819e-5,0e0,0,0,2,2,0,0,2,2,4,2,4,4,2,4,2,2,0,0,0,0,0,0,0,136,0,70,86,136,68,32,16,0,0,0
7,0,1,0.3,1,1,2280,0e0,0e0,1.0741763162513962e-4,8.147795597324148e-5,0e0,0e0,5.085180164314806e-4,1.0775985629152274e-5,3.2296598817538325e-5,2.084742618535529e-5,3.348680220369715e-4,2.1074078267702134e-4,8.627058377896901e-6,7.304954829123744e-5,1.619137983652763e-4,8.867001815815456e-5,0e0,0,0,2,2,0,0,2,2,4,2,4,4,2,4,2,2,0,0,0,0,0,0,0,136,0,70,86,136,68,32,16,0,0,0
7,0,1,0.3,1,1,2400,0e0,0e0,1.0574817406450165e-4,7.8834273153916e-5,0e0,0e0,5.07556673255749e-4,1.1023678780475166e-5,3.397202971200386e-5,1.9622279069153592e-5,3.4038267767755315e-4,2.0846065217483556e-4,8.791257414486608e-6,7.33572667286353e-5,1.6301340292557143e-4,8.673081720189657e-5,0e0,0,0,2,2,0,0,2,2,4,2,4,4,2,4,2,2,0,0,0,0,0,0,0,136,0,70,86,136,68,32,16,0,0,0
7,0,1,0.3,1,2,2520,6.839230423793197e-3,0e0,1.5420190975419246e-3,2.4889463873023487e-5,2.8335967726889066e-5,0e0,0e0,0e0,3.734560559678357e-4,6.119006611697841e-4,3.182148645919369e-5,9.532931289868429e-5,3.704516202560626e-4,7.709263206834294e-4,0e0,8.506763151672203e-6,0e0,2,0,4,4,2,0,0,0,2,4,2,2,2,6,0,2,0,34,0,88,0,8,26,48,0,34,126,68,0,0,78,24,10,0
7,0,1,0.3,1,2,2640,6.699234247207642e-3,0e0,9.950384119292721e-4,1.8254347224910816e-6,8.373772516279132e-6,0e0,0e0,0e0,5.738074250984937e-4,3.1248015966411913e-4,3.0096374985078e-5,1.0545733766775811e-4,1.926938202814199e-4,5.35777310233243e-4,0e0,5.290042054184596e-6,0e0,2,0,4,4,2,0,0,0,2,4,2,2,2,6,0,2,0,34,0,90,0,8,26,46,0,34,126,68,0,0,78,24,10,0
7,0,1,0.3,1,2,2760,6.851207464933395e-3,0e0,4.2784097604453564e-4,1.9502900443058024e-5,6.354886409098981e-6,0e0,0e0,0e0,6.155231385491788e-4,1.9100508825431461e-4,3.1191915695671923e-5,6.182094784890069e-5,1.5058458848216105e-4,4.3464172040330595e-4,0e0,4.905461082671536e-6,0e0,2,0,4,4,2,0,0,0,2,4,2,2,2,6,0,2,0,34,0,93,0,8,26,43,0,34,126,68,0,0,78,24,10,0
7,0,1,0.3,1,2,2880,6.828758399933577e-3,0e0,1.567019235153566e-4,5.512710293942291e-5,1.411054745403817e-5,0e0,0e0,0e0,4.650775372283533e-4,1.9971457550127525e-4,1.1700755067067803e-5,3.059021719309385e-5,1.4075729814067017e-4,3.4380160923319636e-4,0e0,4.852868073612626e-6,0e0,2,0,4,4,2,0,0,0,2,4,2,2,2,6,0,2,0,34,0,96,0,10,24,40,0,34,126,68,0,0,78,22,12,0
7,0,1,0.3,1,2,3000,6.644430570304394e-3,0e0,1.0873532619370962e-4,7.558871402579825e-5,2.111396679538302e-5,0e0,0e0,0e0,3.8297790160868317e-4,2.161842855912255e-4,9.318250022261054e-6,1.7951851987163536e-5,1.3469360692397458e-4,3.122774910480075e-4,0e0,4.431996671883098e-6,0e0,2,0,4,4,2,0,0,0,2,4,2,2,2,6,0,2,0,34,0,97,0,10,24,39,0,34,124,68,0,0,80,22,12,0
7,0,1,0.3,1,2,3120,6.492058048024774e-3,0e0,9.168628673705825e-5,8.887879891972261e-5,2.5144798200926743e-5,0e0,0e0,0e0,3.4725357545539737e-4,2.160642227408971e-4,1.3235989626991795e-5,1.3204813058109721e-5,1.2495397459133528e-4,3.009076635862584e-4,0e0,4.632337549992371e-6,0e0,2,0,4,4,2,0,0,0,2,4,2,2,2,6,0,2,0,34,0,98,0,10,24,38,0,34,124,68,0,0,80,24,10,0
7,0,1,0.3,1,2,3240,6.373904645442963e-3,0e0,8.26028870051232e-5,9.865691799859633e-5,2.7197535018785857e-5,0e0,0e0,0e0,3.3006562443915755e-4,2.080244384501384e-4,1.7882678093883442e-5,1.0923830359388376e-5,1.133501455115038e-4,2.9252245280986244e-4,0e0,5.87233671467402e-6,0e0,2,0,4,4,2,0,0,0,2,4,2,2,2,6,0,2,0,34,0,98,0,10,24,38,0,34,124,68,0,0,80,24,10,0
7,0,1,0.3,1,2,3360,6.277645006775856e-3,0e0,7.666113538107311e-5,1.0630950600898359e-4,2.794981628539972e-5,0e0,0e0,0e0,3.225676773581654e-4,1.9629490930128668e-4,2.200598373747198e-5,9.650060292187845e-6,1.0118049613083713e-4,2.835825886222665e-4,0e0,7.780312898830744e-6,0e0,2,0,4,4,2,0,0,0,2,4,2,2,2,6,0,2,0,34,0,98,0,10,24,38,0,34,124,68,0,0,80,24,10,0
7,0,1,0.3,1,2,3480,6.1943745240569115e-3,0e0,7.218941914288735e-5,1.1254138553340454e-4,2.778946600301424e-5,0e0,0e0,0e0,3.215277392882854e-4,1.8269494478317938e-4,2.5330664811917813e-5,8.93629294296261e-6,8.924804023990873e-5,2.737619721244755e-4,0e0,1.0033581929747015e-5,0e0,2,0,4,4,2,0,0,0,2,4,2,2,2,6,0,2,0,34,0,98,0,12,22,38,0,34,124,68,0,0,80,24,10,0
7,0,1,0.3,1,2,3600,6.1179890763014555e-3,0e0,6.849353439974948e-5,1.178145457743085e-4,2.6907801839115564e-5,0e0,0e0,0e0,3.2579995604464784e-4,1.6819327754546975e-4,2.7830985345644876e-5,8.609762062405935e-6,7.806078974681441e-5,2.6342825191250085e-4,0e0,1.2427946785464883e-5,0e0,2,0,4,4,2,0,0,0,2,4,2,2,2,6,0,2,0,34,0,98,0,12,22,38,0,34,125,68,0,0,79,24,10,0
7,1,0,0.0,0,0,120,0e0,0e0,1.5517044739681296e-3,7.498013292206451e-4,6.485499497784986e-3,7.04522046726197e-3,1.0371270182076842e-3,3.37510064127855e-3,2.673734270501882e-4,0e0,0e0,0e0,0e0,1.3710210187127814e-3,2.929464215412736e-3,2.6070695184898796e-5,0e0,0,0,4,2,8,2,2,4,4,0,0,0,0,2,2,2,0,0,0,68,0,68,87,136,0,14,103,34,0,0,0,0,34,0
7,1,0,0.0,0,0,240,0e0,0e0,1.4442207962019893e-3,4.576568244374357e-4,6.304710681888537e-3,6.777712143957615e-3,1.171343814348802e-3,4.114450799534097e-3,3.048150911126868e-4,0e0,0e0,0e0,0e0,1.3677683455171064e-3,2.5612898753024638e-3,4.3046129121648846e-5,0e0,0,0,4,2,8,2,2,4,4,0,0,0,0,2,2,2,0,0,0,68,0,68,87,136,0,14,103,34,0,0,0,0,34,0
7,1,0,0.0,0,0,360,0e0,0e0,1.4309905161553615e-3,4.2394712363602594e-4,6.28509323905746e-3,6.741405231878161e-3,1.1907778243767098e-3,4.227121316944249e-3,3.1242441582435276e-4,0e0,0e0,0e0,0e0,1.3694721419597045e-3,2.5117775658145547e-3,4.891751018476498e-5,0e0,0,0,4,2,8,2,2,4,4,0,0,0,0,2,2,2,0,0,0,68,0,68,87,136,0,14,103,34,0,0,0,0,34,0
7,1,0,0.0,0,0,480,0e0,0e0,1.4302767701792618e-3,4.2215632856823504e-4,6.284067468186549e-3,6.7393959616310894e-3,1.191854738863185e-3,4.23338140535634e-3,3.128624703094829e-4,0e0,0e0,0e0,0e0,1.3695709349121898e-3,2.50907673034817e-3,4.9261465846939245e-5,0e0,0,0,4,2,8,2,2,4,4,0,0,0,0,2,2,2,0,0,0,68,0,68,87,136,0,14,103,34,0,0,0,0,34,0
7,1,0,0.0,0,0,600,0e0,0e0,1.4302707320439367e-3,4.221196286380291e-4,6.284055750256812e-3,6.739391013979912e-3,1.191870411275886e-3,4.233496656524949e-3,3.1287085403164383e-4,0e0,0e0,0e0,0e0,1.3695812813239172e-3,2.509028243366629e-3,4.927075997329666e-5,0e0,0,0,4,2,8,2,2,4,4,0,0,0,0,2,2,2,0,0,0,68,0,68,87,136,0,14,103,34,0,0,0,0,34,0
7,1,0,0.0,0,0,720,0e0,0e0,1.430270642913456e-3,4.2211786058032885e-4,6.284063077146129e-3,6.739396136254072e-3,1.191870411275886e-3,4.233487918099854e-3,3.1287085403164383e-4,0e0,0e0,0e0,0e0,1.3695812813239172e-3,2.509022888261825e-3,4.927075997329666e-5,0e0,0,0,4,2,8,2,2,4,4,0,0,0,0,2,2,2,0,0,0,68,0,68,87,136,0,14,103,34,0,0,0,0,34,0
7,1,0,0.0,0,0,840,0e0,0e0,1.4302707320439367e-3,4.2212058178847656e-4,6.284055895775964e-3,6.739391013979912e-3,1.191870411275886e-3,4.233496234519407e-3,3.12870228299289e-4,0e0,0e0,0e0,0e0,1.3695812813239172e-3,2.509028243366629e-3,4.927075997329666e-5,0e0,0,0,4,2,8,2,2,4,4,0,0,0,0,2,2,2,0,0,0,68,0,68,87,136,0,14,103,34,0,0,0,0,34,0
7,1,0,0.0,0,0,960,0e0,0e0,1.4302707320439367e-3,4.221192211844027e-4,6.284058683377225e-3,6.739391013979912e-3,1.191870411275886e-3,4.233496656524949e-3,3.128700827801367e-4,0e0,0e0,0e0,0e0,1.3695812813239172e-3,2.509028243366629e-3,4.927075997329666e-5,0e0,0,0,4,2,8,2,2,4,4,0,0,0,0,2,2,2,0,0,0,68,0,68,87,136,0,14,103,34,0,0,0,0,34,0
7,1,0,0.0,0,0,1080,0e0,0e0,1.4302731744919583e-3,4.2211786058032885e-4,6.284063312705257e-3,6.739396136254072e-3,1.191870411275886e-3,4.233488827594556e-3,3.1287085403164383e-4,0e0,0e0,0e0,0e0,1.3695812813239172e-3,2.5090277777053416e-3,4.927075997329666e-5,0e0,0,0,4,2,8,2,2,4,4,0,0,0,0,2,2,2,0,0,0,68,0,68,87,136,0,14,103,34,0,0,0,0,34,0
7,1,0,0.0,0,0,1200,0e0,0e0,1.430272585594139e-3,4.2211786058032885e-4,6.284058496021316e-3,6.739391013979912e-3,1.191871808259748e-3,4.233496656524949e-3,3.128694424958667e-4,0e0,0e0,0e0,0e0,1.3695812813239172e-3,2.509022888261825e-3,4.927075997329666e-5,0e0,0,0,4,2,8,2,2,4,4,0,0,0,0,2,2,2,0,0,0,68,0,68,87,136,0,14,103,34,0,0,0,0,34,0
7,1,0,0.0,0,1,1320,0e0,0e0,1.4302707320439367e-3,4.2212058178847656e-4,6.284056052209053e-3,6.739391013979912e-3,1.191870411275886e-3,4.233496656524949e-3,3.1286963167076465e-4,0e0,0e0,0e0,0e0,1.3695793386432342e-3,2.5090277777053416e-3,4.927075997329666e-5,0e0,0,0,4,2,8,2,2,4,4,0,0,0,0,2,2,2,0,0,0,68,0,68,87,136,0,14,103,34,0,0,0,0,34,0
7,1,0,0.0,0,1,1440,0e0,0e0,1.430270642913456e-3,4.2211786058032885e-4,6.2840601758580306e-3,6.739396136254072e-3,1.191870411275886e-3,4.233487918099854e-3,3.1287085403164383e-4,0e0,0e0,0e0,0e0,1.3695812813239172e-3,2.5090277777053416e-3,4.927075997329666e-5,0e0,0,0,4,2,8,2,2,4,4,0,0,0,0,2,2,2,0,0,0,68,0,68,87,136,0,14,103,34,0,0,0,0,34,0
7,1,0,0.0,0,1,1560,0e0,0e0,1.4302687256986246e-3,4.221196286380291e-4,6.284056052209053e-3,6.739396136254072e-3,1.191870411275886e-3,4.233496656524949e-3,3.1286963167076465e-4,0e0,0e0,0e0,0e0,1.3695793386432342e-3,2.509028243366629e-3,4.927075997329666e-5,0e0,0,0,4,2,8,2,2,4,4,0,0,0,0,2,2,2,0,0,0,68,0,68,87,136,0,14,103,34,0,0,0,0,34,0
7,1,0,0.0,0,1,1680,0e0,0e0,1.4302676379429613e-3,4.2211786058032885e-4,6.284055895775964e-3,6.739396136254072e-3,1.1918694071937352e-3,4.2335012258263305e-3,3.1286963167076465e-4,0e0,0e0,0e0,0e0,1.3695793386432342e-3,2.509022888261825e-3,4.927075997329666e-5,0e0,0,0,4,2,8,2,2,4,4,0,0,0,0,2,2,2,0,0,0,68,0,68,87,136,0,14,103,34,0,0,0,0,34,0
7,1,0,0.0,0,1,1800,0e0,0e0,1.4302686365681438e-3,4.221192211844027e-4,6.284056052209053e-3,6.739396136254072e-3,1.191871808259748e-3,4.2335012258263305e-3,3.1286963167076465e-4,0e0,0e0,0e0,0e0,1.3695812813239172e-3,2.509028243366629e-3,4.927075997329666e-5,0e0,0,0,4,2,8,2,2,4,4,0,0,0,0,2,2,2,0,0,0,68,0,68,87,136,0,14,103,34,0,0,0,0,34,0
7,1,0,0.0,0,1,1920,0e0,0e0,1.4302695883543493e-3,4.2211786058032885e-4,6.28406676605664e-3,6.739379605278373e-3,1.191870411275886e-3,4.233497616951354e-3,3.1287143610825296e-4,0e0,0e0,0e0,0e0,1.3695757661480457e-3,2.509022888261825e-3,4.927075997329666e-5,0e0,0,0,4,2,8,2,2,4,4,0,0,0,0,2,2,2,0,0,0,68,0,68,87,136,0,14,103,34,0,0,0,0,34,0
7,1,0,0.0,0,1,2040,0e0,0e0,1.4302687284271087e-3,4.2212058178847656e-4,6.284055448304571e-3,6.739396136254072e-3,1.1918678937945515e-3,4.233496234519407e-3,3.1286963167076465e-4,0e0,0e0,0e0,0e0,1.3695832167286426e-3,2.5090277777053416e-3,4.927075997329666e-5,0e0,0,0,4,2,8,2,2,4,4,0,0,0,0,2,2,2,0,0,0,68,0,68,87,136,0,14,103,34,0,0,0,0,34,0
7,1,0,0.0,0,1,2160,0e0,0e0,1.4302708239029016e-3,4.2212058178847656e-4,6.284052136834362e-3,6.739391013979912e-3,1.191870411275886e-3,4.233497144014109e-3,3.128688458673423e-4,0e0,0e0,0e0,0e0,1.3695832167286426e-3,2.5090277777053416e-3,4.927075997329666e-5,0e0,0,0,4,2,8,2,2,4,4,0,0,0,0,2,2,2,0,0,0,68,0,68,87,136,0,14,103,34,0,0,0,0,34,0
7,1,0,0.0,0,1,2280,0e0,0e0,1.4302704655619891e-3,4.2211786058032885e-4,6.284066704211e-3,6.739379372447729e-3,1.191870411275886e-3,4.233488827594556e-3,3.128720618406078e-4,0e0,0e0,0e0,0e0,1.3695738307433203e-3,2.509028243366629e-3,4.927075997329666e-5,0e0,0,0,4,2,8,2,2,4,4,0,0,0,0,2,2,2,0,0,0,68,0,68,87,136,0,14,103,34,0,0,0,0,34,0
7,1,0,0.0,0,1,2400,0e0,0e0,1.4302734950888407e-3,4.2211786058032885e-4,6.2840589835104765e-3,6.739391013979912e-3,1.191870411275886e-3,4.2334924364695325e-3,3.1287066485674586e-4,0e0,0e0,0e0,0e0,1.3695812813239172e-3,2.5090277777053416e-3,4.927075997329666e-5,0e0,0,0,4,2,8,2,2,4,4,0,0,0,0,2,2,2,0,0,0,68,0,68,87,136,0,14,103,34,0,0,0,0,34,0
7,1,0,0.0,0,2,2520,0e0,0e0,1.430268639296628e-3,4.221196286380291e-4,6.2840598284310545e-3,6.739396136254072e-3,1.191870411275886e-3,4.233488347381353e-3,3.128709995507961e-4,0e0,0e0,0e0,0e0,1.3695729721803218e-3,2.509028243366629e-3,4.926937185700808e-5,0e0,0,0,4,2,8,2,2,4,4,0,0,0,0,2,2,2,0,0,0,68,0,68,87,136,0,14,103,34,0,0,0,0,34,0
7,1,0,0.0,0,2,2640,0e0,0e0,1.4302638794561062e-3,4.221138879074715e-4,6.284063824296027e-3,6.73940300475806e-3,1.1918625386897475e-3,4.233500185364392e-3,3.1287285764847184e-4,0e0,0e0,0e0,0e0,1.3695737507077865e-3,2.5090121780522168e-3,4.926937185700808e-5,0e0,0,0,4,2,8,2,2,4,4,0,0,0,0,2,2,2,0,0,0,68,0,68,87,136,0,14,103,34,0,0,0,0,34,0
7,1,0,0.0,0,2,2760,0e0,0e0,1.4302635361218563e-3,4.2211786058032885e-4,6.284057638367813e-3,6.739392410963774e-3,1.191871808259748e-3,4.233499843394384e-3,3.12870228299289e-4,0e0,0e0,0e0,0e0,1.3695738307433203e-3,2.509028243366629e-3,4.927075997329666e-5,0e0,0,0,4,2,8,2,2,4,4,0,0,0,0,2,2,2,0,0,0,68,0,68,87,136,0,14,103,34,0,0,0,0,34,0
7,1,0,0.0,0,2,2880,0e0,0e0,1.4302704114470544e-3,4.2211786058032885e-4,6.284056793447235e-3,6.739395204931498e-3,1.191870411275886e-3,4.233488827594556e-3,3.1287143610825296e-4,0e0,0e0,0e0,0e0,1.3695832167286426e-3,2.5090277777053416e-3,4.927075997329666e-5,0e0,0,0,4,2,8,2,2,4,4,0,0,0,0,2,2,2,0,0,0,68,0,68,87,136,0,14,103,34,0,0,0,0,34,0
7,1,0,0.0,0,2,3000,0e0,0e0,1.4302687284271087e-3,4.2212058178847656e-4,6.2840394384693354e-3,6.739395204931498e-3,1.1918678937945515e-3,4.233488347381353e-3,3.1286963167076465e-4,0e0,0e0,0e0,0e0,1.3695848465431482e-3,2.5090277777053416e-3,4.927075997329666e-5,0e0,0,0,4,2,8,2,2,4,4,0,0,0,0,2,2,2,0,0,0,68,0,68,87,136,0,14,103,34,0,0,0,0,34,0
7,1,0,0.0,0,2,3120,0e0,0e0,1.4302595247954741e-3,4.221162016619928e-4,6.284042285642499e-3,6.739400327205658e-3,1.1918582895305008e-3,4.233495790685993e-3,3.1287040292227175e-4,0e0,0e0,0e0,0e0,1.3695864763576537e-3,2.5090277777053416e-3,4.927075997329666e-5,0e0,0,0,4,2,8,2,2,4,4,0,0,0,0,2,2,2,0,0,0,68,0,68,87,136,0,14,103,34,0,0,0,0,34,0
7,1,0,0.0,0,2,3240,0e0,0e0,1.4283178086316184e-3,4.211267296341248e-4,6.284902570769191e-3,6.746127386577427e-3,1.1891257163370028e-3,4.233824678522069e-3,3.1360234333988046e-4,0e0,0e0,0e0,0e0,1.3684852892765775e-3,2.507251629140228e-3,4.921312756778207e-5,0e0,0,0,4,2,8,2,2,4,4,0,0,0,0,2,2,2,0,0,0,68,0,68,87,136,0,14,103,34,0,0,0,0,34,0
7,1,0,0.0,0,2,3360,0e0,0e0,1.4302616004897573e-3,4.2211119216517545e-4,6.284094093189196e-3,6.739347241818905e-3,1.1918640520889312e-3,4.233489300531801e-3,3.1287440106098074e-4,0e0,0e0,0e0,0e0,1.3695738307433203e-3,2.509028243366629e-3,4.9270704494119855e-5,0e0,0,0,4,2,8,2,2,4,4,0,0,0,0,2,2,2,0,0,0,68,0,68,87,136,0,14,103,34,0,0,0,0,34,0
7,1,0,0.0,0,2,3480,0e0,0e0,1.430276435939959e-3,4.221189228701405e-4,6.284065454110532e-3,6.739380129147321e-3,1.1918806558242068e-3,4.233479638060089e-3,3.128738189843716e-4,0e0,0e0,0e0,0e0,1.3695802408619784e-3,2.50904361018911e-3,4.927138570565148e-5,0e0,0,0,4,2,8,2,2,4,4,0,0,0,0,2,2,2,0,0,0,68,0,68,87,136,0,14,103,34,0,0,0,0,34,0
7,1,0,0.0,0,2,3600,0e0,0e0,1.4302825863978796e-3,4.2212371045025066e-4,6.284031309405691e-3,6.7393723875284195e-3,1.1918830423383042e-3,4.23347188916523e-3,3.128655034743133e-4,0e0,0e0,0e0,0e0,1.3695940579054877e-3,2.50904361018911e-3,4.927075997329666e-5,0e0,0,0,4,2,8,2,2,4,4,0,0,0,0,2,2,2,0,0,0,68,0,68,87,136,0,14,103,34,0,0,0,0,34,0
7,1,0,0.0,1,0,120,0e0,0e0,1.5517044739681296e-3,7.498013292206451e-4,6.485499497784986e-3,7.04522046726197e-3,1.0371270182076842e-3,3.37510064127855e-3,2.673734270501882e-4,0e0,0e0,0e0,0e0,1.3710210187127814e-3,2.929464215412736e-3,2.6070695184898796e-5,0e0,0,0,4,2,8,2,2,4,4,0,0,0,0,2,2,2,0,0,0,68,0,68,87,136,0,14,103,34,0,0,0,0,34,0
7,1,0,0.0,1,0,240,0e0,0e0,1.4442207962019893e-3,4.576568244374357e-4,6.304710681888537e-3,6.777712143957615e-3,1.171343814348802e-3,4.114450799534097e-3,3.048150911126868e-4,0e0,0e0,0e0,0e0,1.3677683455171064e-3,2.5612898753024638e-3,4.3046129121648846e-5,0e0,0,0,4,2,8,2,2,4,4,0,0,0,0,2,2,2,0,0,0,68,0,68,87,136,0,14,103,34,0,0,0,0,34,0
7,1,0,0.0,1,0,360,0e0,0e0,1.4309905161553615e-3,4.2394712363602594e-4,6.28509323905746e-3,6.741405231878161e-3,1.1907778243767098e-3,4.227121316944249e-3,3.1242441582435276e-4,0e0,0e0,0e0,0e0,1.3694721419597045e-3,2.5117775658145547e-3,4.891751018476498e-5,0e0,0,0,4,2,8,2,2,4,4,0,0,0,0,2,2,2,0,0,0,68,0,68,87,136,0,14,103,34,0,0,0,0,34,0
7,1,0,0.0,1,0,480,0e0,0e0,3.9731272954668384e-4,1.7242712601728272e-4,5.068374622396732e-4,1.9499595509842038e-4,4.116557684028521e-4,2.689387457621706e-3,8.680136343173217e-4,0e0,0e0,0e0,0e0,1.217093282548376e-4,1.3323558669071645e-3,2.477706652825873e-5,0e0,0,0,4,2,8,2,2,4,4,0,0,0,0,2,2,2,0,0,0,68,0,68,71,136,0,13,114,40,0,0,0,0,34,0
7,1,0,0.0,1,0,600,0e0,0e0,2.0736007799726508e-8,3.599957043576296e-8,9.709355790477048e-7,5.329998931102864e-8,3.0381440474513965e-8,1.4169225792670659e-8,2.5725017938071915e-7,0e0,0e0,0e0,0e0,1.0883791645710517e-7,1.8000424262254455e-8,2.3536355087117045e-8,0e0,0,0,4,2,8,2,2,4,4,0,0,0,0,2,2,2,0,0,0,68,0,63,76,124,0,21,106,52,0,0,0,0,34,0
7,1,0,0.0,1,0,720,0e0,0e0,2.8141260433045545e-9,1.6912837796922986e-9,9.52858125735645e-9,3.1491795837723657e-9,1.2916325786704874e-9,7.646843158681804e-10,1.7224310866481574e-9,0e0,0e0,0e0,0e0,1.83236625872496e-9,3.1629845409497648e-9,6.820286557740474e-10,0e0,0,0,4,2,8,2,2,4,4,0,0,0,0,2,2,2,0,0,0,68,0,63,76,124,0,21,106,52,0,0,0,0,34,0
7,1,0,0.0,1,0,840,0e0,0e0,7.144098645994745e-10,4.609264081523179e-10,2.830799372688375e-9,7.916334254787216e-10,3.190097075389531e-10,2.523936615261846e-10,3.269970960673163e-10,0e0,0e0,0e0,0e0,5.168310224235029e-10,1.0660379246019147e-9,1.5364065575340646e-10,0e0,0,0,4,2,8,2,2,4,4,0,0,0,0,2,2,2,0,0,0,68,0,63,76,124,0,21,106,52,0,0,0,0,34,0
7,1,0,0.0,1,0,960,0e0,0e0,1.4975509721182334e-10,9.858114324856615e-11,6.194142976312378e-10,1.9187851307833625e-10,6.273470631867895e-11,7.413181180027095e-11,7.66080532343949e-11,0e0,0e0,0e0,0e0,1.2241585523042886e-10,4.128395403313334e-10,4.283862153897644e-11,0e0,0,0,4,2,8,2,2,4,4,0,0,0,0,2,2,2,0,0,0,68,0,63,76,124,0,21,106,52,0,0,0,0,34,0
7,1,0,0.0,1,0,1080,0e0,0e0,2.6044055800866772e-11,1.481925693269659e-11,1.1766809748792184e-10,5.4303228580465657e-11,9.99733629214461e-12,2.972377899368439e-11,1.191757803553628e-11,0e0,0e0,0e0,0e0,2.722799763432704e-11,2.2438584323936084e-10,1.4274803561420413e-11,0e0,0,0,4,2,8,2,2,4,4,0,0,0,0,2,2,2,0,0,0,68,0,63,76,124,0,21,106,52,0,0,0,0,34,0
7,1,0,0.0,1,0,1200,0e0,0e0,4.9402704149770216e-12,1.2172485241990216e-12,2.378652830259398e-11,2.809130705827556e-11,1.3535839116229909e-12,2.2464696769475268e-11,1.7887913372760522e-12,0e0,0e0,0e0,0e0,1.2427392448444152e-11,1.7059775814232125e-10,5.446310069601168e-12,0e0,0,0,4,2,8,2,2,4,4,0,0,0,0,2,2,2,0,0,0,68,0,63,76,124,0,21,106,52,0,0,0,0,34,0
7,1,0,0.0,1,1,1320,0e0,0e0,1.0021687701922133e-8,7.64602514635726e-9,2.554814377830894e-7,3.790921088153709e-8,6.368331639805547e-9,9.838339920520411e-9,9.463201156023615e-8,0e0,0e0,0e0,0e0,5.620521736915407e-8,3.1824569646232703e-9,3.60594043513629e-9,0e0,0,0,4,2,8,2,2,4,4,0,0,0,0,2,2,2,0,0,0,68,0,63,76,124,0,21,106,52,0,0,0,0,34,0
7,1,0,0.0,1,1,1440,0e0,0e0,6.300044930185322e-10,6.210876257739528e-10,6.944023134280997e-11,3.9251268901807634e-11,3.7760017335131124e-11,2.5791813129671937e-11,3.782751889502833e-12,0e0,0e0,0e0,0e0,3.786926328075424e-11,1.518074554951454e-10,8.268585816040286e-11,0e0,0,0,4,2,8,2,2,4,4,0,0,0,0,2,2,2,0,0,0,68,0,63,76,124,0,21,106,52,0,0,0,0,34,0
7,1,0,0.0,1,1,1560,0e0,0e0,2.379734187485383e-10,2.5332647091147464e-10,4.206057724331913e-11,2.6440183376053028e-11,2.517097641430155e-11,1.3344880755994382e-11,8.212985846967058e-12,0e0,0e0,0e0,0e0,8.459899447643693e-12,1.3210765814619663e-10,1.8982149185831076e-11,0e0,0,0,4,2,8,2,2,4,4,0,0,0,0,2,2,2,0,0,0,68,0,63,76,124,0,21,106,52,0,0,0,0,34,0
7,1,0,0.0,1,1,1680,0e0,0e0,9.675837908673657e-11,1.0367351421791682e-10,3.3716140990236454e-11,2.3498536450006213e-11,1.4564349726242654e-11,1.3286260980294173e-11,6.4002136923591024e-12,0e0,0e0,0e0,0e0,5.695888205536903e-12,1.312692177179997e-10,6.352252057695296e-12,0e0,0,0,4,2,8,2,2,4,4,0,0,0,0,2,2,2,0,0,0,68,0,63,76,124,0,21,106,52,0,0,0,0,34,0
7,1,0,0.0,1,1,1800,0e0,0e0,7.383100797397901e-10,4.704239220387763e-10,1.770337760831353e-7,4.542514808747455e-9,5.150484483351647e-10,3.008695514949977e-10,2.8343944968867163e-8,0e0,0e0,0e0,0e0,1.2610503752341629e-8,2.6506441486162657e-10,1.1114309472759487e-10,0e0,0,0,4,2,8,2,2,4,4,0,0,0,0,2,2,2,0,0,0,68,0,64,76,124,0,20,106,52,0,0,0,0,34,0
7,1,0,0.0,1,1,1920,0e0,0e0,3.0897961966758203e-9,2.3795101444790134e-9,5.874254194182527e-7,1.5486925519780925e-8,1.5260264163430293e-9,1.8108110566572577e-9,1.0690427032500338e-7,0e0,0e0,0e0,0e0,4.035335621210834e-8,1.6622045961867116e-9,2.2527757437273976e-10,0e0,0,0,4,2,8,2,2,4,4,0,0,0,0,2,2,2,0,0,0,68,0,64,76,124,0,20,106,52,0,0,0,0,34,0
7,1,0,0.0,1,1,2040,0e0,0e0,4.0746961360582645e-11,3.899325307088475e-12,1.4019074789928254e-9,5.03357355796652e-11,6.94910795573378e-12,2.6482815940198634e-11,3.1961011615067036e-10,0e0,0e0,0e0,0e0,1.7579271371914729e-10,1.5023715604911558e-10,6.0538241086760536e-12,0e0,0,0,4,2,8,2,2,4,4,0,0,0,0,2,2,2,0,0,0,68,0,63,76,124,0,21,106,52,0,0,0,0,34,0
7,1,0,0.0,1,1,2160,0e0,0e0,6.298982047070467e-8,1.2871773691358612e-7,4.061936005328448e-7,7.955670699999473e-8,2.335054105628842e-8,1.0790498361501477e-7,8.217501434870655e-8,0e0,0e0,0e0,0e0,4.778710760433569e-8,1.5164651756549574e-9,7.142566715856447e-8,0e0,0,0,4,2,8,2,2,4,4,0,0,0,0,2,2,2,0,0,0,68,0,63,76,124,0,21,106,52,0,0,0,0,34,0
7,1,0,0.0,1,1,2280,0e0,0e0,2.567146495380257e-11,2.0318857707479765e-11,1.0546896689334062e-11,7.110045885383443e-11,3.765876499528531e-12,6.371969618612638e-11,1.1072032179981761e-11,0e0,0e0,0e0,0e0,4.532996200623529e-11,2.0184387494737166e-10,3.794298208958935e-12,0e0,0,0,4,2,8,2,2,4,4,0,0,0,0,2,2,2,0,0,0,68,0,63,76,124,0,21,106,52,0,0,0,0,34,0
7,1,0,0.0,1,1,2400,0e0,0e0,1.871480748150134e-11,1.248112724283601e-11,8.482547997346046e-12,4.580158474709606e-11,2.5792701308091637e-12,4.488054372586703e-11,8.949285756898462e-12,0e0,0e0,0e0,0e0,2.9251268074403924e-11,1.8543389046499215e-10,2.632560835991171e-12,0e0,0,0,4,2,8,2,2,4,4,0,0,0,0,2,2,2,0,0,0,68,0,63,76,124,0,21,106,52,0,0,0,0,34,0
7,1,0,0.0,1,2,2520,0e0,0e0,1.2334355758980564e-11,6.9262373614265016e-12,8.592682121388862e-12,3.426237071835203e-11,1.510791491909913e-12,3.2668090454990306e-11,6.6773253593055415e-12,0e0,0e0,0e0,0e0,1.8190782213878265e-11,1.736815136155201e-10,2.2239987629291136e-12,0e0,0,0,4,2,8,2,2,4,4,0,0,0,0,2,2,2,0,0,0,68,0,63,76,124,0,21,106,52,0,0,0,0,34,0
7,1,0,0.0,1,2,2640,0e0,0e0,4.6908581907700864e-7,2.040015054660671e-7,5.1283911233213075e-6,2.73730258015803e-7,1.7209317348942932e-7,1.2647146796496145e-7,1.243210281387519e-6,0e0,0e0,0e0,0e0,4.2800077793003766e-7,3.2441867858779005e-8,4.812729770264923e-9,0e0,0,0,4,2,8,2,2,4,4,0,0,0,0,2,2,2,0,0,0,68,0,65,76,124,0,19,106,52,0,0,0,0,34,0
7,1,0,0.0,1,2,2760,0e0,0e0,3.3154923251288437e-10,6.411582376131264e-11,5.132188007905825e-10,2.688524958216476e-10,2.5978330597808963e-11,8.58477733345353e-11,2.9247271271515274e-10,0e0,0e0,0e0,0e0,1.1188294735120508e-10,2.2705037849846121e-10,1.9130652617604937e-10,0e0,0,0,4,2,8,2,2,4,4,0,0,0,0,2,2,2,0,0,0,68,0,63,76,124,0,21,106,52,0,0,0,0,34,0
7,1,0,0.0,1,2,2880,0e0,0e0,1.872786814516303e-9,5.725662166611301e-10,1.453725895217417e-8,8.087406300205657e-10,5.449196649465193e-10,3.951834415261146e-10,6.620797243783727e-9,0e0,0e0,0e0,0e0,1.7707053601156986e-9,4.711893097919528e-10,6.94981849846954e-11,0e0,0,0,4,2,8,2,2,4,4,0,0,0,0,2,2,2,0,0,0,68,0,63,76,124,0,21,106,52,0,0,0,0,34,0
7,1,0,0.0,1,2,3000,0e0,0e0,3.81048526065797e-10,9.794831612452981e-11,1.4649708113267934e-9,7.611067331936283e-11,5.17808018685173e-11,5.2873261324748455e-11,4.922933172224475e-10,0e0,0e0,0e0,0e0,1.3040413193721179e-10,1.2895284839942178e-10,9.315215265814913e-12,0e0,0,0,4,2,8,2,2,4,4,0,0,0,0,2,2,2,0,0,0,68,0,63,76,124,0,21,106,52,0,0,0,0,34,0
7,1,0,0.0,1,2,3120,0e0,0e0,2.0903353936674307e-8,9.502689302109957e-9,2.25846363122173e-6,2.1397433158654167e-8,4.3867220966831155e-10,9.252238086787656e-9,1.4143947524303258e-6,0e0,0e0,0e0,0e0,1.4383128643657983e-7,1.11633760013774e-8,2.814666189010495e-8,0e0,0,0,4,2,8,2,2,4,4,0,0,0,0,2,2,2,0,0,0,68,0,63,76,124,0,21,106,52,0,0,0,0,34,0
7,1,0,0.0,1,2,3240,0e0,0e0,3.887468125185478e-11,2.9205526885789368e-12,5.814191350594911e-10,2.4149215960278525e-10,6.069278413178836e-11,2.503393048414182e-10,8.174527721394043e-11,0e0,0e0,0e0,0e0,7.741007834738411e-11,1.2293099871385493e-10,1.1805312283286185e-10,0e0,0,0,4,2,8,2,2,4,4,0,0,0,0,2,2,2,0,0,0,68,0,63,76,124,0,21,106,52,0,0,0,0,34,0
7,1,0,0.0,1,2,3360,0e0,0e0,8.629709753904535e-6,2.9424882086459547e-6,7.439644514306565e-5,4.754655833494326e-6,1.993444357140106e-6,2.337974038368884e-6,2.766266311482468e-5,0e0,0e0,0e0,0e0,1.8515307374400436e-5,1.4088402053857862e-6,2.1415809570157762e-7,0e0,0,0,4,2,8,2,2,4,4,0,0,0,0,2,2,2,0,0,0,68,0,68,76,124,0,14,108,52,0,0,0,0,34,0
7,1,0,0.0,1,2,3480,0e0,0e0,1.2730329856935896e-7,8.001508122745804e-9,1.093472106195037e-7,5.694007398915346e-8,5.992378504515727e-8,5.937808653655452e-7,1.8863095974097632e-7,0e0,0e0,0e0,0e0,5.0350462466042245e-8,5.103231615066761e-9,3.637472545392484e-8,0e0,0,0,4,2,8,2,2,4,4,0,0,0,0,2,2,2,0,0,0,68,0,64,76,124,0,20,106,52,0,0,0,0,34,0
7,1,0,0.0,1,2,3600,0e0,0e0,1.019103912369701e-9,2.485880390423745e-10,2.2897510554287237e-9,7.945084590232909e-10,1.5277112908052004e-10,7.400320356509837e-10,2.1094681557087824e-10,0e0,0e0,0e0,0e0,2.822639899591195e-10,6.795843887630326e-10,1.4512835377900046e-9,0e0,0,0,4,2,8,2,2,4,4,0,0,0,0,2,2,2,0,0,0,68,0,63,76,124,0,21,106,52,0,0,0,0,34,0
7,1,0,0.3,0,0,120,0e0,0e0,2.450115862302482e-3,1.609570812433958e-3,1.4402312153833918e-2,8.321103930938989e-3,2.0498465455602854e-3,3.6078873235965148e-3,1.2051218800479546e-3,0e0,0e0,0e0,0e0,5.240619357209653e-3,6.165312021039426e-3,4.516771645285189e-3,0e0,0,0,4,2,8,2,2,4,4,0,0,0,0,2,2,2,0,0,0,68,0,68,92,122,0,50,62,48,0,0,0,6,28,0
7,1,0,0.3,0,0,240,0e0,0e0,2.06624114071019e-3,9.991283950512297e-4,1.3858501477443497e-2,8.015381579753011e-3,2.2892530832905322e-3,4.440698845428415e-3,1.6361407178919762e-3,0e0,0e0,0e0,0e0,4.701889120042324e-3,5.860293982550502e-3,5.137818981893361e-3,0e0,0,0,4,2,8,2,2,4,4,0,0,0,0,2,2,2,0,0,0,68,0,68,92,122,0,54,58,48,0,0,0,7,27,0
7,1,0,0.3,0,0,360,0e0,0e0,2.0134867081651464e-3,9.23421153856907e-4,1.379398145218147e-2,7.97625188715756e-3,2.3229882935993373e-3,4.573736514430493e-3,1.7119212207035162e-3,0e0,0e0,0e0,0e0,4.627204150892794e-3,5.8138855383731425e-3,5.237478035269305e-3,0e0,0,0,4,2,8,2,2,4,4,0,0,0,0,2,2,2,0,0,0,68,0,68,92,122,0,54,58,48,0,0,0,7,27,0
7,1,0,0.3,0,0,480,0e0,0e0,2.0103503484278917e-3,9.189953707391396e-4,1.3790273767881445e-2,7.973929750733078e-3,2.3250265512615442e-3,4.581826680805534e-3,1.7165899480460212e-3,0e0,0e0,0e0,0e0,4.622734966687858e-3,5.81111095380038e-3,5.243587656877935e-3,0e0,0,0,4,2,8,2,2,4,4,0,0,0,0,2,2,2,0,0,0,68,0,68,92,122,0,54,58,48,0,0,0,7,27,0
7,1,0,0.3,0,0,600,0e0,0e0,2.010286465520039e-3,9.188976109726354e-4,1.3790193472232204e-2,7.97388143837452e-3,2.325062931049615e-3,4.582006571581587e-3,1.7166884208563715e-3,0e0,0e0,0e0,0e0,4.622638545697555e-3,5.811049195472151e-3,5.24370523635298e-3,0e0,0,0,4,2,8,2,2,4,4,0,0,0,0,2,2,2,0,0,0,68,0,68,92,122,0,54,58,48,0,0,0,7,27,0
7,1,0,0.3,0,0,720,0e0,0e0,2.0102822745684534e-3,9.188980548060499e-4,1.3790188218990806e-2,7.97388143837452e-3,2.325062931049615e-3,4.582005407428369e-3,1.716690807370469e-3,0e0,0e0,0e0,0e0,4.622640408342704e-3,5.811049195472151e-3,5.243710824288428e-3,0e0,0,0,4,2,8,2,2,4,4,0,0,0,0,2,2,2,0,0,0,68,0,68,92,122,0,54,58,48,0,0,0,7,27,0
7,1,0,0.3,0,0,840,0e0,0e0,2.010277850786224e-3,9.18891943001654e-4,1.3790188218990806e-2,7.973889238201082e-3,2.325062931049615e-3,4.582005407428369e-3,1.7166930992971174e-3,0e0,0e0,0e0,0e0,4.622644133633003e-3,5.811049195472151e-3,5.243710824288428e-3,0e0,0,0,4,2,8,2,2,4,4,0,0,0,0,2,2,2,0,0,0,68,0,68,92,122,0,54,58,48,0,0,0,7,27,0
7,1,0,0.3,0,0,960,0e0,0e0,2.010286465520039e-3,9.18891943001654e-4,1.379018826992251e-2,7.97388143837452e-3,2.325062931049615e-3,4.582006571581587e-3,1.7166893812827766e-3,0e0,0e0,0e0,0e0,4.622640408342704e-3,5.811049195472151e-3,5.24370523635298e-3,0e0,0,0,4,2,8,2,2,4,4,0,0,0,0,2,2,2,0,0,0,68,0,68,92,122,0,54,58,48,0,0,0,7,27,0
7,1,0,0.3,0,0,1080,0e0,0e0,2.0102822745684534e-3,9.18891943001654e-4,1.3790188335406128e-2,7.973893254529685e-3,2.325062931049615e-3,4.582001914968714e-3,1.7166923498734832e-3,0e0,0e0,0e0,0e0,4.622644133633003e-3,5.811049195472151e-3,5.243710824288428e-3,0e0,0,0,4,2,8,2,2,4,4,0,0,0,0,2,2,2,0,0,0,68,0,68,92,122,0,54,58,48,0,0,0,7,27,0
7,1,0,0.3,0,0,1200,0e0,0e0,2.0102890848647803e-3,9.188980548060499e-4,1.3790191944281105e-2,7.97387445345521e-3,2.325062931049615e-3,4.5820067171007395e-3,1.7166884208563715e-3,0e0,0e0,0e0,0e0,4.622640408342704e-3,5.811049195472151e-3,5.24370523635298e-3,0e0,0,0,4,2,8,2,2,4,4,0,0,0,0,2,2,2,0,0,0,68,0,68,92,122,0,54,58,48,0,0,0,7,27,0
7,1,0,0.3,0,1,1320,0e0,0e0,2.0102801790926605e-3,9.18891943001654e-4,1.3790194869216066e-2,7.973889238201082e-3,2.325062931049615e-3,4.582001914968714e-3,1.716691767796874e-3,0e0,0e0,0e0,0e0,4.622638545697555e-3,5.811049195472151e-3,5.24370523635298e-3,0e0,0,0,4,2,8,2,2,4,4,0,0,0,0,2,2,2,0,0,0,68,0,68,92,122,0,54,58,48,0,0,0,7,27,0
7,1,0,0.3,0,1,1440,0e0,0e0,2.0102820417378098e-3,9.188949698000215e-4,1.379019159503514e-2,7.97388143837452e-3,2.325062931049615e-3,4.582005407428369e-3,1.7166890029329807e-3,0e0,0e0,0e0,0e0,4.622640408342704e-3,5.811049195472151e-3,5.243710824288428e-3,0e0,0,0,4,2,8,2,2,4,4,0,0,0,0,2,2,2,0,0,0,68,0,68,92,122,0,54,58,48,0,0,0,7,27,0
7,1,0,0.3,0,1,1560,0e0,0e0,2.010287716984749e-3,9.189001430058852e-4,1.3790184013487305e-2,7.97387445345521e-3,2.3250645608641207e-3,4.582005407428369e-3,1.716686318104621e-3,0e0,0e0,0e0,0e0,4.622640408342704e-3,5.811049195472151e-3,5.2437164122238755e-3,0e0,0,0,4,2,8,2,2,4,4,0,0,0,0,2,2,2,0,0,0,68,0,68,92,122,0,54,58,48,0,0,0,7,27,0
7,1,0,0.3,0,1,1680,0e0,0e0,2.0102801790926605e-3,9.18891943001654e-4,1.3790198128845077e-2,7.973884406965226e-3,2.325062931049615e-3,4.582005407428369e-3,1.716690807370469e-3,0e0,0e0,0e0,0e0,4.622640408342704e-3,5.811049195472151e-3,5.24370523635298e-3,0e0,0,0,4,2,8,2,2,4,4,0,0,0,0,2,2,2,0,0,0,68,0,68,92,122,0,54,58,48,0,0,0,7,27,0
7,1,0,0.3,0,1,1800,0e0,0e0,2.010286465520039e-3,9.18891943001654e-4,1.3790187986160163e-2,7.97388143837452e-3,2.325062931049615e-3,4.582005552947521e-3,1.716691767796874e-3,0e0,0e0,0e0,0e0,4.622640408342704e-3,5.811049195472151e-3,5.24370523635298e-3,0e0,0,0,4,2,8,2,2,4,4,0,0,0,0,2,2,2,0,0,0,68,0,68,92,122,0,54,58,48,0,0,0,7,27,0
7,1,0,0.3,0,1,1920,0e0,0e0,2.0102850976400077e-3,9.188971162075177e-4,1.3790187287668232e-2,7.973881904035807e-3,2.325062931049615e-3,4.582009831210598e-3,1.716689752356615e-3,0e0,0e0,0e0,0e0,4.622644133633003e-3,5.811049195472151e-3,5.2437164122238755e-3,0e0,0,0,4,2,8,2,2,4,4,0,0,0,0,2,2,2,0,0,0,68,0,68,92,122,0,54,58,48,0,0,0,7,27,0
7,1,0,0.3,0,1,2040,0e0,0e0,2.010286392760463e-3,9.189034826704301e-4,1.3790166201943066e-2,7.973891450092196e-3,2.3250645608641207e-3,4.582008812576532e-3,1.7166864927276038e-3,0e0,0e0,0e0,0e0,4.622647858923301e-3,5.811057577375323e-3,5.2437164122238755e-3,0e0,0,0,4,2,8,2,2,4,4,0,0,0,0,2,2,2,0,0,0,68,0,68,92,122,0,54,58,48,0,0,0,7,27,0
7,1,0,0.3,0,1,2160,0e0,0e0,2.010295029322151e-3,9.189022312057205e-4,1.379012364668597e-2,7.973871193826199e-3,2.325069217476994e-3,4.582014546031132e-3,1.7166852412628941e-3,0e0,0e0,0e0,0e0,4.6226502454373986e-3,5.811069160699844e-3,5.2437164122238755e-3,0e0,0,0,4,2,8,2,2,4,4,0,0,0,0,2,2,2,0,0,0,68,0,68,92,122,0,54,58,48,0,0,0,7,27,0
7,1,0,0.3,0,1,2280,0e0,0e0,2.010289375903085e-3,9.188980548060499e-4,1.3790192773740273e-2,7.97387445345521e-3,2.325062931049615e-3,4.582001914968714e-3,1.7166878387797624e-3,0e0,0e0,0e0,0e0,4.622640408342704e-3,5.811049195472151e-3,5.24370523635298e-3,0e0,0,0,4,2,8,2,2,4,4,0,0,0,0,2,2,2,0,0,0,68,0,68,92,122,0,54,58,48,0,0,0,7,27,0
7,1,0,0.3,0,1,2400,0e0,0e0,2.010269345191773e-3,9.18889265449252e-4,1.3790216005872935e-2,7.973902742378414e-3,2.3250559461303055e-3,4.582001914968714e-3,1.7166943289339542e-3,0e0,0e0,0e0,0e0,4.622638545697555e-3,5.8110408135689795e-3,5.243710824288428e-3,0e0,0,0,4,2,8,2,2,4,4,0,0,0,0,2,2,2,0,0,0,68,0,68,92,122,0,54,58,48,0,0,0,7,27,0
7,1,0,0.3,0,2,2520,0e0,0e0,2.0102732814848423e-3,9.188896146952175e-4,1.3790216311463155e-2,7.973884406965226e-3,2.325062931049615e-3,4.582001914968714e-3,1.7166906327474862e-3,0e0,0e0,0e0,0e0,4.622638545697555e-3,5.811024515423924e-3,5.24370523635298e-3,0e0,0,0,4,2,8,2,2,4,4,0,0,0,0,2,2,2,0,0,0,68,0,68,92,122,0,54,58,48,0,0,0,7,27,0
7,1,0,0.3,0,2,2640,0e0,0e0,2.0102795169805177e-3,9.188912736135535e-4,1.37902668921015e-2,7.973890635184944e-3,2.3250461381394416e-3,4.581986184348352e-3,1.7166935722343624e-3,0e0,0e0,0e0,0e0,4.62262996006757e-3,5.811024515423924e-3,5.24370523635298e-3,0e0,0,0,4,2,8,2,2,4,4,0,0,0,0,2,2,2,0,0,0,68,0,68,92,122,0,54,58,48,0,0,0,7,27,0
7,1,0,0.3,0,2,2760,0e0,0e0,2.0102648268220946e-3,9.188835610984825e-4,1.3790263752525789e-2,7.97390757361427e-3,2.325045206816867e-3,4.5819866500096396e-3,1.7166960169561207e-3,0e0,0e0,0e0,0e0,4.622631298843771e-3,5.811024515423924e-3,5.24370523635298e-3,0e0,0,0,4,2,8,2,2,4,4,0,0,0,0,2,2,2,0,0,0,68,0,68,92,122,0,54,58,48,0,0,0,7,27,0
7,1,0,0.3,0,2,2880,0e0,0e0,2.0100066176382825e-3,9.187667383230291e-4,1.3790959401376313e-2,7.97433068510145e-3,2.3247640347108245e-3,4.581635381327942e-3,1.716864040645305e-3,0e0,0e0,0e0,0e0,4.622565116733313e-3,5.810845934320241e-3,5.243724794127047e-3,0e0,0,0,4,2,8,2,2,4,4,0,0,0,0,2,2,2,0,0,0,68,0,68,92,122,0,54,58,48,0,0,0,7,27,0
7,1,0,0.3,0,2,3000,0e0,0e0,2.010286618315149e-3,9.18901881959755e-4,1.3790163095109165e-2,7.97388789942488e-3,2.3250645608641207e-3,4.58200802677311e-3,1.7166814286611043e-3,0e0,0e0,0e0,0e0,4.6226502454373986e-3,5.8110784739255905e-3,5.2437164122238755e-3,0e0,0,0,4,2,8,2,2,4,4,0,0,0,0,2,2,2,0,0,0,68,0,68,92,122,0,54,58,48,0,0,0,7,27,0
7,1,0,0.3,0,2,3120,0e0,0e0,2.010273208725266e-3,9.188896146952175e-4,1.3790215118206106e-2,7.973890926223248e-3,2.3250638623721898e-3,4.581992645398714e-3,1.7166887555504218e-3,0e0,0e0,0e0,0e0,4.622633685357869e-3,5.8110408135689795e-3,5.243686639005318e-3,0e0,0,0,4,2,8,2,2,4,4,0,0,0,0,2,2,2,0,0,0,68,0,68,92,122,0,54,58,48,0,0,0,7,27,0
7,1,0,0.3,0,2,3240,0e0,0e0,2.0102953640162013e-3,9.189067641273141e-4,1.3790146769679268e-2,7.973843952640891e-3,2.325086941709742e-3,4.582019115332514e-3,1.7166820107377134e-3,0e0,0e0,0e0,0e0,4.622634209226817e-3,5.811069160699844e-3,5.24370523635298e-3,0e0,0,0,4,2,8,2,2,4,4,0,0,0,0,2,2,2,0,0,0,68,0,68,92,122,0,54,58,48,0,0,0,7,27,0
7,1,0,0.3,0,2,3360,0e0,0e0,2.0102955895708874e-3,9.189034826704301e-4,1.3790158722258639e-2,7.973864441737533e-3,2.3250680533237755e-3,4.582014546031132e-3,1.7166806210298091e-3,0e0,0e0,0e0,0e0,4.622642794856802e-3,5.811057577375323e-3,5.24370523635298e-3,0e0,0,0,4,2,8,2,2,4,4,0,0,0,0,2,2,2,0,0,0,68,0,68,92,122,0,54,58,48,0,0,0,7,27,0
7,1,0,0.3,0,2,3480,0e0,0e0,2.0189144343021326e-3,9.230259456671774e-4,1.375500844187627e-2,7.960593095049262e-3,2.3362987558357418e-3,4.595678823534399e-3,1.710349679342471e-3,0e0,0e0,0e0,0e0,4.627776390407234e-3,5.8227008557878435e-3,5.244262400083244e-3,0e0,0,0,4,2,8,2,2,4,4,0,0,0,0,2,2,2,0,0,0,68,0,68,92,122,0,54,58,48,0,0,0,7,27,0
7,1,0,0.3,0,2,3600,0e0,0e0,2.010318341490347e-3,9.189189877361059e-4,1.3790117905955412e-2,7.973809610120952e-3,2.325103501789272e-3,4.582074252539314e-3,1.7166727557196282e-3,0e0,0e0,0e0,0e0,4.622621112503111e-3,5.8110751560889184e-3,5.243681051069871e-3,0e0,0,0,4,2,8,2,2,4,4,0,0,0,0,2,2,2,0,0,0,68,0,68,92,122,0,54,58,48,0,0,0,7,27,0
7,1,0,0.3,1,0,120,0e0,0e0,2.450115862302482e-3,1.609570812433958e-3,1.4402312153833918e-2,8.321103930938989e-3,2.0498465455602854e-3,3.6078873235965148e-3,1.2051218800479546e-3,0e0,0e0,0e0,0e0,5.240619357209653e-3,6.165312021039426e-3,4.516771645285189e-3,0e0,0,0,4,2,8,2,2,4,4,0,0,0,0,2,2,2,0,0,0,68,0,68,92,122,0,50,62,48,0,0,0,6,28,0
7,1,0,0.3,1,0,240,0e0,0e0,2.06624114071019e-3,9.991283950512297e-4,1.3858501477443497e-2,8.015381579753011e-3,2.2892530832905322e-3,4.440698845428415e-3,1.6361407178919762e-3,0e0,0e0,0e0,0e0,4.701889120042324e-3,5.860293982550502e-3,5.137818981893361e-3,0e0,0,0,4,2,8,2,2,4,4,0,0,0,0,2,2,2,0,0,0,68,0,68,92,122,0,54,58,48,0,0,0,7,27,0
7,1,0,0.3,1,0,360,0e0,0e0,2.0134867081651464e-3,9.23421153856907e-4,1.379398145218147e-2,7.97625188715756e-3,2.3229882935993373e-3,4.573736514430493e-3,1.7119212207035162e-3,0e0,0e0,0e0,0e0,4.627204150892794e-3,5.8138855383731425e-3,5.237478035269305e-3,0e0,0,0,4,2,8,2,2,4,4,0,0,0,0,2,2,2,0,0,0,68,0,68,92,122,0,54,58,48,0,0,0,7,27,0
7,1,0,0.3,1,0,480,0e0,0e0,5.685393261956051e-4,1.0702833824325353e-3,9.589709839019633e-4,1.2844615848734975e-3,8.198345603886992e-4,1.9882940396200866e-3,3.799527548835613e-4,0e0,0e0,0e0,0e0,5.398854154918808e-4,2.770390303339809e-3,4.192071210127324e-3,0e0,0,0,4,2,8,2,2,4,4,0,0,0,0,2,2,2,0,0,0,68,0,62,72,136,0,28,96,48,0,0,0,5,29,0
7,1,0,0.3,1,0,600,0e0,0e0,2.7703193882189225e-4,8.109821828838903e-5,5.308253819293896e-4,9.004085441119969e-4,1.3124773977324367e-4,1.763775508152321e-4,4.318030987633392e-4,0e0,0e0,0e0,0e0,2.6354254987381864e-4,5.518717807717621e-4,8.483646706736181e-5,0e0,0,0,4,2,8,2,2,4,4,0,0,0,0,2,2,2,0,0,0,68,0,66,74,124,0,27,92,59,0,0,0,0,34,0
7,1,0,0.3,1,0,720,0e0,0e0,3.293610698165139e-4,3.111130604338541e-5,3.675300154100114e-4,5.04752155393362e-4,1.2229646563355345e-4,1.2147755137448257e-4,3.976742152644874e-5,0e0,0e0,0e0,0e0,3.769844479393214e-4,1.8377298692939803e-4,6.299406777543481e-5,0e0,0,0,4,2,8,2,2,4,4,0,0,0,0,2,2,2,0,0,0,68,0,68,74,124,0,20,98,58,0,0,0,0,34,0
7,1,0,0.3,1,0,840,0e0,0e0,1.1635943519650027e-4,1.8581463109512697e-5,3.178627964643965e-4,5.608591018244624e-4,5.914603480050573e-5,6.738121282978682e-5,1.8433110881233006e-5,0e0,0e0,0e0,0e0,3.901459858752787e-4,1.537918287795037e-4,6.936579575267388e-5,0e0,0,0,4,2,8,2,2,4,4,0,0,0,0,2,2,2,0,0,0,68,0,68,74,125,0,20,98,57,0,0,0,0,34,0
7,1,0,0.3,1,0,960,0e0,0e0,6.57436469282402e-5,2.596740245053297e-7,3.167407849105075e-4,4.357930738478899e-4,1.3507532003131928e-5,3.940342321584467e-5,5.2426320280574146e-5,0e0,0e0,0e0,0e0,2.0805222084163688e-4,1.4621884474763647e-4,8.088994809440919e-5,0e0,0,0,4,2,8,2,2,4,4,0,0,0,0,2,2,2,0,0,0,68,0,68,74,125,0,20,99,56,0,0,0,0,34,0
7,1,0,0.3,1,0,1080,0e0,0e0,2.0387077142913768e-5,9.97399396851506e-7,2.39840363519761e-4,3.287172585260123e-4,9.082629730983172e-6,2.708772922233038e-5,4.9661282673696405e-5,0e0,0e0,0e0,0e0,1.5367290325229988e-4,2.0137119281571358e-4,7.955313049023971e-5,0e0,0,0,4,2,8,2,2,4,4,0,0,0,0,2,2,2,0,0,0,68,0,68,74,124,0,18,101,57,0,0,0,0,34,0
7,1,0,0.3,1,0,1200,0e0,0e0,1.0841780039072546e-5,1.1845596077364462e-6,1.810768526411266e-4,3.293419722467661e-4,8.242428748417296e-6,3.0600109766965033e-5,4.43717369762453e-5,0e0,0e0,0e0,0e0,1.4204608669388108e-4,2.3681559832766652e-4,8.137717668432742e-5,0e0,0,0,4,2,8,2,2,4,4,0,0,0,0,2,2,2,0,0,0,68,0,68,76,124,0,18,99,57,0,0,0,0,34,0
7,1,0,0.3,1,1,1320,0e0,0e0,1.0842260621757305e-5,1.1175076224390068e-6,1.6077659483926254e-4,3.174532830598764e-4,8.195772352337372e-6,2.9072530878693215e-5,4.584782629990514e-5,0e0,0e0,0e0,0e0,1.4420003208215348e-4,2.481181873008609e-4,8.28252359497128e-5,0e0,0,0,4,2,8,2,2,4,4,0,0,0,0,2,2,2,0,0,0,68,0,68,76,124,0,16,101,57,0,0,0,0,34,0
7,1,0,0.3,1,1,1440,0e0,0e0,1.0790493433887605e-5,1.1087434046430644e-6,1.4693230400553148e-4,3.0943583988118917e-4,8.161081268553971e-6,2.7797481379820965e-5,4.6726820301046246e-5,0e0,0e0,0e0,0e0,1.484678650740534e-4,2.538386615924537e-4,8.373436139663681e-5,0e0,0,0,4,2,8,2,2,4,4,0,0,0,0,2,2,2,0,0,0,68,0,68,76,124,0,16,101,57,0,0,0,0,34,0
7,1,0,0.3,1,1,1560,0e0,0e0,1.077804859050957e-5,1.150206827560396e-6,1.3675940499524586e-4,3.035288318642415e-4,8.157040156220319e-6,2.6806197865880677e-5,4.743234148918418e-5,0e0,0e0,0e0,0e0,1.527094209450297e-4,2.57601379416883e-4,8.448570224572904e-5,0e0,0,0,4,2,8,2,2,4,4,0,0,0,0,2,2,2,0,0,0,68,0,68,76,124,0,16,101,57,0,0,0,0,34,0
7,1,0,0.3,1,1,1680,0e0,0e0,1.1569976095415768e-5,1.2485921274674183e-6,1.2794167787433253e-4,3.004927057190798e-4,7.508850103477016e-6,2.6468586611372302e-5,4.7731520908200764e-5,0e0,0e0,0e0,0e0,1.5613011782988906e-4,2.6051473105326295e-4,8.521262498106807e-5,0e0,0,0,4,2,8,2,2,4,4,0,0,0,0,2,2,2,0,0,0,68,0,68,76,124,0,16,101,57,0,0,0,0,34,0
7,1,0,0.3,1,1,1800,0e0,0e0,1.0813003541443322e-5,1.304823967984703e-6,1.2344951574050356e-4,2.957049509859644e-4,8.199487638194114e-6,2.542078982514795e-5,4.868376845479361e-5,0e0,0e0,0e0,0e0,1.5929530491121113e-4,2.6283632905688137e-4,8.585426621721126e-5,0e0,0,0,4,2,8,2,2,4,4,0,0,0,0,2,2,2,0,0,0,68,0,68,76,124,0,16,101,57,0,0,0,0,34,0
7,1,0,0.3,1,1,1920,0e0,0e0,1.050294338256208e-5,1.3584753304485275e-6,1.1879160229000263e-4,2.9269926744746044e-4,8.409057272729115e-6,2.535734392949962e-5,4.897861708741402e-5,0e0,0e0,0e0,0e0,1.6198655794141814e-4,2.6520957180764526e-4,8.650497875350993e-5,0e0,0,0,4,2,8,2,2,4,4,0,0,0,0,2,2,2,0,0,0,68,0,68,76,124,0,16,101,57,0,0,0,0,34,0
7,1,0,0.3,1,1,2040,0e0,0e0,1.1498653066155384e-5,1.476002793765474e-6,1.1656726928777061e-4,2.9126669687684625e-4,8.000188017831533e-6,2.4355669893338927e-5,4.933089576297789e-5,0e0,0e0,0e0,0e0,1.636361048440449e-4,2.653700939845294e-4,8.703736966708675e-5,0e0,0,0,4,2,8,2,2,4,4,0,0,0,0,2,2,2,0,0,0,68,0,68,76,124,0,16,101,57,0,0,0,0,34,0
7,1,0,0.3,1,1,2160,0e0,0e0,1.0907065302490082e-5,1.5321686674951707e-6,1.1457504820100439e-4,2.890992982429452e-4,8.212997954615275e-6,2.412132425888558e-5,4.9723154234015965e-5,0e0,0e0,0e0,0e0,1.6462035273434594e-4,2.6724392228061333e-4,8.765729762671981e-5,0e0,0,0,4,2,8,2,2,4,4,0,0,0,0,2,2,2,0,0,0,68,0,68,76,124,0,16,101,57,0,0,0,0,34,0
7,1,0,0.3,1,1,2280,0e0,0e0,1.0965532965201419e-5,1.593241478303753e-6,1.1320701969452784e-4,2.878289669752121e-4,8.16389911051374e-6,2.377721648372244e-5,4.984280985809164e-5,0e0,0e0,0e0,0e0,1.6555091133341193e-4,2.6801474450621754e-4,8.818286914902274e-5,0e0,0,0,4,2,8,2,2,4,4,0,0,0,0,2,2,2,0,0,0,68,0,68,76,124,0,16,101,57,0,0,0,0,34,0
7,1,0,0.3,1,1,2400,0e0,0e0,1.0849112300093111e-5,1.6414414858445525e-6,1.1224313675484154e-4,2.86537419015076e-4,8.221884399972623e-6,2.3499411099692225e-5,4.995595827494981e-5,0e0,0e0,0e0,0e0,1.663230432313867e-4,2.6872815942624584e-4,8.869977682479657e-5,0e0,0,0,4,2,8,2,2,4,4,0,0,0,0,2,2,2,0,0,0,68,0,68,76,124,0,16,101,57,0,0,0,0,34,0
7,1,0,0.3,1,2,2520,0e0,0e0,1.0654798643372487e-5,1.6690507891325979e-6,1.1136103876197012e-4,2.853896003216505e-4,8.333090136147803e-6,2.3333537001235527e-5,5.0016394880003645e-5,0e0,0e0,0e0,0e0,1.670211713644676e-4,2.6940925454255193e-4,8.918714229366742e-5,0e0,0,0,4,2,8,2,2,4,4,0,0,0,0,2,2,2,0,0,0,68,0,68,76,124,0,16,101,57,0,0,0,0,34,0
7,1,0,0.3,1,2,2640,0e0,0e0,1.0726642813096987e-5,1.7078279483939696e-6,1.1106447459496849e-4,2.847290597856045e-4,8.216652076953324e-6,2.3044689442031085e-5,4.9899938403541455e-5,0e0,0e0,0e0,0e0,1.6737735859351233e-4,2.696764131542295e-4,8.964541120803915e-5,0e0,0,0,4,2,8,2,2,4,4,0,0,0,0,2,2,2,0,0,0,68,0,68,76,124,0,16,101,57,0,0,0,0,34,0
7,1,0,0.3,1,2,2760,0e0,0e0,1.0619060390126833e-5,1.7405445760232396e-6,1.1074308463321358e-4,2.8394482797011733e-4,8.249444363173097e-6,2.2831139403933776e-5,4.988808586858795e-5,0e0,0e0,0e0,0e0,1.6773411334725097e-4,2.70017706498038e-4,9.008718188852072e-5,0e0,0,0,4,2,8,2,2,4,4,0,0,0,0,2,2,2,0,0,0,68,0,68,76,124,0,16,101,57,0,0,0,0,34,0
7,1,0,0.3,1,2,2880,0e0,0e0,1.0689607961467118e-5,1.876585912441442e-6,1.1116950167888717e-4,2.834473125403747e-4,8.199972626243834e-6,2.234264161415922e-5,5.026737380831037e-5,0e0,0e0,0e0,0e0,1.6756953846197575e-4,2.6972074556397274e-4,9.046302420756547e-5,0e0,0,0,4,2,8,2,2,4,4,0,0,0,0,2,2,2,0,0,0,68,0,68,76,124,0,16,101,57,0,0,0,0,34,0
7,1,0,0.3,1,2,3000,0e0,0e0,1.3382969427766511e-5,2.0701729113170586e-6,1.1117777421532082e-4,2.848335134331137e-4,6.95520247973036e-6,2.2362310573953437e-5,4.943354929309862e-5,0e0,0e0,0e0,0e0,1.6777514974819496e-4,2.685161234694533e-4,9.067528299055994e-5,0e0,0,0,4,2,8,2,2,4,4,0,0,0,0,2,2,2,0,0,0,68,0,68,76,124,0,16,101,57,0,0,0,0,34,0
7,1,0,0.3,1,2,3120,0e0,0e0,8.637518362775154e-6,3.9604300354767474e-6,1.1639640126759332e-4,2.7549942024052143e-4,1.2933039442941663e-5,2.1524728708754992e-5,5.948611214989796e-5,0e0,0e0,0e0,0e0,1.6634363419143483e-4,2.6869850989896804e-4,9.10753951757215e-5,0e0,0,0,4,2,8,2,2,4,4,0,0,0,0,2,2,2,0,0,0,68,0,68,76,124,0,16,101,57,0,0,0,0,34,0
7,1,0,0.3,1,2,3240,0e0,0e0,8.999548299470916e-6,2.542040760999953e-6,1.1232107851810724e-4,2.7741515077650547e-4,1.0494947559891443e-5,2.1585413605862414e-5,5.3984358373782015e-5,0e0,0e0,0e0,0e0,1.6823466285131872e-4,2.704326980165206e-4,9.154974759439938e-5,0e0,0,0,4,2,8,2,2,4,4,0,0,0,0,2,2,2,0,0,0,68,0,68,76,124,0,16,101,57,0,0,0,0,34,0
7,1,0,0.3,1,2,3360,0e0,0e0,9.158355737781676e-6,2.3354110680884332e-6,1.1172317476848548e-4,2.7792007313109934e-4,9.91806928141159e-6,2.1580367274509626e-5,5.314073541740072e-5,0e0,0e0,0e0,0e0,1.6836004215292633e-4,2.706330851651728e-4,9.184952614305075e-5,0e0,0,0,4,2,8,2,2,4,4,0,0,0,0,2,2,2,0,0,0,68,0,68,76,124,0,16,101,57,0,0,0,0,34,0
7,1,0,0.3,1,2,3480,0e0,0e0,9.308377002525958e-6,2.1006039645499186e-6,1.0952463458124839e-4,2.804847026709467e-4,9.213083103531972e-6,2.334760267785896e-5,4.829413933293836e-5,0e0,0e0,0e0,0e0,1.6949699056567624e-4,2.7334937476553023e-4,9.253951157006668e-5,0e0,0,0,4,2,8,2,2,4,4,0,0,0,0,2,2,2,0,0,0,68,0,68,76,124,0,16,101,57,0,0,0,0,34,0
7,1,0,0.3,1,2,3600,0e0,0e0,8.699379009158292e-6,2.81792654277524e-6,1.1279687578280573e-4,2.7401914121583104e-4,1.1525067179718462e-5,2.1547456526604947e-5,5.618515865535301e-5,0e0,0e0,0e0,0e0,1.6888773097889498e-4,2.708212559809908e-4,9.234130629920401e-5,0e0,0,0,4,2,8,2,2,4,4,0,0,0,0,2,2,2,0,0,0,68,0,68,76,124,0,16,101,57,0,0,0,0,34,0
7,1,1,0.0,0,0,120,0e0,0e0,1.5517044739681296e-3,7.498013292206451e-4,6.485499497784986e-3,7.04522046726197e-3,1.0371270182076842e-3,3.37510064127855e-3,2.673734270501882e-4,0e0,0e0,0e0,0e0,1.3710210187127814e-3,2.929464215412736e-3,2.6070695184898796e-5,0e0,0,0,4,2,8,2,2,4,4,0,0,0,0,2,2,2,0,0,0,68,0,68,87,136,0,14,103,34,0,0,0,0,34,0
7,1,1,0.0,0,0,240,0e0,0e0,1.4442207962019893e-3,4.576568244374357e-4,6.304710681888537e-3,6.777712143957615e-3,1.171343814348802e-3,4.114450799534097e-3,3.048150911126868e-4,0e0,0e0,0e0,0e0,1.3677683455171064e-3,2.5612898753024638e-3,4.3046129121648846e-5,0e0,0,0,4,2,8,2,2,4,4,0,0,0,0,2,2,2,0,0,0,68,0,68,87,136,0,14,103,34,0,0,0,0,34,0
7,1,1,0.0,0,0,360,0e0,0e0,1.4309905161553615e-3,4.2394712363602594e-4,6.28509323905746e-3,6.741405231878161e-3,1.1907778243767098e-3,4.227121316944249e-3,3.1242441582435276e-4,0e0,0e0,0e0,0e0,1.3694721419597045e-3,2.5117775658145547e-3,4.891751018476498e-5,0e0,0,0,4,2,8,2,2,4,4,0,0,0,0,2,2,2,0,0,0,68,0,68,87,136,0,14,103,34,0,0,0,0,34,0
7,1,1,0.0,0,0,480,0e0,0e0,1.4302767701792618e-3,4.2215632856823504e-4,6.284067468186549e-3,6.7393959616310894e-3,1.191854738863185e-3,4.23338140535634e-3,3.128624703094829e-4,0e0,0e0,0e0,0e0,1.3695709349121898e-3,2.50907673034817e-3,4.9261465846939245e-5,0e0,0,0,4,2,8,2,2,4,4,0,0,0,0,2,2,2,0,0,0,68,0,68,87,136,0,14,103,34,0,0,0,0,34,0
7,1,1,0.0,0,0,600,0e0,0e0,1.4302707320439367e-3,4.221196286380291e-4,6.284055750256812e-3,6.739391013979912e-3,1.191870411275886e-3,4.233496656524949e-3,3.1287085403164383e-4,0e0,0e0,0e0,0e0,1.3695812813239172e-3,2.509028243366629e-3,4.927075997329666e-5,0e0,0,0,4,2,8,2,2,4,4,0,0,0,0,2,2,2,0,0,0,68,0,68,87,136,0,14,103,34,0,0,0,0,34,0
7,1,1,0.0,0,0,720,0e0,0e0,1.430270642913456e-3,4.2211786058032885e-4,6.284063077146129e-3,6.739396136254072e-3,1.191870411275886e-3,4.233487918099854e-3,3.1287085403164383e-4,0e0,0e0,0e0,0e0,1.3695812813239172e-3,2.509022888261825e-3,4.927075997329666e-5,0e0,0,0,4,2,8,2,2,4,4,0,0,0,0,2,2,2,0,0,0,68,0,68,87,136,0,14,103,34,0,0,0,0,34,0
7,1,1,0.0,0,0,840,0e0,0e0,1.4302707320439367e-3,4.2212058178847656e-4,6.284055895775964e-3,6.739391013979912e-3,1.191870411275886e-3,4.233496234519407e-3,3.12870228299289e-4,0e0,0e0,0e0,0e0,1.3695812813239172e-3,2.509028243366629e-3,4.927075997329666e-5,0e0,0,0,4,2,8,2,2,4,4,0,0,0,0,2,2,2,0,0,0,68,0,68,87,136,0,14,103,34,0,0,0,0,34,0
7,1,1,0.0,0,0,960,0e0,0e0,1.4302707320439367e-3,4.221192211844027e-4,6.284058683377225e-3,6.739391013979912e-3,1.191870411275886e-3,4.233496656524949e-3,3.128700827801367e-4,0e0,0e0,0e0,0e0,1.3695812813239172e-3,2.509028243366629e-3,4.927075997329666e-5,0e0,0,0,4,2,8,2,2,4,4,0,0,0,0,2,2,2,0,0,0,68,0,68,87,136,0,14,103,34,0,0,0,0,34,0
7,1,1,0.0,0,0,1080,0e0,0e0,1.4302731744919583e-3,4.2211786058032885e-4,6.284063312705257e-3,6.739396136254072e-3,1.191870411275886e-3,4.233488827594556e-3,3.1287085403164383e-4,0e0,0e0,0e0,0e0,1.3695812813239172e-3,2.5090277777053416e-3,4.927075997329666e-5,0e0,0,0,4,2,8,2,2,4,4,0,0,0,0,2,2,2,0,0,0,68,0,68,87,136,0,14,103,34,0,0,0,0,34,0
7,1,1,0.0,0,0,1200,0e0,0e0,1.430272585594139e-3,4.2211786058032885e-4,6.284058496021316e-3,6.739391013979912e-3,1.191871808259748e-3,4.233496656524949e-3,3.128694424958667e-4,0e0,0e0,0e0,0e0,1.3695812813239172e-3,2.509022888261825e-3,4.927075997329666e-5,0e0,0,0,4,2,8,2,2,4,4,0,0,0,0,2,2,2,0,0,0,68,0,68,87,136,0,14,103,34,0,0,0,0,34,0
7,1,1,0.0,0,1,1320,0e0,0e0,1.6335269756382331e-3,6.775348228984512e-4,0e0,0e0,3.525169217027724e-3,1.744790788507089e-4,8.892109653970692e-4,2.453113062074408e-3,2.070586197078228e-3,3.986811327195028e-3,1.846913837653119e-4,3.4234815029776655e-4,2.4398337118327618e-3,3.5868697705154773e-4,0e0,0,0,2,2,0,0,2,2,4,2,4,4,2,4,2,2,0,0,0,0,0,0,0,124,0,74,92,150,66,28,10,0,0,0
7,1,1,0.0,0,1,1440,0e0,0e0,1.6304022137774155e-3,6.749293679604307e-4,0e0,0e0,3.5259684082120657e-3,1.7351143833366223e-4,8.911308850656496e-4,2.453005756251514e-3,2.071185313980095e-3,3.98825070442399e-3,1.8509793972043553e-4,3.4362996302661486e-4,2.438865602016449e-3,3.600288046072819e-4,0e0,0,0,2,2,0,0,2,2,4,2,4,4,2,4,2,2,0,0,0,0,0,0,0,124,0,74,92,150,66,28,10,0,0,0
7,1,1,0.0,0,1,1560,0e0,0e0,1.6304000018863007e-3,6.749262247467414e-4,0e0,0e0,3.5259684082120657e-3,1.7350986672681756e-4,8.911348431865918e-4,2.453005756251514e-3,2.071186012472026e-3,3.988250031397911e-3,1.8509793972043553e-4,3.436294282437302e-4,2.438852359773591e-3,3.6003075456392253e-4,0e0,0,0,2,2,0,0,2,2,4,2,4,4,2,4,2,2,0,0,0,0,0,0,0,124,0,74,92,150,66,28,10,0,0,0
7,1,1,0.0,0,1,1680,0e0,0e0,1.6304022137774155e-3,6.749262247467414e-4,0e0,0e0,3.525979642290622e-3,1.7350986672681756e-4,8.911372806323925e-4,2.4530017108190805e-3,2.0711857359856367e-3,3.98825189404306e-3,1.8509793972043553e-4,3.436279366724193e-4,2.4388604797422886e-3,3.600327336243936e-4,0e0,0,0,2,2,0,0,2,2,4,2,4,4,2,4,2,2,0,0,0,0,0,0,0,124,0,74,92,150,66,28,10,0,0,0
7,1,1,0.0,0,1,1800,0e0,0e0,1.630394981475547e-3,6.749262247467414e-4,0e0,0e0,3.5259684082120657e-3,1.7350832422380336e-4,8.911348431865918e-4,2.453005756251514e-3,2.071191163850017e-3,3.988254979049088e-3,1.8509718029235955e-4,3.436294282437302e-4,2.4388474703300744e-3,3.6003075456392253e-4,0e0,0,0,2,2,0,0,2,2,4,2,4,4,2,4,2,2,0,0,0,0,0,0,0,124,0,74,92,150,66,28,10,0,0,0
7,1,1,0.0,0,1,1920,0e0,0e0,1.6304022137774155e-3,6.749262247467414e-4,0e0,0e0,3.525979642290622e-3,1.7350986672681756e-4,8.911348431865918e-4,2.453005756251514e-3,2.071185313980095e-3,3.98825189404306e-3,1.8509793972043553e-4,3.436294282437302e-4,2.4388574820477515e-3,3.600327336243936e-4,0e0,0,0,2,2,0,0,2,2,4,2,4,4,2,4,2,2,0,0,0,0,0,0,0,124,0,74,92,150,66,28,10,0,0,0
7,1,1,0.0,0,1,2040,0e0,0e0,1.6304041346302256e-3,6.749262247467414e-4,0e0,0e0,3.5259684082120657e-3,1.7350986672681756e-4,8.911348431865918e-4,2.453005756251514e-3,2.071182636427693e-3,3.98825189404306e-3,1.8509718029235955e-4,3.436300830799155e-4,2.4388544698012993e-3,3.600327336243936e-4,0e0,0,0,2,2,0,0,2,2,4,2,4,4,2,4,2,2,0,0,0,0,0,0,0,124,0,74,92,150,66,28,10,0,0,0
7,1,1,0.0,0,1,2160,0e0,0e0,1.6304003074765205e-3,6.749262247467414e-4,0e0,0e0,3.525979642290622e-3,1.7350884809275158e-4,8.911361128411954e-4,2.453002496622503e-3,2.071186012472026e-3,3.98825189404306e-3,1.8509875462768832e-4,3.436279366724193e-4,2.4388474703300744e-3,3.600327336243936e-4,0e0,0,0,2,2,0,0,2,2,4,2,4,4,2,4,2,2,0,0,0,0,0,0,0,124,0,74,92,150,66,28,10,0,0,0
7,1,1,0.0,0,1,2280,0e0,0e0,1.630396902328357e-3,6.749262247467414e-4,0e0,0e0,3.5259684082120657e-3,1.7350935740978457e-4,8.91134348421474e-4,2.453005756251514e-3,2.071186012472026e-3,3.98825189404306e-3,1.8509718029235955e-4,3.4362847873126157e-4,2.4388544698012993e-3,3.600327336243936e-4,0e0,0,0,2,2,0,0,2,2,4,2,4,4,2,4,2,2,0,0,0,0,0,0,0,124,0,74,92,150,66,28,10,0,0,0
7,1,1,0.0,0,1,2400,0e0,0e0,1.6303970769513398e-3,6.749262247467414e-4,0e0,0e0,3.525979642290622e-3,1.7350884809275158e-4,8.911372806323925e-4,2.453005756251514e-3,2.071185313980095e-3,3.98825189404306e-3,1.8509793972043553e-4,3.436285915086046e-4,2.4388574820477515e-3,3.600327336243936e-4,0e0,0,0,2,2,0,0,2,2,4,2,4,4,2,4,2,2,0,0,0,0,0,0,0,124,0,74,92,150,66,28,10,0,0,0
7,1,1,0.0,0,2,2520,2.180818009946961e-4,0e0,1.2727086796076037e-3,2.817469985529897e-4,2.1442491852212697e-3,0e0,0e0,0e0,1.5042792983877007e-4,5.3325404587667435e-3,5.743610381614417e-4,3.3256823662668467e-3,6.149353794171475e-4,2.73544020819827e-3,0e0,4.372974763100501e-5,0e0,2,0,4,4,2,0,0,0,2,4,2,2,2,6,0,2,0,34,0,94,0,8,26,42,0,34,116,68,0,0,88,24,10,0
7,1,1,0.0,0,2,2640,2.184782897529658e-4,0e0,1.2716461169475224e-3,2.8122290950705064e-4,2.142574667232111e-3,0e0,0e0,0e0,1.4980309970269445e-4,5.335815774742514e-3,5.750638083554804e-4,3.324573684949428e-3,6.148964312160388e-4,2.7362847031326964e-3,0e0,4.3501745494722854e-5,0e0,2,0,4,4,2,0,0,0,2,4,2,2,2,6,0,2,0,34,0,94,0,8,26,42,0,34,116,68,0,0,88,24,10,0
7,1,1,0.0,0,2,2760,2.184786462748889e-4,0e0,1.2716399141936563e-3,2.8122301864641486e-4,2.1425736777018756e-3,0e0,0e0,0e0,1.4980309970269445e-4,5.335821508197114e-3,5.750638083554804e-4,3.324573684949428e-3,6.148964312160388e-4,2.736286543949973e-3,0e0,4.3500883293745574e-5,0e0,2,0,4,4,2,0,0,0,2,4,2,2,2,6,0,2,0,34,0,94,0,8,26,42,0,34,116,68,0,0,88,24,10,0
7,1,1,0.0,0,2,2880,2.1847910647920799e-4,0e0,1.2716399141936563e-3,2.812242300933576e-4,2.1425736777018756e-3,0e0,0e0,0e0,1.4980309970269445e-4,5.335821508197114e-3,5.750638083554804e-4,3.324579738546163e-3,6.148948887130246e-4,2.7362861583242193e-3,0e0,4.350067047198536e-5,0e0,2,0,4,4,2,0,0,0,2,4,2,2,2,6,0,2,0,34,0,94,0,8,26,42,0,34,116,68,0,0,88,24,10,0
7,1,1,0.0,0,2,3000,2.184786462748889e-4,0e0,1.2716399141936563e-3,2.812242300933576e-4,2.1425710001494735e-3,0e0,0e0,0e0,1.4980309970269445e-4,5.335815920261666e-3,5.750638083554804e-4,3.324573684949428e-3,6.148980610305443e-4,2.7362861583242193e-3,0e0,4.3500883293745574e-5,0e0,2,0,4,4,2,0,0,0,2,4,2,2,2,6,0,2,0,34,0,94,0,8,26,42,0,34,116,68,0,0,88,24,10,0
7,1,1,0.0,0,2,3120,2.1847989410161972e-4,0e0,1.2716413693851791e-3,2.812234379234724e-4,2.1425710001494735e-3,0e0,0e0,0e0,1.498044530308107e-4,5.335815920261666e-3,5.750638083554804e-4,3.3245759550482035e-3,6.148965185275301e-4,2.7362896216800436e-3,0e0,4.350067047198536e-5,0e0,2,0,4,4,2,0,0,0,2,4,2,2,2,6,0,2,0,34,0,94,0,8,26,42,0,34,116,68,0,0,88,24,10,0
7,1,1,0.0,0,2,3240,2.1847989410161972e-4,0e0,1.2716399141936563e-3,2.812226939568063e-4,2.1425710001494735e-3,0e0,0e0,0e0,1.4980462401581462e-4,5.335821217158809e-3,5.750638083554804e-4,3.3245759550482035e-3,6.148965185275301e-4,2.736289330641739e-3,0e0,4.3500586798472796e-5,0e0,2,0,4,4,2,0,0,0,2,4,2,2,2,6,0,2,0,34,0,94,0,8,26,42,0,34,116,68,0,0,88,24,10,0
7,1,1,0.0,0,2,3360,2.1847989410161972e-4,0e0,1.2716461969830561e-3,2.812250022543594e-4,2.1425762388389558e-3,0e0,0e0,0e0,1.4980632295191754e-4,5.3358089353423566e-3,5.750613636337221e-4,3.3245880622416735e-3,6.148996035335585e-4,2.7362920991436113e-3,0e0,4.350157814769773e-5,0e0,2,0,4,4,2,0,0,0,2,4,2,2,2,6,0,2,0,34,0,94,0,8,26,42,0,34,116,68,0,0,88,24,10,0
7,1,1,0.0,0,2,3480,2.184786462748889e-4,0e0,1.2716399141936563e-3,2.8122316416556714e-4,2.1425736777018756e-3,0e0,0e0,0e0,1.4980309970269445e-4,5.335815920261666e-3,5.750638083554804e-4,3.3245759550482035e-3,6.148964312160388e-4,2.7362875916878693e-3,0e0,4.350096696725814e-5,0e0,2,0,4,4,2,0,0,0,2,4,2,2,2,6,0,2,0,34,0,94,0,8,26,42,0,34,116,68,0,0,88,24,10,0
7,1,1,0.0,0,2,3600,2.1847989410161972e-4,0e0,1.2716399141936563e-3,2.812226939568063e-4,2.1425710001494735e-3,0e0,0e0,0e0,1.4980509695305955e-4,5.335807363735512e-3,5.750638083554804e-4,3.3245759550482035e-3,6.148980610305443e-4,2.7362910586816724e-3,0e0,4.3500883293745574e-5,0e0,2,0,4,4,2,0,0,0,2,4,2,2,2,6,0,2,0,34,0,94,0,8,26,42,0,34,116,68,0,0,88,24,10,0
7,1,1,0.0,1,0,120,0e0,0e0,1.5517044739681296e-3,7.498013292206451e-4,6.485499497784986e-3,7.04522046726197e-3,1.0371270182076842e-3,3.37510064127855e-3,2.673734270501882e-4,0e0,0e0,0e0,0e0,1.3710210187127814e-3,2.929464215412736e-3,2.6070695184898796e-5,0e0,0,0,4,2,8,2,2,4,4,0,0,0,0,2,2,2,0,0,0,68,0,68,87,136,0,14,103,34,0,0,0,0,34,0
7,1,1,0.0,1,0,240,0e0,0e0,1.4442207962019893e-3,4.576568244374357e-4,6.304710681888537e-3,6.777712143957615e-3,1.171343814348802e-3,4.114450799534097e-3,3.048150911126868e-4,0e0,0e0,0e0,0e0,1.3677683455171064e-3,2.5612898753024638e-3,4.3046129121648846e-5,0e0,0,0,4,2,8,2,2,4,4,0,0,0,0,2,2,2,0,0,0,68,0,68,87,136,0,14,103,34,0,0,0,0,34,0
7,1,1,0.0,1,0,360,0e0,0e0,1.4309905161553615e-3,4.2394712363602594e-4,6.28509323905746e-3,6.741405231878161e-3,1.1907778243767098e-3,4.227121316944249e-3,3.1242441582435276e-4,0e0,0e0,0e0,0e0,1.3694721419597045e-3,2.5117775658145547e-3,4.891751018476498e-5,0e0,0,0,4,2,8,2,2,4,4,0,0,0,0,2,2,2,0,0,0,68,0,68,87,136,0,14,103,34,0,0,0,0,34,0
7,1,1,0.0,1,0,480,0e0,0e0,3.9731272954668384e-4,1.7242712601728272e-4,5.068374622396732e-4,1.9499595509842038e-4,4.116557684028521e-4,2.689387457621706e-3,8.680136343173217e-4,0e0,0e0,0e0,0e0,1.217093282548376e-4,1.3323558669071645e-3,2.477706652825873e-5,0e0,0,0,4,2,8,2,2,4,4,0,0,0,0,2,2,2,0,0,0,68,0,68,71,136,0,13,114,40,0,0,0,0,34,0
7,1,1,0.0,1,0,600,0e0,0e0,2.0736007799726508e-8,3.599957043576296e-8,9.709355790477048e-7,5.329998931102864e-8,3.0381440474513965e-8,1.4169225792670659e-8,2.5725017938071915e-7,0e0,0e0,0e0,0e0,1.0883791645710517e-7,1.8000424262254455e-8,2.3536355087117045e-8,0e0,0,0,4,2,8,2,2,4,4,0,0,0,0,2,2,2,0,0,0,68,0,63,76,124,0,21,106,52,0,0,0,0,34,0
7,1,1,0.0,1,0,720,0e0,0e0,2.8141260433045545e-9,1.6912837796922986e-9,9.52858125735645e-9,3.1491795837723657e-9,1.2916325786704874e-9,7.646843158681804e-10,1.7224310866481574e-9,0e0,0e0,0e0,0e0,1.83236625872496e-9,3.1629845409497648e-9,6.820286557740474e-10,0e0,0,0,4,2,8,2,2,4,4,0,0,0,0,2,2,2,0,0,0,68,0,63,76,124,0,21,106,52,0,0,0,0,34,0
7,1,1,0.0,1,0,840,0e0,0e0,7.144098645994745e-10,4.609264081523179e-10,2.830799372688375e-9,7.916334254787216e-10,3.190097075389531e-10,2.523936615261846e-10,3.269970960673163e-10,0e0,0e0,0e0,0e0,5.168310224235029e-10,1.0660379246019147e-9,1.5364065575340646e-10,0e0,0,0,4,2,8,2,2,4,4,0,0,0,0,2,2,2,0,0,0,68,0,63,76,124,0,21,106,52,0,0,0,0,34,0
7,1,1,0.0,1,0,960,0e0,0e0,1.4975509721182334e-10,9.858114324856615e-11,6.194142976312378e-10,1.9187851307833625e-10,6.273470631867895e-11,7.413181180027095e-11,7.66080532343949e-11,0e0,0e0,0e0,0e0,1.2241585523042886e-10,4.128395403313334e-10,4.283862153897644e-11,0e0,0,0,4,2,8,2,2,4,4,0,0,0,0,2,2,2,0,0,0,68,0,63,76,124,0,21,106,52,0,0,0,0,34,0
7,1,1,0.0,1,0,1080,0e0,0e0,2.6044055800866772e-11,1.481925693269659e-11,1.1766809748792184e-10,5.4303228580465657e-11,9.99733629214461e-12,2.972377899368439e-11,1.191757803553628e-11,0e0,0e0,0e0,0e0,2.722799763432704e-11,2.2438584323936084e-10,1.4274803561420413e-11,0e0,0,0,4,2,8,2,2,4,4,0,0,0,0,2,2,2,0,0,0,68,0,63,76,124,0,21,106,52,0,0,0,0,34,0
7,1,1,0.0,1,0,1200,0e0,0e0,4.9402704149770216e-12,1.2172485241990216e-12,2.378652830259398e-11,2.809130705827556e-11,1.3535839116229909e-12,2.2464696769475268e-11,1.7887913372760522e-12,0e0,0e0,0e0,0e0,1.2427392448444152e-11,1.7059775814232125e-10,5.446310069601168e-12,0e0,0,0,4,2,8,2,2,4,4,0,0,0,0,2,2,2,0,0,0,68,0,63,76,124,0,21,106,52,0,0,0,0,34,0
7,1,1,0.0,1,1,1320,0e0,0e0,3.979927498676261e-12,5.151434834260726e-13,0e0,0e0,3.538858095453179e-11,6.906475391588174e-12,1.3273337984287537e-10,1.4569678796760854e-11,2.1713830733460782e-10,9.022471658681752e-11,4.64521754395264e-11,1.8051515837669285e-10,1.127276050283399e-11,1.567812546454661e-11,0e0,0,0,2,2,0,0,2,2,4,2,4,4,2,4,2,2,0,0,0,0,0,0,0,114,0,70,88,164,62,32,14,0,0,0
7,1,1,0.0,1,1,1440,0e0,0e0,8.357758929378178e-13,2.035704937952687e-12,0e0,0e0,3.113953539468639e-11,4.402700426453521e-12,1.216116096713904e-11,1.0729195309977513e-12,2.092264139719191e-10,8.236966664298961e-11,9.50040046632239e-12,2.1298518504409003e-12,3.150901761728164e-11,6.483702463810914e-12,0e0,0,0,2,2,0,0,2,2,4,2,4,4,2,4,2,2,0,0,0,0,0,0,0,114,0,70,88,164,62,32,14,0,0,0
7,1,1,0.0,1,1,1560,0e0,0e0,1.943512017987814e-11,1.674216321134736e-11,0e0,0e0,6.321343448689731e-11,2.2470914018413168e-13,4.350584337231567e-9,3.001003889835374e-9,2.8108715355301683e-10,8.342126989191456e-11,8.981126953244711e-10,3.907117296364504e-9,6.74948097412198e-10,1.6065371255535865e-11,0e0,0,0,2,2,0,0,2,2,4,2,4,4,2,4,2,2,0,0,0,0,0,0,0,114,0,70,88,164,62,32,14,0,0,0
7,1,1,0.0,1,1,1680,0e0,0e0,7.194245199571014e-13,1.8482992913959606e-12,0e0,0e0,3.198863396391971e-11,5.307754236127948e-12,1.2922551917426972e-11,1.0276224315930449e-12,2.1036683506281406e-10,8.393286066166183e-11,1.2560841256004096e-11,3.603339848723408e-12,2.4780177909633494e-11,6.572520305780927e-12,0e0,0,0,2,2,0,0,2,2,4,2,4,4,2,4,2,2,0,0,0,0,0,0,0,114,0,70,88,164,62,32,14,0,0,0
7,1,1,0.0,1,1,1800,0e0,0e0,1.1174670078162308e-9,5.868265873232303e-10,0e0,0e0,9.643947862514324e-9,6.26643625878387e-10,3.1174534065314674e-7,2.289884477590931e-7,1.2961866246996578e-8,1.9970869402641256e-9,9.520921029348983e-8,2.7467134522396464e-7,3.748998977926021e-8,1.669853588737169e-9,0e0,0,0,2,2,0,0,2,2,4,2,4,4,2,4,2,2,0,0,0,0,0,0,0,114,0,70,88,164,62,32,14,0,0,0
7,1,1,0.0,1,1,1920,0e0,0e0,7.540634783254063e-13,1.7763568394002505e-12,0e0,0e0,3.438316298343125e-11,5.425881965948065e-12,1.7143175767841967e-11,4.18332035678759e-12,2.1292834162522922e-10,8.561684694541327e-11,1.8776535881670497e-11,6.2589933236267825e-12,2.3145929617385264e-11,6.572520305780927e-12,0e0,0,0,2,2,0,0,2,2,4,2,4,4,2,4,2,2,0,0,0,0,0,0,0,114,0,70,88,164,62,32,14,0,0,0
7,1,1,0.0,1,1,2040,0e0,0e0,2.556315799040476e-7,1.1930812959803916e-7,0e0,0e0,6.455317986819864e-7,3.6401181091605395e-7,4.12081908507389e-6,2.6077609618369024e-6,6.15464362141438e-7,9.736220434319875e-7,2.814276740537025e-6,1.573650763475598e-6,3.033973499100284e-7,1.0126348470862467e-7,0e0,0,0,2,2,0,0,2,2,4,2,4,4,2,4,2,2,0,0,0,0,0,0,0,114,0,71,88,164,62,31,14,0,0,0
7,1,1,0.0,1,1,2160,0e0,0e0,8.98995224929422e-8,2.3742593668885092e-7,0e0,0e0,2.3119088865541926e-8,1.8270371882067593e-7,4.462608629296483e-7,7.454714268106954e-8,2.539624688324693e-8,5.351836307454505e-8,1.9444762244802405e-7,1.9099940207212285e-7,3.182494268116898e-8,8.8901721539969e-9,0e0,0,0,2,2,0,0,2,2,4,2,4,4,2,4,2,2,0,0,0,0,0,0,0,114,0,70,88,164,62,32,14,0,0,0
7,1,1,0.0,1,1,2280,0e0,0e0,8.633094239485217e-11,1.5067946890212625e-10,0e0,0e0,1.0048495369119337e-10,4.75353090223507e-12,9.478506868276781e-11,2.5838886585916043e-11,2.6854607426685106e-10,7.981881822161085e-11,1.017874673436836e-10,1.8478552021861105e-11,5.751132903242251e-11,3.128519665551721e-11,0e0,0,0,2,2,0,0,2,2,4,2,4,4,2,4,2,2,0,0,0,0,0,0,0,114,0,70,88,164,62,32,14,0,0,0
7,1,1,0.0,1,1,2400,0e0,0e0,3.154099204039085e-11,4.7329251628980273e-11,0e0,0e0,6.45528075438051e-11,6.356692949793796e-12,2.0834223235510763e-11,1.2382983527459146e-11,2.439932700326608e-10,7.148059921746608e-11,2.737010618147906e-11,5.504041666881676e-12,5.2459370181168197e-11,1.3002932064409833e-11,0e0,0,0,2,2,0,0,2,2,4,2,4,4,2,4,2,2,0,0,0,0,0,0,0,114,0,70,88,164,62,32,14,0,0,0
7,1,1,0.0,1,2,2520,4.1708636544512956e-11,0e0,1.8463985895778023e-10,8.809264429032737e-11,1.5647216855541046e-10,0e0,0e0,0e0,1.1552381273816081e-10,1.7466108559460736e-9,3.765414646750287e-10,1.1683454204103327e-10,3.774669465883562e-10,2.1625021773274966e-9,0e0,9.234923936674022e-11,0e0,2,0,4,4,2,0,0,0,2,4,2,2,2,6,0,2,0,31,0,102,0,37,0,34,0,34,114,78,0,0,80,24,10,0
7,1,1,0.0,1,2,2640,2.4237174267582873e-8,0e0,1.5138711706441654e-7,5.757932264316423e-8,3.145912685909025e-8,0e0,0e0,0e0,2.9972054171878426e-8,1.4036454132337894e-7,1.1905214591934055e-9,1.5887060555996868e-9,1.0665136063181535e-7,3.051830317346571e-7,0e0,1.4739399034624512e-8,0e0,2,0,4,4,2,0,0,0,2,4,2,2,2,6,0,2,0,31,0,102,0,37,0,34,0,34,113,79,0,0,80,24,10,0
7,1,1,0.0,1,2,2760,5.268943059633102e-10,0e0,5.110591949630816e-10,1.5021983656993143e-10,4.026641242660389e-10,0e0,0e0,0e0,2.657760678204113e-10,1.914717273621136e-10,2.908180363192514e-10,5.255813562143885e-10,3.3363534157615504e-11,1.0973444375395047e-10,0e0,1.4300027828539896e-10,0e0,2,0,4,4,2,0,0,0,2,4,2,2,2,6,0,2,0,31,0,102,0,37,0,34,0,34,114,78,0,0,80,24,10,0
7,1,1,0.0,1,2,2880,1.0368172986829904e-10,0e0,1.118964920721055e-10,3.327293995880609e-11,8.610823165611237e-11,0e0,0e0,0e0,5.785616430387108e-11,5.625366839012713e-11,1.0526335358918004e-10,2.3167601170825947e-10,1.4107826018516789e-11,5.771738642579294e-11,0e0,2.5856650154310046e-11,0e0,2,0,4,4,2,0,0,0,2,4,2,2,2,6,0,2,0,31,0,102,0,37,0,34,0,34,114,78,0,0,80,24,10,0
7,1,1,0.0,1,2,3000,1.5088819083075578e-11,0e0,2.4019231048555412e-11,8.168132836772202e-12,1.8917312161192967e-11,0e0,0e0,0e0,1.2458700737738582e-11,3.8473224606150325e-11,4.119371510569181e-11,1.772306745806418e-10,8.173017818080552e-12,3.6850522633358196e-11,0e0,3.659295089164516e-12,0e0,2,0,4,4,2,0,0,0,2,4,2,2,2,6,0,2,0,31,0,102,0,37,0,34,0,34,114,78,0,0,80,24,10,0
7,1,1,0.0,1,2,3120,8.600551240078858e-7,0e0,3.296897887139494e-6,1.5879291623832614e-6,1.27430050156363e-6,0e0,0e0,0e0,1.1652617786239716e-6,2.5672571382528986e-5,3.0052006536607223e-6,4.2956087398238196e-7,2.7378299591873656e-6,1.2045234939250804e-5,0e0,4.444052947860655e-7,0e0,2,0,4,4,2,0,0,0,2,4,2,2,2,6,0,2,0,30,0,102,0,38,0,34,0,34,116,77,0,0,79,24,10,0
7,1,1,0.0,1,2,3240,4.032202349790737e-9,0e0,6.843549216206668e-8,1.2133741500441886e-7,7.224490872204115e-8,0e0,0e0,0e0,1.0707506881146855e-7,1.6431132454641784e-7,3.598195519316505e-9,1.5572961586940437e-8,4.912935445133826e-7,9.726665375353605e-7,0e0,4.926301500063346e-8,0e0,2,0,4,4,2,0,0,0,2,4,2,2,2,6,0,2,0,31,0,102,0,37,0,34,0,34,113,79,0,0,80,24,10,0
7,1,1,0.0,1,2,3360,8.525996131325542e-9,0e0,1.3162773315755771e-8,1.0286702378792256e-8,4.931153485543405e-9,0e0,0e0,0e0,2.4768711526235165e-9,1.2993270459560335e-8,6.07036199085087e-9,1.1152856416174473e-8,1.9606482659639823e-8,2.7881058350942567e-8,0e0,1.4831336159204511e-9,0e0,2,0,4,4,2,0,0,0,2,4,2,2,2,6,0,2,0,31,0,102,0,37,0,34,0,34,114,78,0,0,80,24,10,0
7,1,1,0.0,1,2,3480,2.989450909041125e-10,0e0,1.5020207300153743e-10,8.181963995212982e-10,5.171107986257084e-11,0e0,0e0,0e0,1.361053492132669e-10,9.732454842037441e-10,5.831495286656718e-10,5.309459538693773e-10,1.1955059164847626e-10,4.476543580267389e-10,0e0,1.5290169130821596e-10,0e0,2,0,4,4,2,0,0,0,2,4,2,2,2,6,0,2,0,31,0,102,0,37,0,34,0,34,114,78,0,0,80,24,10,0
7,1,1,0.0,1,2,3600,1.342639333046236e-10,0e0,1.1016365597527056e-10,5.433451466529959e-10,3.808153792306257e-11,0e0,0e0,0e0,1.0835776720341528e-10,4.455076307863237e-10,6.324185619632772e-10,3.4578206964397395e-10,1.0411582707092748e-10,3.3922376019290823e-10,0e0,1.000266536266281e-10,0e0,2,0,4,4,2,0,0,0,2,4,2,2,2,6,0,2,0,31,0,102,0,37,0,34,0,34,114,78,0,0,80,24,10,0
7,1,1,0.3,0,0,120,0e0,0e0,2.450115862302482e-3,1.609570812433958e-3,1.4402312153833918e-2,8.321103930938989e-3,2.0498465455602854e-3,3.6078873235965148e-3,1.2051218800479546e-3,0e0,0e0,0e0,0e0,5.240619357209653e-3,6.165312021039426e-3,4.516771645285189e-3,0e0,0,0,4,2,8,2,2,4,4,0,0,0,0,2,2,2,0,0,0,68,0,68,92,122,0,50,62,48,0,0,0,6,28,0
7,1,1,0.3,0,0,240,0e0,0e0,2.06624114071019e-3,9.991283950512297e-4,1.3858501477443497e-2,8.015381579753011e-3,2.2892530832905322e-3,4.440698845428415e-3,1.6361407178919762e-3,0e0,0e0,0e0,0e0,4.701889120042324e-3,5.860293982550502e-3,5.137818981893361e-3,0e0,0,0,4,2,8,2,2,4,4,0,0,0,0,2,2,2,0,0,0,68,0,68,92,122,0,54,58,48,0,0,0,7,27,0
7,1,1,0.3,0,0,360,0e0,0e0,2.0134867081651464e-3,9.23421153856907e-4,1.379398145218147e-2,7.97625188715756e-3,2.3229882935993373e-3,4.573736514430493e-3,1.7119212207035162e-3,0e0,0e0,0e0,0e0,4.627204150892794e-3,5.8138855383731425e-3,5.237478035269305e-3,0e0,0,0,4,2,8,2,2,4,4,0,0,0,0,2,2,2,0,0,0,68,0,68,92,122,0,54,58,48,0,0,0,7,27,0
7,1,1,0.3,0,0,480,0e0,0e0,2.0103503484278917e-3,9.189953707391396e-4,1.3790273767881445e-2,7.973929750733078e-3,2.3250265512615442e-3,4.581826680805534e-3,1.7165899480460212e-3,0e0,0e0,0e0,0e0,4.622734966687858e-3,5.81111095380038e-3,5.243587656877935e-3,0e0,0,0,4,2,8,2,2,4,4,0,0,0,0,2,2,2,0,0,0,68,0,68,92,122,0,54,58,48,0,0,0,7,27,0
7,1,1,0.3,0,0,600,0e0,0e0,2.010286465520039e-3,9.188976109726354e-4,1.3790193472232204e-2,7.97388143837452e-3,2.325062931049615e-3,4.582006571581587e-3,1.7166884208563715e-3,0e0,0e0,0e0,0e0,4.622638545697555e-3,5.811049195472151e-3,5.24370523635298e-3,0e0,0,0,4,2,8,2,2,4,4,0,0,0,0,2,2,2,0,0,0,68,0,68,92,122,0,54,58,48,0,0,0,7,27,0
7,1,1,0.3,0,0,720,0e0,0e0,2.0102822745684534e-3,9.188980548060499e-4,1.3790188218990806e-2,7.97388143837452e-3,2.325062931049615e-3,4.582005407428369e-3,1.716690807370469e-3,0e0,0e0,0e0,0e0,4.622640408342704e-3,5.811049195472151e-3,5.243710824288428e-3,0e0,0,0,4,2,8,2,2,4,4,0,0,0,0,2,2,2,0,0,0,68,0,68,92,122,0,54,58,48,0,0,0,7,27,0
7,1,1,0.3,0,0,840,0e0,0e0,2.010277850786224e-3,9.18891943001654e-4,1.3790188218990806e-2,7.973889238201082e-3,2.325062931049615e-3,4.582005407428369e-3,1.7166930992971174e-3,0e0,0e0,0e0,0e0,4.622644133633003e-3,5.811049195472151e-3,5.243710824288428e-3,0e0,0,0,4,2,8,2,2,4,4,0,0,0,0,2,2,2,0,0,0,68,0,68,92,122,0,54,58,48,0,0,0,7,27,0
7,1,1,0.3,0,0,960,0e0,0e0,2.010286465520039e-3,9.18891943001654e-4,1.379018826992251e-2,7.97388143837452e-3,2.325062931049615e-3,4.582006571581587e-3,1.7166893812827766e-3,0e0,0e0,0e0,0e0,4.622640408342704e-3,5.811049195472151e-3,5.24370523635298e-3,0e0,0,0,4,2,8,2,2,4,4,0,0,0,0,2,2,2,0,0,0,68,0,68,92,122,0,54,58,48,0,0,0,7,27,0
7,1,1,0.3,0,0,1080,0e0,0e0,2.0102822745684534e-3,9.18891943001654e-4,1.3790188335406128e-2,7.973893254529685e-3,2.325062931049615e-3,4.582001914968714e-3,1.7166923498734832e-3,0e0,0e0,0e0,0e0,4.622644133633003e-3,5.811049195472151e-3,5.243710824288428e-3,0e0,0,0,4,2,8,2,2,4,4,0,0,0,0,2,2,2,0,0,0,68,0,68,92,122,0,54,58,48,0,0,0,7,27,0
7,1,1,0.3,0,0,1200,0e0,0e0,2.0102890848647803e-3,9.188980548060499e-4,1.3790191944281105e-2,7.97387445345521e-3,2.325062931049615e-3,4.5820067171007395e-3,1.7166884208563715e-3,0e0,0e0,0e0,0e0,4.622640408342704e-3,5.811049195472151e-3,5.24370523635298e-3,0e0,0,0,4,2,8,2,2,4,4,0,0,0,0,2,2,2,0,0,0,68,0,68,92,122,0,54,58,48,0,0,0,7,27,0
7,1,1,0.3,0,1,1320,0e0,0e0,2.8765897441189736e-3,2.643580548465252e-3,0e0,0e0,3.1497725576628e-3,6.228251222637482e-4,4.570466089717229e-4,6.6945531871169806e-3,2.9381331987679005e-3,4.609429044649005e-3,2.018120329012163e-3,4.530262194748502e-4,4.310386546421796e-3,2.790439175441861e-3,0e0,0,0,2,2,0,0,2,2,4,2,4,4,2,4,2,2,0,0,0,0,0,0,0,130,0,82,92,160,50,20,10,0,0,0
7,1,1,0.3,0,1,1440,0e0,0e0,2.9132430790923536e-3,2.650493639521301e-3,0e0,0e0,3.1389084178954363e-3,6.183526274980977e-4,4.578676080200239e-4,6.722479593008757e-3,2.9186053143348545e-3,4.626766065484844e-3,1.98233246919699e-3,4.674327792599797e-4,4.275043960660696e-3,2.7910362696275115e-3,0e0,0,0,2,2,0,0,2,2,4,2,4,4,2,4,2,2,0,0,0,0,0,0,0,130,0,82,92,160,50,20,10,0,0,0
7,1,1,0.3,0,1,1560,0e0,0e0,2.913770091254264e-3,2.6505659916438162e-3,0e0,0e0,3.138721745926887e-3,6.182726792758331e-4,4.5792427499691257e-4,6.7229451960884035e-3,2.918310899985954e-3,4.627039656043053e-3,1.9817633437924087e-3,4.676379139709752e-4,4.274507286027074e-3,2.791101927869022e-3,0e0,0,0,2,2,0,0,2,2,4,2,4,4,2,4,2,2,0,0,0,0,0,0,0,130,0,82,92,160,50,20,10,0,0,0
7,1,1,0.3,0,1,1680,0e0,0e0,2.9137794917915016e-3,2.650568087119609e-3,0e0,0e0,3.138721745926887e-3,6.182713404996321e-4,4.5792358650942333e-4,6.7229451960884035e-3,2.9183078731875867e-3,4.62704618985299e-3,1.981757377507165e-3,4.676405369536951e-4,4.274501698091626e-3,2.7910982025787234e-3,0e0,0,0,2,2,0,0,2,2,4,2,4,4,2,4,2,2,0,0,0,0,0,0,0,130,0,82,92,160,50,20,10,0,0,0
7,1,1,0.3,0,1,1800,0e0,0e0,2.9137794917915016e-3,2.650568087119609e-3,0e0,0e0,3.138721745926887e-3,6.182713404996321e-4,4.5792371020070277e-4,6.7229451960884035e-3,2.9183078731875867e-3,4.62704106757883e-3,1.981756795430556e-3,4.676405369536951e-4,4.274501698091626e-3,2.791101927869022e-3,0e0,0,0,2,2,0,0,2,2,4,2,4,4,2,4,2,2,0,0,0,0,0,0,0,130,0,82,92,160,50,20,10,0,0,0
7,1,1,0.3,0,1,1920,0e0,0e0,2.9137794917915016e-3,2.650568087119609e-3,0e0,0e0,3.138721745926887e-3,6.182713404996321e-4,4.5792358650942333e-4,6.7229451960884035e-3,2.9183078731875867e-3,4.62704618985299e-3,1.981758075999096e-3,4.676405369536951e-4,4.274501698091626e-3,2.7910982025787234e-3,0e0,0,0,2,2,0,0,2,2,4,2,4,4,2,4,2,2,0,0,0,0,0,0,0,130,0,82,92,160,50,20,10,0,0,0
7,1,1,0.3,0,1,2040,0e0,0e0,2.9137794917915016e-3,2.650568087119609e-3,0e0,0e0,3.138721745926887e-3,6.182713404996321e-4,4.5792358650942333e-4,6.7229451960884035e-3,2.9183078731875867e-3,4.62704106757883e-3,1.981758075999096e-3,4.676405369536951e-4,4.274501698091626e-3,2.7910982025787234e-3,0e0,0,0,2,2,0,0,2,2,4,2,4,4,2,4,2,2,0,0,0,0,0,0,0,130,0,82,92,160,50,20,10,0,0,0
7,1,1,0.3,0,1,2160,0e0,0e0,2.9137794917915016e-3,2.650568087119609e-3,0e0,0e0,3.138721745926887e-3,6.18270059931092e-4,4.5792437231284566e-4,6.7229451960884035e-3,2.918310899985954e-3,4.62704106757883e-3,1.981756795430556e-3,4.6764126454945654e-4,4.2745031823869795e-3,2.791101927869022e-3,0e0,0,0,2,2,0,0,2,2,4,2,4,4,2,4,2,2,0,0,0,0,0,0,0,130,0,82,92,160,50,20,10,0,0,0
7,1,1,0.3,0,1,2280,0e0,0e0,2.9137794917915016e-3,2.650568087119609e-3,0e0,0e0,3.138715692330152e-3,6.182713404996321e-4,4.5792358650942333e-4,6.7229451960884035e-3,2.9183078731875867e-3,4.62704618985299e-3,1.981758075999096e-3,4.6763958016526885e-4,4.274496575817466e-3,2.7910982025787234e-3,0e0,0,0,2,2,0,0,2,2,4,2,4,4,2,4,2,2,0,0,0,0,0,0,0,130,0,82,92,160,50,20,10,0,0,0
7,1,1,0.3,0,1,2400,0e0,0e0,2.9137794917915016e-3,2.650568087119609e-3,0e0,0e0,3.138715692330152e-3,6.182713404996321e-4,4.5792371020070277e-4,6.7229451960884035e-3,2.918310899985954e-3,4.62704106757883e-3,1.981757377507165e-3,4.6764126454945654e-4,4.2745031823869795e-3,2.791101927869022e-3,0e0,0,0,2,2,0,0,2,2,4,2,4,4,2,4,2,2,0,0,0,0,0,0,0,130,0,82,92,160,50,20,10,0,0,0
7,1,1,0.3,0,2,2520,2.342711784876883e-3,0e0,3.0285329703474417e-3,2.1994586422806606e-3,2.310920157469809e-3,0e0,0e0,0e0,3.199020749889314e-3,4.744161415146664e-3,4.7882754006423056e-4,6.134946597740054e-3,5.941675408394076e-4,2.1693708522434463e-3,0e0,2.855459868442267e-3,0e0,2,0,4,4,2,0,0,0,2,4,2,2,2,6,0,2,0,34,0,91,0,8,26,45,0,34,135,68,0,0,69,28,6,0
7,1,1,0.3,0,2,2640,2.357962555834092e-3,0e0,3.0330240406328812e-3,2.1948034918750636e-3,2.3113026982173324e-3,0e0,0e0,0e0,3.1934440485201776e-3,4.746441278257407e-3,4.786382705788128e-4,6.138983648270369e-3,5.941448907833546e-4,2.1618324108203524e-3,0e0,2.846835443051532e-3,0e0,2,0,4,4,2,0,0,0,2,4,2,2,2,6,0,2,0,34,0,91,0,8,26,45,0,34,135,68,0,0,69,28,6,0
7,1,1,0.3,0,2,2760,2.357975870836526e-3,0e0,3.0330420122481883e-3,2.194795244577108e-3,2.3113006609492004e-3,0e0,0e0,0e0,3.1934332218952477e-3,4.746434788103215e-3,4.7863987128948793e-4,6.138981087133288e-3,5.941447816439904e-4,2.161832171623246e-3,0e0,2.846835443051532e-3,0e0,2,0,4,4,2,0,0,0,2,4,2,2,2,6,0,2,0,34,0,91,0,8,26,45,0,34,135,68,0,0,69,28,6,0
7,1,1,0.3,0,2,2880,2.357969860895537e-3,0e0,3.0330370063893497e-3,2.194795244577108e-3,2.3113006609492004e-3,0e0,0e0,0e0,3.1934373546391726e-3,4.7464476665481925e-3,4.7863818326732144e-4,6.138981087133288e-3,5.941447234363295e-4,2.1618307691824157e-3,0e0,2.8468444652389735e-3,0e0,2,0,4,4,2,0,0,0,2,4,2,2,2,6,0,2,0,34,0,91,0,8,26,45,0,34,135,68,0,0,69,28,6,0
7,1,1,0.3,0,2,3000,2.3579725675517693e-3,0e0,3.0330370063893497e-3,2.194797805714188e-3,2.311304153408855e-3,0e0,0e0,0e0,3.1934373546391726e-3,4.746444421471097e-3,4.7863818326732144e-4,6.138974567875266e-3,5.941447234363295e-4,2.1618313730868977e-3,0e0,2.8468405071180314e-3,0e0,2,0,4,4,2,0,0,0,2,4,2,2,2,6,0,2,0,34,0,91,0,8,26,45,0,34,135,68,0,0,69,28,6,0
7,1,1,0.3,0,2,3120,2.3579770349897444e-3,0e0,3.0330420122481883e-3,2.194795244577108e-3,2.311300893779844e-3,0e0,0e0,0e0,3.1934332218952477e-3,4.746439182781614e-3,4.7863987128948793e-4,6.138996919617057e-3,5.941447234363295e-4,2.1618307691824157e-3,0e0,2.8468405071180314e-3,0e0,2,0,4,4,2,0,0,0,2,4,2,2,2,6,0,2,0,34,0,91,0,8,26,45,0,34,135,68,0,0,69,28,6,0
7,1,1,0.3,0,2,3240,2.3579697735840455e-3,0e0,3.0330420122481883e-3,2.194795244577108e-3,2.311300893779844e-3,0e0,0e0,0e0,3.1934318249113858e-3,4.746439182781614e-3,4.7863987128948793e-4,6.138981087133288e-3,5.941447816439904e-4,2.161831145713222e-3,0e0,2.846830786438659e-3,0e0,2,0,4,4,2,0,0,0,2,4,2,2,2,6,0,2,0,34,0,91,0,8,26,45,0,34,135,68,0,0,69,28,6,0
7,1,1,0.3,0,2,3360,2.357967387069948e-3,0e0,3.0330370063893497e-3,2.19479728184524e-3,2.311301475856453e-3,0e0,0e0,0e0,3.193433891283348e-3,4.746449994854629e-3,4.786423742189072e-4,6.138968979939818e-3,5.941474591963924e-4,2.1618332284560893e-3,0e0,2.8468405071180314e-3,0e0,2,0,4,4,2,0,0,0,2,4,2,2,2,6,0,2,0,34,0,91,0,8,26,45,0,34,135,68,0,0,69,28,6,0
7,1,1,0.3,0,2,3480,2.3579714907100424e-3,0e0,3.0330370063893497e-3,2.194795884861378e-3,2.3113060160540044e-3,0e0,0e0,0e0,3.193433891283348e-3,4.746444421471097e-3,4.786397548741661e-4,6.138974567875266e-3,5.941447816439904e-4,2.1618309656332713e-3,0e0,2.8468405071180314e-3,0e0,2,0,4,4,2,0,0,0,2,4,2,2,2,6,0,2,0,34,0,91,0,8,26,45,0,34,135,68,0,0,69,28,6,0
7,1,1,0.3,0,2,3600,2.357969220611267e-3,0e0,3.0330466688610613e-3,2.1947945351712406e-3,2.311302174348384e-3,0e0,0e0,0e0,3.193428332451731e-3,4.746435850393027e-3,4.7864542284514755e-4,6.1389884212985635e-3,5.941447816439904e-4,2.161831567718764e-3,0e0,2.846835443051532e-3,0e0,2,0,4,4,2,0,0,0,2,4,2,2,2,6,0,2,0,34,0,91,0,8,26,45,0,34,135,68,0,0,69,28,6,0
7,1,1,0.3,1,0,120,0e0,0e0,2.450115862302482e-3,1.609570812433958e-3,1.4402312153833918e-2,8.321103930938989e-3,2.0498465455602854e-3,3.6078873235965148e-3,1.2051218800479546e-3,0e0,0e0,0e0,0e0,5.240619357209653e-3,6.165312021039426e-3,4.516771645285189e-3,0e0,0,0,4,2,8,2,2,4,4,0,0,0,0,2,2,2,0,0,0,68,0,68,92,122,0,50,62,48,0,0,0,6,28,0
7,1,1,0.3,1,0,240,0e0,0e0,2.06624114071019e-3,9.991283950512297e-4,1.3858501477443497e-2,8.015381579753011e-3,2.2892530832905322e-3,4.440698845428415e-3,1.6361407178919762e-3,0e0,0e0,0e0,0e0,4.701889120042324e-3,5.860293982550502e-3,5.137818981893361e-3,0e0,0,0,4,2,8,2,2,4,4,0,0,0,0,2,2,2,0,0,0,68,0,68,92,122,0,54,58,48,0,0,0,7,27,0
7,1,1,0.3,1,0,360,0e0,0e0,2.0134867081651464e-3,9.23421153856907e-4,1.379398145218147e-2,7.97625188715756e-3,2.3229882935993373e-3,4.573736514430493e-3,1.7119212207035162e-3,0e0,0e0,0e0,0e0,4.627204150892794e-3,5.8138855383731425e-3,5.237478035269305e-3,0e0,0,0,4,2,8,2,2,4,4,0,0,0,0,2,2,2,0,0,0,68,0,68,92,122,0,54,58,48,0,0,0,7,27,0
7,1,1,0.3,1,0,480,0e0,0e0,5.685393261956051e-4,1.0702833824325353e-3,9.589709839019633e-4,1.2844615848734975e-3,8.198345603886992e-4,1.9882940396200866e-3,3.799527548835613e-4,0e0,0e0,0e0,0e0,5.398854154918808e-4,2.770390303339809e-3,4.192071210127324e-3,0e0,0,0,4,2,8,2,2,4,4,0,0,0,0,2,2,2,0,0,0,68,0,62,72,136,0,28,96,48,0,0,0,5,29,0
7,1,1,0.3,1,0,600,0e0,0e0,2.7703193882189225e-4,8.109821828838903e-5,5.308253819293896e-4,9.004085441119969e-4,1.3124773977324367e-4,1.763775508152321e-4,4.318030987633392e-4,0e0,0e0,0e0,0e0,2.6354254987381864e-4,5.518717807717621e-4,8.483646706736181e-5,0e0,0,0,4,2,8,2,2,4,4,0,0,0,0,2,2,2,0,0,0,68,0,66,74,124,0,27,92,59,0,0,0,0,34,0
7,1,1,0.3,1,0,720,0e0,0e0,3.293610698165139e-4,3.111130604338541e-5,3.675300154100114e-4,5.04752155393362e-4,1.2229646563355345e-4,1.2147755137448257e-4,3.976742152644874e-5,0e0,0e0,0e0,0e0,3.769844479393214e-4,1.8377298692939803e-4,6.299406777543481e-5,0e0,0,0,4,2,8,2,2,4,4,0,0,0,0,2,2,2,0,0,0,68,0,68,74,124,0,20,98,58,0,0,0,0,34,0
7,1,1,0.3,1,0,840,0e0,0e0,1.1635943519650027e-4,1.8581463109512697e-5,3.178627964643965e-4,5.608591018244624e-4,5.914603480050573e-5,6.738121282978682e-5,1.8433110881233006e-5,0e0,0e0,0e0,0e0,3.901459858752787e-4,1.537918287795037e-4,6.936579575267388e-5,0e0,0,0,4,2,8,2,2,4,4,0,0,0,0,2,2,2,0,0,0,68,0,68,74,125,0,20,98,57,0,0,0,0,34,0
7,1,1,0.3,1,0,960,0e0,0e0,6.57436469282402e-5,2.596740245053297e-7,3.167407849105075e-4,4.357930738478899e-4,1.3507532003131928e-5,3.940342321584467e-5,5.2426320280574146e-5,0e0,0e0,0e0,0e0,2.0805222084163688e-4,1.4621884474763647e-4,8.088994809440919e-5,0e0,0,0,4,2,8,2,2,4,4,0,0,0,0,2,2,2,0,0,0,68,0,68,74,125,0,20,99,56,0,0,0,0,34,0
7,1,1,0.3,1,0,1080,0e0,0e0,2.0387077142913768e-5,9.97399396851506e-7,2.39840363519761e-4,3.287172585260123e-4,9.082629730983172e-6,2.708772922233038e-5,4.9661282673696405e-5,0e0,0e0,0e0,0e0,1.5367290325229988e-4,2.0137119281571358e-4,7.955313049023971e-5,0e0,0,0,4,2,8,2,2,4,4,0,0,0,0,2,2,2,0,0,0,68,0,68,74,124,0,18,101,57,0,0,0,0,34,0
7,1,1,0.3,1,0,1200,0e0,0e0,1.0841780039072546e-5,1.1845596077364462e-6,1.810768526411266e-4,3.293419722467661e-4,8.242428748417296e-6,3.0600109766965033e-5,4.43717369762453e-5,0e0,0e0,0e0,0e0,1.4204608669388108e-4,2.3681559832766652e-4,8.137717668432742e-5,0e0,0,0,4,2,8,2,2,4,4,0,0,0,0,2,2,2,0,0,0,68,0,68,76,124,0,18,99,57,0,0,0,0,34,0
7,1,1,0.3,1,1,1320,0e0,0e0,5.301821965986164e-5,5.3889503760728985e-5,0e0,0e0,1.3485400631907396e-4,4.386341061035637e-5,1.253379424497325e-4,2.0981171928724507e-5,5.7758203638513805e-5,1.1552107171155512e-3,5.381503142416477e-4,6.486811184913677e-5,4.0071098192129284e-4,1.9169899314874783e-4,0e0,0,0,2,2,0,0,2,2,4,2,4,4,2,4,2,2,0,0,0,0,0,0,0,116,0,68,90,172,52,34,12,0,0,0
7,1,1,0.3,1,1,1440,0e0,0e0,3.146364360873122e-5,2.1289319192874245e-5,0e0,0e0,1.6696281818440184e-4,2.154079902538797e-5,1.903100351228204e-4,1.6555291495023994e-5,6.037772800482344e-5,8.727163294679485e-4,6.381368875736371e-4,6.221297780939494e-5,3.361799754202366e-4,1.8991230899700895e-4,0e0,0,0,2,2,0,0,2,2,4,2,4,4,2,4,2,2,0,0,0,0,0,0,0,116,0,68,90,170,54,34,12,0,0,0
7,1,1,0.3,1,1,1560,0e0,0e0,2.215343374700751e-5,8.956236342783086e-6,0e0,0e0,1.9714771769940853e-4,1.2290141512494301e-5,2.213299744653341e-4,1.567693743709242e-5,7.165703345890506e-5,7.550360314780846e-4,6.538462512253318e-4,6.095792150517809e-5,3.2121747790370136e-4,1.858319592429325e-4,0e0,0,0,2,2,0,0,2,2,4,2,4,4,2,4,2,2,0,0,0,0,0,0,0,116,0,68,90,170,54,34,12,0,0,0
7,1,1,0.3,1,1,1680,0e0,0e0,1.9155432710249443e-5,5.47620584256947e-6,0e0,0e0,2.052717682090588e-4,9.733359092933824e-6,2.3075063018040964e-4,1.567676235936233e-5,7.703291521465871e-5,7.116194101399742e-4,6.487104728876147e-4,5.978188573863008e-5,3.1324184965342283e-4,1.8445710884407163e-4,0e0,0,0,2,2,0,0,2,2,4,2,4,4,2,4,2,2,0,0,0,0,0,0,0,116,0,68,90,170,54,34,12,0,0,0
7,1,1,0.3,1,1,1800,0e0,0e0,1.8085963347402867e-5,4.316037347962265e-6,0e0,0e0,2.037944141193293e-4,8.911395980248926e-6,2.308634184373659e-4,1.595056073711021e-5,7.796656336722663e-5,6.90221058903262e-4,6.40413272776641e-4,5.889264184588683e-5,3.065154451178387e-4,1.8427454051561654e-4,0e0,0,0,2,2,0,0,2,2,4,2,4,4,2,4,2,2,0,0,0,0,0,0,0,116,0,68,90,170,54,34,12,0,0,0
7,1,1,0.3,1,1,1920,0e0,0e0,1.7445560843043495e-5,3.8092365457487176e-6,0e0,0e0,1.9988247368019074e-4,8.576436812290922e-6,2.284155725646997e-4,1.6397608305851463e-5,7.746295477772946e-5,6.724148770445026e-4,6.322199405985884e-4,5.8101490594708594e-5,3.001982986461371e-4,1.8432912474963814e-4,0e0,0,0,2,2,0,0,2,2,4,2,4,4,2,4,2,2,0,0,0,0,0,0,0,116,0,68,90,170,54,34,12,0,0,0
7,1,1,0.3,1,1,2040,0e0,0e0,1.6824836620799033e-5,3.536618919497414e-6,0e0,0e0,1.9583165703807026e-4,8.39934682517196e-6,2.256466632388765e-4,1.701886367300176e-5,7.671087405469734e-5,6.534977437695488e-4,6.243529096536804e-4,5.733542684538406e-5,2.941148995887488e-4,1.843528589233756e-4,0e0,0,0,2,2,0,0,2,2,4,2,4,4,2,4,2,2,0,0,0,0,0,0,0,116,0,68,90,170,54,34,12,0,0,0
7,1,1,0.3,1,1,2160,0e0,0e0,1.6140622847160557e-5,3.3763922147045378e-6,0e0,0e0,1.9210581376682967e-4,8.296346550196176e-6,2.230006111858529e-4,1.7818375908973394e-5,7.600783328598482e-5,6.329694006126374e-4,6.166214589029551e-4,5.659110729538952e-5,2.8816351550631225e-4,1.8426679162075743e-4,0e0,0,0,2,2,0,0,2,2,4,2,4,4,2,4,2,2,0,0,0,0,0,0,0,116,0,68,90,169,55,34,12,0,0,0
7,1,1,0.3,1,1,2280,0e0,0e0,1.539992217658437e-5,3.287458412160049e-6,0e0,0e0,1.886847021523863e-4,8.24017070044647e-6,2.2043619537726045e-4,1.8796161384670995e-5,7.540176738984883e-5,6.113137060310692e-4,6.088866211939603e-4,5.5860997235868126e-5,2.8224931156728417e-4,1.8407508468953893e-4,0e0,0,0,2,2,0,0,2,2,4,2,4,4,2,4,2,2,0,0,0,0,0,0,0,116,0,68,90,169,55,34,12,0,0,0
7,1,1,0.3,1,1,2400,0e0,0e0,1.4628789813286858e-5,3.2518197485842393e-6,0e0,0e0,1.8545397324487567e-4,8.228620572481304e-6,2.1785823582831654e-4,1.9950969544879626e-5,7.488593405469146e-5,5.89095194300171e-4,6.010445213178173e-4,5.516959663509624e-5,2.7631169359665364e-4,1.8378181994194165e-4,0e0,0,0,2,2,0,0,2,2,4,2,4,4,2,4,2,2,0,0,0,0,0,0,0,116,0,68,90,169,55,34,12,0,0,0
7,1,1,0.3,1,2,2520,5.90282236225903e-3,0e0,7.51749386836309e-4,5.016185423301067e-4,2.235710053355433e-4,0e0,0e0,0e0,2.582864435680676e-4,3.9528201250504935e-4,2.9172274480515625e-5,3.429075295571238e-4,6.180913260322995e-5,7.567320499219932e-4,0e0,3.1683478482591454e-5,0e0,2,0,4,4,2,0,0,0,2,4,2,2,2,6,0,2,0,34,0,102,0,34,0,34,0,34,121,84,0,0,67,26,8,0
7,1,1,0.3,1,2,2640,5.758500192314386e-3,0e0,2.1848638971277978e-4,1.5673514030822844e-4,1.8405555601930246e-4,0e0,0e0,0e0,4.627690213965252e-4,2.9719989106524736e-4,1.0415929136797786e-4,2.517456523492001e-4,5.511372728506103e-5,4.775132256327197e-4,0e0,4.659394107875414e-5,0e0,2,0,4,4,2,0,0,0,2,4,2,2,2,6,0,2,0,34,0,98,0,34,0,38,0,34,120,82,0,0,70,26,8,0
7,1,1,0.3,1,2,2760,5.727583542466164e-3,0e0,8.592298991061398e-5,8.955336795679614e-5,1.6291318024741486e-4,0e0,0e0,0e0,4.034708035760559e-4,3.206010896974476e-4,1.5269087816704996e-4,1.9323364540468901e-4,4.309987707529217e-5,3.783850588661153e-4,0e0,6.550783473358024e-5,0e0,2,0,4,4,2,0,0,0,2,4,2,2,2,6,0,2,0,34,0,99,0,34,0,37,0,34,118,84,0,0,70,24,10,0
7,1,1,0.3,1,2,2880,5.721627501770854e-3,0e0,4.067570785082353e-5,7.010618048752804e-5,1.4542694407282397e-4,0e0,0e0,0e0,3.3876917586894706e-4,3.3369646189385094e-4,1.432406497769989e-4,1.8634456864674576e-4,3.698246109706815e-5,3.280045002611587e-4,0e0,7.90270569268614e-5,0e0,2,0,4,4,2,0,0,0,2,4,2,2,2,6,0,2,0,34,0,101,0,34,0,35,0,34,118,84,0,0,70,24,10,0
7,1,1,0.3,1,2,3000,5.715286359190941e-3,0e0,2.3835313186282292e-5,5.549183362063559e-5,1.3065665552858263e-4,0e0,0e0,0e0,2.882222797779832e-4,3.399483975954354e-4,1.1724574869731441e-4,1.8531709065428004e-4,3.434040718275355e-5,2.920072347478708e-4,0e0,8.917705054045655e-5,0e0,2,0,4,4,2,0,0,0,2,4,2,2,2,6,0,2,0,34,0,102,0,34,0,34,0,34,118,83,0,0,71,24,10,0
7,1,1,0.3,1,2,3120,5.707502132281661e-3,0e0,1.5425882338604424e-5,4.500192045497897e-5,1.1887841174029745e-4,0e0,0e0,0e0,2.472863343427889e-4,3.448777861194685e-4,9.303788101533428e-5,1.8207499306299724e-4,3.274829668953316e-5,2.65240722001181e-4,0e0,9.569802568876185e-5,0e0,2,0,4,4,2,0,0,0,2,4,2,2,2,6,0,2,0,34,0,102,0,34,0,34,0,34,119,82,0,0,71,24,10,0
7,1,1,0.3,1,2,3240,5.69816236384213e-3,0e0,1.063827824054897e-5,3.7596362290059915e-5,1.0910328273894265e-4,0e0,0e0,0e0,2.1451779321068898e-4,3.4886502180597745e-4,7.443033064191695e-5,1.7649884830461815e-4,3.147970528516453e-5,2.44197629399423e-4,0e0,9.833135482040234e-5,0e0,2,0,4,4,2,0,0,0,2,4,2,2,2,6,0,2,0,34,0,102,0,34,0,34,0,34,118,82,0,0,72,24,10,0
7,1,1,0.3,1,2,3360,5.687144119292498e-3,0e0,8.04968948386886e-6,3.264697028271257e-5,1.0086733527714387e-4,0e0,0e0,0e0,1.8838225514627993e-4,3.508924346533604e-4,6.085039603931364e-5,1.6965467511909083e-4,3.01754644169705e-5,2.265710754727479e-4,0e0,9.760572356753983e-5,0e0,2,0,4,4,2,0,0,0,2,4,2,2,2,6,0,2,0,34,0,102,0,34,0,34,0,34,118,82,0,0,72,24,10,0
7,1,1,0.3,1,2,3480,5.674365675076842e-3,0e0,6.991974402126289e-6,2.9617898235301254e-5,9.381969357491471e-5,0e0,0e0,0e0,1.6744400636525825e-4,3.50327853084309e-4,5.101387341710506e-5,1.6222475096583366e-4,2.8691909392364323e-5,2.1080305123177823e-4,0e0,9.444124043511692e-5,0e0,2,0,4,4,2,0,0,0,2,4,2,2,2,6,0,2,0,34,0,102,0,34,0,34,0,34,118,82,0,0,72,24,10,0
7,1,1,0.3,1,2,3600,5.6598365772515535e-3,0e0,7.071832868632555e-6,2.8045253486652655e-5,8.763145160628483e-5,0e0,0e0,0e0,1.5042023005662486e-4,3.4698752642725594e-4,4.383498708193656e-5,1.544760525575839e-4,2.6987961973645724e-5,1.959533119588741e-4,0e0,8.982861618278548e-5,0e0,2,0,4,4,2,0,0,0,2,4,2,2,2,6,0,2,0,34,0,102,0,34,0,34,0,34,118,82,0,0,72,24,10,0
19,0,0,0.0,0,0,120,0e0,6.166701723486767e-6,8.387659633513067e-7,4.125920582964682e-6,0e0,0e0,0e0,7.4204395303922865e-6,4.857864382756816e-6,0e0,1.3874380044853751e-6,2.636278054524155e-6,0e0,7.294214839248525e-6,5.128333853576805e-6,6.941418462247384e-6,0e0,0,4,2,4,0,0,0,4,2,0,2,2,0,4,6,2,0,0,0,56,12,0,68,68,34,11,91,102,0,0,0,102,0,0
19,0,0,0.0,0,0,240,0e0,3.214193355915995e-10,5.2656545790341625e-11,2.3122725956170598e-10,0e0,0e0,0e0,3.9121506034689446e-10,2.7407431879566957e-10,0e0,7.624478826073755e-11,1.4505729950542445e-10,0e0,4.0823877611728676e-10,2.6843238742912945e-10,3.942588477912068e-10,0e0,0,4,2,4,0,0,0,4,2,0,2,2,0,4,6,2,0,0,0,56,12,0,68,68,34,12,90,102,0,0,0,102,0,0
19,0,0,0.0,0,0,360,0e0,1.8118839761882555e-13,1.5365486660812167e-13,2.531308496145357e-14,0e0,0e0,0e0,4.618527782440651e-14,5.795364188543317e-14,0e0,2.7000623958883807e-13,8.881784197001252e-14,0e0,4.18332035678759e-13,3.375077994860476e-13,2.0605739337042905e-13,0e0,0,4,2,4,0,0,0,4,2,0,2,2,0,4,6,2,0,0,0,56,12,0,68,68,34,12,90,102,0,0,0,102,0,0
19,0,0,0.0,0,0,480,0e0,1.794120407794253e-13,1.5365486660812167e-13,1.8207657603852567e-14,0e0,0e0,0e0,4.884981308350689e-14,3.2862601528904634e-14,0e0,2.7000623958883807e-13,4.618527782440651e-14,0e0,5.995204332975845e-13,3.481659405224491e-13,1.9184653865522705e-13,0e0,0,4,2,4,0,0,0,4,2,0,2,2,0,4,6,2,0,0,0,56,12,0,68,68,34,12,90,102,0,0,0,102,0,0
19,0,0,0.0,0,0,600,0e0,1.8118839761882555e-13,1.5365486660812167e-13,2.4646951146678475e-14,0e0,0e0,0e0,7.37188088351104e-14,6.505906924303417e-14,0e0,3.517186542012496e-13,6.394884621840902e-14,0e0,4.289901767151605e-13,3.055333763768431e-13,2.7711166694643907e-13,0e0,0,4,2,4,0,0,0,4,2,0,2,2,0,4,6,2,0,0,0,56,12,0,68,68,34,12,90,102,0,0,0,102,0,0
19,0,0,0.0,0,0,720,0e0,1.5898393712632242e-13,1.5365486660812167e-13,2.531308496145357e-14,0e0,0e0,0e0,4.3520742565306136e-14,3.6637359812630166e-14,0e0,2.3803181647963356e-13,8.881784197001252e-14,0e0,4.0678571622265736e-13,3.375077994860476e-13,2.7711166694643907e-13,0e0,0,4,2,4,0,0,0,4,2,0,2,2,0,4,6,2,0,0,0,56,12,0,68,68,34,12,90,102,0,0,0,102,0,0
19,0,0,0.0,0,0,840,0e0,1.092459456231154e-13,1.1457501614131615e-13,3.885780586188048e-14,0e0,0e0,0e0,3.019806626980426e-14,1.887379141862766e-14,0e0,2.7000623958883807e-13,7.105427357601002e-14,0e0,1.0205170042354439e-12,4.476419235288631e-13,2.0605739337042905e-13,0e0,0,4,2,4,0,0,0,4,2,0,2,2,0,4,6,2,0,0,0,56,12,0,68,68,34,12,90,102,0,0,0,102,0,0
19,0,0,0.0,0,0,960,0e0,6.750155989720952e-14,1.1457501614131615e-13,5.129230373768223e-14,0e0,0e0,0e0,3.9968028886505635e-14,3.2862601528904634e-14,0e0,2.0961010704922955e-13,1.0302869668521453e-13,0e0,1.2372325386422744e-12,4.050093593832571e-13,3.304023721284466e-13,0e0,0,4,2,4,0,0,0,4,2,0,2,2,0,4,6,2,0,0,0,56,12,0,68,68,34,12,90,102,0,0,0,102,0,0
19,0,0,0.0,0,0,1080,0e0,3.907985046680551e-14,1.3677947663381929e-13,4.4853010194856324e-14,0e0,0e0,0e0,6.927791673660977e-14,3.2862601528904634e-14,0e0,2.6290081223123707e-13,1.0302869668521453e-13,0e0,1.2807532812075806e-12,4.121147867408581e-13,3.197442310920451e-13,0e0,0,4,2,4,0,0,0,4,2,0,2,2,0,4,6,2,0,0,0,56,12,0,68,68,34,12,90,102,0,0,0,102,0,0
19,0,0,0.0,0,0,1200,0e0,4.005684672847565e-13,2.318145675417327e-13,2.220446049250313e-14,0e0,0e0,0e0,1.092459456231154e-13,6.505906924303417e-14,0e0,3.659295089164516e-13,7.815970093361102e-14,0e0,2.575717417130363e-13,3.623767952376511e-13,2.3092638912203256e-13,0e0,0,4,2,4,0,0,0,4,2,0,2,2,0,4,6,2,0,0,0,56,12,0,68,68,34,12,90,102,0,0,0,102,0,0
19,0,0,0.0,0,1,1320,0e0,7.638334409421077e-13,5.044853423896711e-13,1.0325074129013956e-13,0e0,0e0,0e0,1.723066134218243e-13,1.2168044349891716e-13,0e0,5.044853423896711e-13,4.050093593832571e-13,0e0,2.504663143554353e-13,2.6645352591003757e-13,2.2026824808563106e-13,0e0,0,4,2,4,0,0,0,4,2,0,2,2,0,4,6,2,0,0,0,56,12,0,68,68,34,12,90,102,0,0,0,102,0,0
19,0,0,0.0,0,1,1440,0e0,2.637889906509372e-13,1.0391687510491465e-13,1.48991929904696e-13,0e0,0e0,0e0,3.5704772471945034e-13,1.1213252548714081e-13,0e0,3.268496584496461e-13,4.583000645652646e-13,0e0,1.63158375698913e-12,1.55964130499342e-12,3.339550858072471e-13,0e0,0,4,2,4,0,0,0,4,2,0,2,2,0,4,6,2,0,0,0,56,12,0,68,68,34,12,90,102,0,0,0,102,0,0
19,0,0,0.0,0,1,1560,0e0,2.8757265901901974e-8,1.382037950747872e-8,2.002559584823871e-8,0e0,0e0,0e0,2.6733404823175988e-8,1.5903415473417226e-8,0e0,4.132953534963235e-9,2.524822306781971e-8,0e0,4.38274669889438e-8,6.521774054135676e-8,6.920963357970322e-9,0e0,0,4,2,4,0,0,0,4,2,0,2,2,0,4,6,2,0,0,0,56,12,0,68,68,34,12,90,102,0,0,0,102,0,0
19,0,0,0.0,0,1,1680,0e0,3.3928415632544784e-13,1.1013412404281553e-13,5.075939668586216e-13,0e0,0e0,0e0,5.488942633746774e-13,3.9612757518625585e-13,0e0,5.3290705182007514e-14,7.567280135845067e-13,0e0,2.438937940496544e-12,2.3732127374387346e-12,3.943512183468556e-13,0e0,0,4,2,4,0,0,0,4,2,0,2,2,0,4,6,2,0,0,0,56,12,0,68,68,34,12,90,102,0,0,0,102,0,0
19,0,0,0.0,0,1,1800,0e0,5.724869289736034e-8,2.4891086525258288e-8,4.834285505239677e-8,0e0,0e0,0e0,5.035055838931157e-8,3.2825569817873657e-8,0e0,1.1994067961040855e-8,5.287156312760999e-8,0e0,9.420540880711314e-8,1.3245785979165703e-7,1.4385623359203237e-8,0e0,0,4,2,4,0,0,0,4,2,0,2,2,0,4,6,2,0,0,0,56,12,0,68,68,34,12,90,102,0,0,0,102,0,0
19,0,0,0.0,0,1,1920,0e0,8.748557434046234e-13,6.759037773917953e-13,5.131450819817474e-13,0e0,0e0,0e0,2.708944180085382e-13,3.3950620093037287e-13,0e0,4.760636329592671e-13,5.115907697472721e-13,0e0,3.668176873361517e-13,7.567280135845067e-13,4.156675004196586e-13,0e0,0,4,2,4,0,0,0,4,2,0,2,2,0,4,6,2,0,0,0,56,12,0,68,68,34,12,90,102,0,0,0,102,0,0
19,0,0,0.0,0,1,2040,0e0,6.666749818862172e-9,2.453811376312842e-9,6.741966762646712e-9,0e0,0e0,0e0,5.005917458333897e-9,4.3475312239138475e-9,0e0,3.153243000042494e-9,6.326313695126373e-9,0e0,1.2985275965604615e-8,1.511822134148133e-8,1.512198366526718e-9,0e0,0,4,2,4,0,0,0,4,2,0,2,2,0,4,6,2,0,0,0,56,12,0,68,68,34,12,90,102,0,0,0,102,0,0
19,0,0,0.0,0,1,2160,0e0,1.667110893777135e-12,1.226574397605873e-12,9.603429163007604e-13,0e0,0e0,0e0,8.757439218243235e-13,6.388223283693151e-13,0e0,1.2718714970105793e-12,1.1155520951433573e-12,0e0,8.428813202954188e-13,1.801225835151854e-12,5.222489107836736e-13,0e0,0,4,2,4,0,0,0,4,2,0,2,2,0,4,6,2,0,0,0,56,12,0,68,68,34,12,90,102,0,0,0,102,0,0
19,0,0,0.0,0,1,2280,0e0,3.4502090073829095e-10,1.0971223929345797e-10,3.3123770393217455e-10,0e0,0e0,0e0,1.9037660337062334e-10,2.351312478054979e-10,0e0,3.20422799404696e-10,2.7831248416987364e-10,0e0,7.422098491360885e-10,7.552323211257317e-10,5.832845317854662e-11,0e0,0,4,2,4,0,0,0,4,2,0,2,2,0,4,6,2,0,0,0,56,12,0,68,68,34,12,90,102,0,0,0,102,0,0
19,0,0,0.0,0,1,2400,0e0,1.7875383662158129e-6,5.919283836419709e-7,1.7380083221496534e-6,0e0,0e0,0e0,1.002175935127525e-6,1.2353105489637528e-6,0e0,1.695091455644615e-6,1.4723858754450703e-6,0e0,3.6632628166444192e-6,3.8585690624870495e-6,3.1750002804642463e-7,0e0,0,4,2,4,0,0,0,4,2,0,2,2,0,4,6,2,0,0,0,56,12,0,68,68,34,12,90,102,0,0,0,102,0,0
19,0,0,0.0,0,2,2520,0e0,3.6504133049675147e-13,9.325873406851315e-14,4.976019596369952e-13,0e0,0e0,0e0,4.2010839251815923e-13,3.348432642269472e-13,0e0,4.973799150320701e-14,4.760636329592671e-13,0e0,1.5756285165480222e-12,1.978861519091879e-12,3.623767952376511e-13,0e0,0,4,2,4,0,0,0,4,2,0,2,2,0,4,6,2,0,0,0,56,12,0,68,68,34,12,90,102,0,0,0,102,0,0
19,0,0,0.0,0,2,2640,0e0,1.3924372765927728e-9,4.412115117702342e-10,1.440451091738737e-9,0e0,0e0,0e0,8.336913381867816e-10,9.892975327829845e-10,0e0,1.3156196132513287e-9,1.1653398246380675e-9,0e0,2.9799265277574705e-9,3.166633177897893e-9,2.659774622770783e-10,0e0,0,4,2,4,0,0,0,4,2,0,2,2,0,4,6,2,0,0,0,56,12,0,68,68,34,12,90,102,0,0,0,102,0,0
19,0,0,0.0,0,2,2760,0e0,6.392664175791651e-11,2.099742602013066e-11,7.828293568934441e-11,0e0,0e0,0e0,5.423661519898815e-11,4.997713354271127e-11,0e0,3.735323161890847e-11,6.551559295076004e-11,0e0,1.609574695748961e-10,1.709992147880257e-10,1.6051160400820663e-11,0e0,0,4,2,4,0,0,0,4,2,0,2,2,0,4,6,2,0,0,0,56,12,0,68,68,34,12,90,102,0,0,0,102,0,0
19,0,0,0.0,0,2,2880,0e0,1.7962046960917633e-8,9.231897912798104e-9,5.798205027218728e-9,0e0,0e0,0e0,1.3360744510748646e-8,2.9658693279088766e-9,0e0,1.1538034527802665e-8,1.0799610095091339e-8,0e0,1.6479858366835742e-8,4.093704575325319e-8,3.617266486344306e-9,0e0,0,4,2,4,0,0,0,4,2,0,2,2,0,4,6,2,0,0,0,56,12,0,68,68,34,12,90,102,0,0,0,102,0,0
19,0,0,0.0,0,2,3000,0e0,6.642686400937237e-12,3.391065206415078e-12,2.2450930003969916e-12,0e0,0e0,0e0,1.1883827255587676e-12,2.2666313270747196e-12,0e0,1.0683010032153106e-11,3.97193389289896e-12,0e0,8.353318037279678e-12,1.3347545291253482e-11,1.4566126083082054e-12,0e0,0,4,2,4,0,0,0,4,2,0,2,2,0,4,6,2,0,0,0,56,12,0,68,68,34,12,90,102,0,0,0,102,0,0
19,0,0,0.0,0,2,3120,0e0,1.7713044364597863e-8,5.229471078393999e-9,1.4013450400085503e-8,0e0,0e0,0e0,6.721212031379764e-9,8.371214832436635e-9,0e0,2.0990576388157933e-8,1.0555666563050181e-8,0e0,2.689321743076789e-8,3.459084396695289e-8,3.01985281225825e-9,0e0,0,4,2,4,0,0,0,4,2,0,2,2,0,4,6,2,0,0,0,56,12,0,68,68,34,12,90,102,0,0,0,102,0,0
19,0,0,0.0,0,2,3240,0e0,1.905979729599494e-8,1.1042013525752736e-8,1.2783962555218409e-8,0e0,0e0,0e0,2.009042709971709e-8,6.6410015264750655e-9,0e0,9.350042518008195e-9,1.624279732936884e-8,0e0,2.7964531135182824e-8,5.0276209861976895e-8,4.066954772952158e-9,0e0,0,4,2,4,0,0,0,4,2,0,2,2,0,4,6,2,0,0,0,56,12,0,68,68,34,12,90,102,0,0,0,102,0,0
19,0,0,0.0,0,2,3360,0e0,1.015111372737465e-8,4.1453773746980005e-9,1.4787520097314655e-9,0e0,0e0,0e0,2.7413742387238926e-9,7.137670454682166e-10,0e0,1.1249014164604887e-8,3.1647680032165226e-9,0e0,6.879146141614001e-9,1.6204868558133967e-8,1.0411227435724868e-9,0e0,0,4,2,4,0,0,0,4,2,0,2,2,0,4,6,2,0,0,0,56,12,0,68,68,34,12,90,102,0,0,0,102,0,0
19,0,0,0.0,0,2,3480,0e0,2.4064217285513223e-10,1.4367884659804986e-10,2.602720261535296e-10,0e0,0e0,0e0,3.036255691313272e-10,1.3928591613421304e-10,0e0,1.2928325077155023e-10,2.609716887036484e-10,0e0,4.685931642711694e-10,6.965414911519474e-10,5.922728973928315e-11,0e0,0,4,2,4,0,0,0,4,2,0,2,2,0,4,6,2,0,0,0,56,12,0,68,68,34,12,90,102,0,0,0,102,0,0
19,0,0,0.0,0,2,3600,0e0,9.37070243622884e-9,5.689845927747683e-9,2.8974576071760794e-9,0e0,0e0,0e0,7.344414854060233e-9,1.3274430443743768e-9,0e0,7.590621464714786e-9,5.337280839512459e-9,0e0,1.0153784479882688e-8,2.051609726549941e-8,1.3145324828656157e-9,0e0,0,4,2,4,0,0,0,4,2,0,2,2,0,4,6,2,0,0,0,56,12,0,68,68,34,12,90,102,0,0,0,102,0,0
19,0,0,0.0,1,0,120,0e0,6.166701723486767e-6,8.387659633513067e-7,4.125920582964682e-6,0e0,0e0,0e0,7.4204395303922865e-6,4.857864382756816e-6,0e0,1.3874380044853751e-6,2.636278054524155e-6,0e0,7.294214839248525e-6,5.128333853576805e-6,6.941418462247384e-6,0e0,0,4,2,4,0,0,0,4,2,0,2,2,0,4,6,2,0,0,0,56,12,0,68,68,34,11,91,102,0,0,0,102,0,0
19,0,0,0.0,1,0,240,0e0,3.214193355915995e-10,5.2656545790341625e-11,2.3122725956170598e-10,0e0,0e0,0e0,3.9121506034689446e-10,2.7407431879566957e-10,0e0,7.624478826073755e-11,1.4505729950542445e-10,0e0,4.0823877611728676e-10,2.6843238742912945e-10,3.942588477912068e-10,0e0,0,4,2,4,0,0,0,4,2,0,2,2,0,4,6,2,0,0,0,56,12,0,68,68,34,12,90,102,0,0,0,102,0,0
19,0,0,0.0,1,0,360,0e0,1.8118839761882555e-13,1.5365486660812167e-13,2.531308496145357e-14,0e0,0e0,0e0,4.618527782440651e-14,5.795364188543317e-14,0e0,2.7000623958883807e-13,8.881784197001252e-14,0e0,4.18332035678759e-13,3.375077994860476e-13,2.0605739337042905e-13,0e0,0,4,2,4,0,0,0,4,2,0,2,2,0,4,6,2,0,0,0,56,12,0,68,68,34,12,90,102,0,0,0,102,0,0
19,0,0,0.0,1,0,480,0e0,1.794120407794253e-13,1.5365486660812167e-13,1.8207657603852567e-14,0e0,0e0,0e0,4.884981308350689e-14,3.2862601528904634e-14,0e0,2.7000623958883807e-13,4.618527782440651e-14,0e0,5.995204332975845e-13,3.481659405224491e-13,1.9184653865522705e-13,0e0,0,4,2,4,0,0,0,4,2,0,2,2,0,4,6,2,0,0,0,56,12,0,68,68,34,12,90,102,0,0,0,102,0,0
19,0,0,0.0,1,0,600,0e0,1.8118839761882555e-13,1.5365486660812167e-13,2.4646951146678475e-14,0e0,0e0,0e0,7.37188088351104e-14,6.505906924303417e-14,0e0,3.517186542012496e-13,6.394884621840902e-14,0e0,4.289901767151605e-13,3.055333763768431e-13,2.7711166694643907e-13,0e0,0,4,2,4,0,0,0,4,2,0,2,2,0,4,6,2,0,0,0,56,12,0,68,68,34,12,90,102,0,0,0,102,0,0
19,0,0,0.0,1,0,720,0e0,1.5898393712632242e-13,1.5365486660812167e-13,2.531308496145357e-14,0e0,0e0,0e0,4.3520742565306136e-14,3.6637359812630166e-14,0e0,2.3803181647963356e-13,8.881784197001252e-14,0e0,4.0678571622265736e-13,3.375077994860476e-13,2.7711166694643907e-13,0e0,0,4,2,4,0,0,0,4,2,0,2,2,0,4,6,2,0,0,0,56,12,0,68,68,34,12,90,102,0,0,0,102,0,0
19,0,0,0.0,1,0,840,0e0,1.092459456231154e-13,1.1457501614131615e-13,3.885780586188048e-14,0e0,0e0,0e0,3.019806626980426e-14,1.887379141862766e-14,0e0,2.7000623958883807e-13,7.105427357601002e-14,0e0,1.0205170042354439e-12,4.476419235288631e-13,2.0605739337042905e-13,0e0,0,4,2,4,0,0,0,4,2,0,2,2,0,4,6,2,0,0,0,56,12,0,68,68,34,12,90,102,0,0,0,102,0,0
19,0,0,0.0,1,0,960,0e0,6.750155989720952e-14,1.1457501614131615e-13,5.129230373768223e-14,0e0,0e0,0e0,3.9968028886505635e-14,3.2862601528904634e-14,0e0,2.0961010704922955e-13,1.0302869668521453e-13,0e0,1.2372325386422744e-12,4.050093593832571e-13,3.304023721284466e-13,0e0,0,4,2,4,0,0,0,4,2,0,2,2,0,4,6,2,0,0,0,56,12,0,68,68,34,12,90,102,0,0,0,102,0,0
19,0,0,0.0,1,0,1080,0e0,3.907985046680551e-14,1.3677947663381929e-13,4.4853010194856324e-14,0e0,0e0,0e0,6.927791673660977e-14,3.2862601528904634e-14,0e0,2.6290081223123707e-13,1.0302869668521453e-13,0e0,1.2807532812075806e-12,4.121147867408581e-13,3.197442310920451e-13,0e0,0,4,2,4,0,0,0,4,2,0,2,2,0,4,6,2,0,0,0,56,12,0,68,68,34,12,90,102,0,0,0,102,0,0
19,0,0,0.0,1,0,1200,0e0,4.005684672847565e-13,2.318145675417327e-13,2.220446049250313e-14,0e0,0e0,0e0,1.092459456231154e-13,6.505906924303417e-14,0e0,3.659295089164516e-13,7.815970093361102e-14,0e0,2.575717417130363e-13,3.623767952376511e-13,2.3092638912203256e-13,0e0,0,4,2,4,0,0,0,4,2,0,2,2,0,4,6,2,0,0,0,56,12,0,68,68,34,12,90,102,0,0,0,102,0,0
19,0,0,0.0,1,1,1320,0e0,7.638334409421077e-13,5.044853423896711e-13,1.0325074129013956e-13,0e0,0e0,0e0,1.723066134218243e-13,1.2168044349891716e-13,0e0,5.044853423896711e-13,4.050093593832571e-13,0e0,2.504663143554353e-13,2.6645352591003757e-13,2.2026824808563106e-13,0e0,0,4,2,4,0,0,0,4,2,0,2,2,0,4,6,2,0,0,0,56,12,0,68,68,34,12,90,102,0,0,0,102,0,0
19,0,0,0.0,1,1,1440,0e0,2.637889906509372e-13,1.0391687510491465e-13,1.48991929904696e-13,0e0,0e0,0e0,3.5704772471945034e-13,1.1213252548714081e-13,0e0,3.268496584496461e-13,4.583000645652646e-13,0e0,1.63158375698913e-12,1.55964130499342e-12,3.339550858072471e-13,0e0,0,4,2,4,0,0,0,4,2,0,2,2,0,4,6,2,0,0,0,56,12,0,68,68,34,12,90,102,0,0,0,102,0,0
19,0,0,0.0,1,1,1560,0e0,2.8757265901901974e-8,1.382037950747872e-8,2.002559584823871e-8,0e0,0e0,0e0,2.6733404823175988e-8,1.5903415473417226e-8,0e0,4.132953534963235e-9,2.524822306781971e-8,0e0,4.38274669889438e-8,6.521774054135676e-8,6.920963357970322e-9,0e0,0,4,2,4,0,0,0,4,2,0,2,2,0,4,6,2,0,0,0,56,12,0,68,68,34,12,90,102,0,0,0,102,0,0
19,0,0,0.0,1,1,1680,0e0,3.3928415632544784e-13,1.1013412404281553e-13,5.075939668586216e-13,0e0,0e0,0e0,5.488942633746774e-13,3.9612757518625585e-13,0e0,5.3290705182007514e-14,7.567280135845067e-13,0e0,2.438937940496544e-12,2.3732127374387346e-12,3.943512183468556e-13,0e0,0,4,2,4,0,0,0,4,2,0,2,2,0,4,6,2,0,0,0,56,12,0,68,68,34,12,90,102,0,0,0,102,0,0
19,0,0,0.0,1,1,1800,0e0,5.724869289736034e-8,2.4891086525258288e-8,4.834285505239677e-8,0e0,0e0,0e0,5.035055838931157e-8,3.2825569817873657e-8,0e0,1.1994067961040855e-8,5.287156312760999e-8,0e0,9.420540880711314e-8,1.3245785979165703e-7,1.4385623359203237e-8,0e0,0,4,2,4,0,0,0,4,2,0,2,2,0,4,6,2,0,0,0,56,12,0,68,68,34,12,90,102,0,0,0,102,0,0
19,0,0,0.0,1,1,1920,0e0,8.748557434046234e-13,6.759037773917953e-13,5.131450819817474e-13,0e0,0e0,0e0,2.708944180085382e-13,3.3950620093037287e-13,0e0,4.760636329592671e-13,5.115907697472721e-13,0e0,3.668176873361517e-13,7.567280135845067e-13,4.156675004196586e-13,0e0,0,4,2,4,0,0,0,4,2,0,2,2,0,4,6,2,0,0,0,56,12,0,68,68,34,12,90,102,0,0,0,102,0,0
19,0,0,0.0,1,1,2040,0e0,1.5666240500422646e-6,6.999031256782473e-7,8.751855844479905e-7,0e0,0e0,0e0,1.6193637506489722e-6,5.50053712800036e-7,0e0,6.896726887362092e-7,1.6675234348895174e-6,0e0,1.7358537149902986e-6,3.549045196393763e-6,4.5561796824244993e-7,0e0,0,4,2,4,0,0,0,4,2,0,2,2,0,4,6,2,0,0,0,56,12,0,68,68,34,12,90,102,0,0,0,102,0,0
19,0,0,0.0,1,1,2160,0e0,7.075121359889636e-7,2.7532253454864986e-7,8.050616107091457e-8,0e0,0e0,0e0,4.584462551804336e-7,2.628889568256909e-7,0e0,5.851547832946835e-7,2.5457034169562576e-7,0e0,8.034223526465212e-7,5.573500025946032e-7,3.1081949458666713e-8,0e0,0,4,2,4,0,0,0,4,2,0,2,2,0,4,6,2,0,0,0,56,12,0,68,68,34,12,90,102,0,0,0,102,0,0
19,0,0,0.0,1,1,2280,0e0,3.3900544593734594e-9,1.198161569959666e-10,2.585758274165073e-10,0e0,0e0,0e0,2.0246648801958145e-10,8.240412796567398e-10,0e0,3.4457521280728542e-9,1.0807141848090396e-9,0e0,1.275983763093791e-9,2.0025900937525876e-9,6.771010419015511e-10,0e0,0,4,2,4,0,0,0,4,2,0,2,2,0,4,6,2,0,0,0,56,12,0,68,68,34,12,90,102,0,0,0,102,0,0
19,0,0,0.0,1,1,2400,0e0,6.421529974431905e-13,1.438849039914203e-13,1.716404796070492e-13,0e0,0e0,0e0,1.4654943925052066e-13,1.0391687510491465e-13,0e0,6.323830348264892e-13,1.1723955140041653e-13,0e0,1.758593271006248e-13,5.790923296444817e-13,8.881784197001252e-14,0e0,0,4,2,4,0,0,0,4,2,0,2,2,0,4,6,2,0,0,0,56,12,0,68,68,34,12,90,102,0,0,0,102,0,0
19,0,0,0.0,1,2,2520,0e0,4.511946372076636e-13,9.325873406851315e-14,1.7319479184152442e-14,0e0,0e0,0e0,8.615330671091215e-14,1.6786572132332367e-13,0e0,1.0658141036401503e-13,3.055333763768431e-13,0e0,2.8688162956314045e-13,3.197442310920451e-13,4.014566457044566e-13,0e0,0,4,2,4,0,0,0,4,2,0,2,2,0,4,6,2,0,0,0,56,12,0,68,68,34,12,90,102,0,0,0,102,0,0
19,0,0,0.0,1,2,2640,0e0,7.547318112699486e-7,8.08162248233657e-8,4.3779428082757477e-8,0e0,0e0,0e0,9.878953566300197e-8,7.178006544705795e-8,0e0,6.982530820209831e-8,2.721048630860423e-8,0e0,1.998296639271757e-8,9.939270384506926e-8,4.9490644471461565e-8,0e0,0,4,2,4,0,0,0,4,2,0,2,2,0,4,6,2,0,0,0,56,12,0,68,68,34,12,90,102,0,0,0,102,0,0
19,0,0,0.0,1,2,2760,0e0,1.786922831925608e-7,7.885047637046227e-8,3.2521455750611494e-8,0e0,0e0,0e0,1.7192354206940763e-8,2.0066393879858424e-8,0e0,1.6056656448881768e-8,3.2320226495130555e-8,0e0,1.0730955413151833e-7,4.0497965869690233e-8,5.464084296136207e-9,0e0,0,4,2,4,0,0,0,4,2,0,2,2,0,4,6,2,0,0,0,56,12,0,68,68,34,12,90,102,0,0,0,102,0,0
19,0,0,0.0,1,2,2880,0e0,5.954552406706171e-10,2.9411584279159797e-10,3.3532887577791826e-10,0e0,0e0,0e0,1.1824052847941857e-10,1.4564993655596936e-10,0e0,5.498215216448443e-10,1.0758327562143677e-10,0e0,1.8771473264678207e-10,8.436593645910762e-10,2.446398639222025e-11,0e0,0,4,2,4,0,0,0,4,2,0,2,2,0,4,6,2,0,0,0,56,12,0,68,68,34,12,90,102,0,0,0,102,0,0
19,0,0,0.0,1,2,3000,0e0,1.1441958491786863e-10,6.123901385990393e-11,6.959499643244271e-11,0e0,0e0,0e0,2.4447111002245947e-11,2.8063773527264857e-11,0e0,1.0469847211425076e-10,1.764988155628089e-11,0e0,3.97344379621245e-11,1.85739423841369e-10,2.9878322038712213e-12,0e0,0,4,2,4,0,0,0,4,2,0,2,2,0,4,6,2,0,0,0,56,12,0,68,68,34,12,90,102,0,0,0,102,0,0
19,0,0,0.0,1,2,3120,0e0,2.7953359182930626e-7,3.406223658686258e-8,1.7333026125498918e-9,0e0,0e0,0e0,3.299902662234899e-8,3.471317189251977e-8,0e0,1.9986174493169528e-7,6.887056613891218e-8,0e0,1.3234144624618693e-7,2.25039112677905e-7,2.040296109839801e-8,0e0,0,4,2,4,0,0,0,4,2,0,2,2,0,4,6,2,0,0,0,56,12,0,68,68,34,12,90,102,0,0,0,102,0,0
19,0,0,0.0,1,2,3240,0e0,2.1935070204648355e-7,1.1036152969268187e-7,4.568178058050876e-8,0e0,0e0,0e0,2.6861778579245765e-7,1.2382941250166368e-7,0e0,1.3536908483047227e-7,1.899191381937726e-7,0e0,2.899148059398726e-7,6.718705982677875e-7,1.364020079108741e-7,0e0,0,4,2,4,0,0,0,4,2,0,2,2,0,4,6,2,0,0,0,56,12,0,68,68,34,12,90,102,0,0,0,102,0,0
19,0,0,0.0,1,2,3360,0e0,9.344417364332003e-7,4.026603548368257e-7,3.103580343832846e-7,0e0,0e0,0e0,2.6456056190227173e-7,3.0450880217358645e-7,0e0,3.0390383543021926e-7,8.180920829659044e-8,0e0,1.0066317734924723e-6,9.347154446004424e-7,1.3632337214630752e-7,0e0,0,4,2,4,0,0,0,4,2,0,2,2,0,4,6,2,0,0,0,56,12,0,68,68,34,11,91,102,0,0,0,102,0,0
19,0,0,0.0,1,2,3480,0e0,8.016831642976285e-10,7.810010416164914e-10,3.9373615479121327e-10,0e0,0e0,0e0,5.552207582582014e-10,1.0061018684837109e-10,0e0,3.4354386002632964e-10,2.4279245280922623e-11,0e0,1.4127277125908222e-10,1.652189496326173e-10,4.198597025606432e-11,0e0,0,4,2,4,0,0,0,4,2,0,2,2,0,4,6,2,0,0,0,56,12,0,68,68,34,12,90,102,0,0,0,102,0,0
19,0,0,0.0,1,2,3600,0e0,1.0335909905734297e-10,5.305711425762638e-11,7.692668724246232e-11,0e0,0e0,0e0,9.972289660709066e-11,5.544453784978032e-13,0e0,1.7188028778036823e-11,1.4708234630234074e-12,0e0,1.0453859999870474e-12,2.2019719381205505e-11,8.455458555545192e-13,0e0,0,4,2,4,0,0,0,4,2,0,2,2,0,4,6,2,0,0,0,56,12,0,68,68,34,12,90,102,0,0,0,102,0,0
19,0,0,0.3,0,0,120,0e0,3.2613503572065383e-3,1.4038172048458364e-4,3.877142531564459e-3,0e0,0e0,0e0,1.14056293386966e-3,1.56174719450064e-3,0e0,3.981619574915385e-4,5.32818550709635e-3,0e0,1.413413294358179e-3,5.908086295676185e-4,9.030427827383392e-4,0e0,0,4,2,4,0,0,0,4,2,0,2,2,0,4,6,2,0,0,6,34,34,0,62,72,34,0,102,98,0,0,0,102,0,0
19,0,0,0.3,0,0,240,0e0,3.1707510934211314e-3,1.5310518210753798e-4,3.980294364737347e-3,0e0,0e0,0e0,1.040339979226701e-3,1.5541450848104432e-3,0e0,4.3087387712148484e-4,5.4427553550340235e-3,0e0,1.434688936569728e-3,5.69704548070149e-4,8.086033194558695e-4,0e0,0,4,2,4,0,0,0,4,2,0,2,2,0,4,6,2,0,0,6,34,34,0,62,72,34,0,102,98,0,0,0,102,0,0
19,0,0,0.3,0,0,360,0e0,3.1668685551267117e-3,1.537509979243623e-4,3.9850785688031465e-3,0e0,0e0,0e0,1.036014382407302e-3,1.5537976869381964e-3,0e0,4.3215138612140436e-4,5.44793251901865e-3,0e0,1.4358618209371343e-3,5.690249290637439e-4,8.047935843933374e-4,0e0,0,4,2,4,0,0,0,4,2,0,2,2,0,4,6,2,0,0,6,34,34,0,62,72,34,0,102,98,0,0,0,102,0,0
19,0,0,0.3,0,0,480,0e0,3.1668622832512483e-3,1.5375193470390514e-4,3.985088464105502e-3,0e0,0e0,0e0,1.036002275213832e-3,1.5537921572104096e-3,0e0,4.3215365622018e-4,5.4479429963976145e-3,0e0,1.4358617409016006e-3,5.690231841981586e-4,8.047808514675125e-4,0e0,0,4,2,4,0,0,0,4,2,0,2,2,0,4,6,2,0,0,6,34,34,0,62,72,34,0,102,98,0,0,0,102,0,0
19,0,0,0.3,0,0,600,0e0,3.1668659794377163e-3,1.5375158000097144e-4,3.985095041571185e-3,0e0,0e0,0e0,1.0359990847064182e-3,1.5537921572104096e-3,0e0,4.3215365622018e-4,5.4479429963976145e-3,0e0,1.4358611952047795e-3,5.690255702575087e-4,8.047808514675125e-4,0e0,0,4,2,4,0,0,0,4,2,0,2,2,0,4,6,2,0,0,6,34,34,0,62,72,34,0,102,98,0,0,0,102,0,0
19,0,0,0.3,0,0,720,0e0,3.166868322296068e-3,1.5375055954791605e-4,3.985090501373634e-3,0e0,0e0,0e0,1.0359990847064182e-3,1.5537836952717043e-3,0e0,4.3215365622018e-4,5.4479429963976145e-3,0e0,1.4358607877511531e-3,5.690243365279457e-4,8.047751616686583e-4,0e0,0,4,2,4,0,0,0,4,2,0,2,2,0,4,6,2,0,0,6,34,34,0,62,72,34,0,102,98,0,0,0,102,0,0
19,0,0,0.3,0,0,840,0e0,3.1668659794377163e-3,1.5375158000097144e-4,3.9850920147728175e-3,0e0,0e0,0e0,1.0359990847064182e-3,1.5537836952717043e-3,0e0,4.321547912695678e-4,5.4479429963976145e-3,0e0,1.4358611952047795e-3,5.690237949238508e-4,8.047751616686583e-4,0e0,0,4,2,4,0,0,0,4,2,0,2,2,0,4,6,2,0,0,6,34,34,0,62,72,34,0,102,98,0,0,0,102,0,0
19,0,0,0.3,0,0,960,0e0,3.1668674928369e-3,1.5375158000097144e-4,3.98508706712164e-3,0e0,0e0,0e0,1.0359990847064182e-3,1.5537921572104096e-3,0e0,4.321547912695678e-4,5.4479429963976145e-3,0e0,1.4358565967995673e-3,5.690197381227335e-4,8.047751616686583e-4,0e0,0,4,2,4,0,0,0,4,2,0,2,2,0,4,6,2,0,0,6,34,34,0,62,72,34,0,102,98,0,0,0,102,0,0
19,0,0,0.3,0,0,1080,0e0,3.166862952639349e-3,1.5375055954791605e-4,3.985095041571185e-3,0e0,0e0,0e0,1.0359990847064182e-3,1.5537909930571914e-3,0e0,4.321547912695678e-4,5.4479429963976145e-3,0e0,1.4358643020386808e-3,5.69023410207592e-4,8.047751616686583e-4,0e0,0,4,2,4,0,0,0,4,2,0,2,2,0,4,6,2,0,0,6,34,34,0,62,72,34,0,102,98,0,0,0,102,0,0
19,0,0,0.3,0,0,1200,0e0,3.166858572512865e-3,1.5375353723356966e-4,3.9850950124673545e-3,0e0,0e0,0e0,1.0360018677602056e-3,1.5538014995399863e-3,0e0,4.321547912695678e-4,5.447918549180031e-3,0e0,1.4358611006173305e-3,5.690227717423113e-4,8.047788724070415e-4,0e0,0,4,2,4,0,0,0,4,2,0,2,2,0,4,6,2,0,0,6,34,34,0,62,72,34,0,102,98,0,0,0,102,0,0
19,0,0,0.3,0,1,1320,0e0,3.1668685551267117e-3,1.5374997747130692e-4,3.985083196312189e-3,0e0,0e0,0e0,1.0359957959735766e-3,1.5537763902102597e-3,0e0,4.3215365622018e-4,5.447950912639499e-3,0e0,1.4358653570525348e-3,5.690250836778432e-4,8.047776645980775e-4,0e0,0,4,2,4,0,0,0,4,2,0,2,2,0,4,6,2,0,0,6,34,34,0,62,72,34,0,102,98,0,0,0,102,0,0
19,0,0,0.3,0,1,1440,0e0,3.1668525334680453e-3,1.537511416245252e-4,3.985085058957338e-3,0e0,0e0,0e0,1.036004105117172e-3,1.553788548335433e-3,0e0,4.3215365622018e-4,5.447950912639499e-3,0e0,1.4358653497765772e-3,5.690261245945294e-4,8.047808514675125e-4,0e0,0,4,2,4,0,0,0,4,2,0,2,2,0,4,6,2,0,0,6,34,34,0,62,72,34,0,102,98,0,0,0,102,0,0
19,0,0,0.3,0,1,1560,0e0,3.166866459650919e-3,1.5374997747130692e-4,3.985082381404936e-3,0e0,0e0,0e0,1.0359968728153035e-3,1.55377879855223e-3,0e0,4.3215365622018e-4,5.44795929454267e-3,0e0,1.4358653570525348e-3,5.690238031093031e-4,8.047828305279836e-4,0e0,0,4,2,4,0,0,0,4,2,0,2,2,0,4,6,2,0,0,6,34,34,0,62,72,34,0,102,98,0,0,0,102,0,0
19,0,0,0.3,0,1,1680,0e0,3.166846843669191e-3,1.53751352627296e-4,3.985076502431184e-3,0e0,0e0,0e0,1.0360083542764187e-3,1.5537961153313518e-3,0e0,4.3215214282099623e-4,5.447953240945935e-3,0e0,1.4358664557221346e-3,5.690260313713225e-4,8.047808514675125e-4,0e0,0,4,2,4,0,0,0,4,2,0,2,2,0,4,6,2,0,0,6,34,34,0,62,72,34,0,102,98,0,0,0,102,0,0
19,0,0,0.3,0,1,1800,0e0,3.1668668088968843e-3,1.5375055954791605e-4,3.985089570051059e-3,0e0,0e0,0e0,1.0360002488596365e-3,1.5537978542852215e-3,0e0,4.321547912695678e-4,5.4479429963976145e-3,0e0,1.4358597618411295e-3,5.690166040039912e-4,8.047751616686583e-4,0e0,0,4,2,4,0,0,0,4,2,0,2,2,0,4,6,2,0,0,6,34,34,0,62,72,34,0,102,98,0,0,0,102,0,0
19,0,0,0.3,0,1,1920,0e0,3.1668723095208406e-3,1.537476637167856e-4,3.985074086813256e-3,0e0,0e0,0e0,1.0359843836340588e-3,1.5537714934907854e-3,0e0,4.3215365622018e-4,5.447972856927663e-3,0e0,1.4358545377035625e-3,5.690158932338818e-4,8.047768205869943e-4,0e0,0,4,2,4,0,0,0,4,2,0,2,2,0,4,6,2,0,0,6,34,34,0,62,72,34,0,102,98,0,0,0,102,0,0
19,0,0,0.3,0,1,2040,0e0,3.1668960727984086e-3,1.5374203576357104e-4,3.9850644243415445e-3,0e0,0e0,0e0,1.0359773586969823e-3,1.553748908918351e-3,0e0,4.321490869187983e-4,5.448001262266189e-3,0e0,1.4358528787852265e-3,5.690045481969719e-4,8.047742594499141e-4,0e0,0,4,2,4,0,0,0,4,2,0,2,2,0,4,6,2,0,0,6,34,34,0,62,72,34,0,102,98,0,0,0,102,0,0
19,0,0,0.3,0,1,2160,0e0,3.166882204823196e-3,1.5374103168142028e-4,3.985056449891999e-3,0e0,0e0,0e0,1.035977682477096e-3,1.5537398285232484e-3,0e0,4.321310443629045e-4,5.448023905046284e-3,0e0,1.4358542757690884e-3,5.690147208952112e-4,8.047796291066334e-4,0e0,0,4,2,4,0,0,0,4,2,0,2,2,0,4,6,2,0,0,6,34,34,0,62,72,34,0,102,98,0,0,0,102,0,0
19,0,0,0.3,0,1,2280,0e0,3.165653732139617e-3,1.5415172310895287e-4,3.985594361438416e-3,0e0,0e0,0e0,1.0370229865657166e-3,1.555860559165012e-3,0e0,4.327710485085845e-4,5.444607813842595e-3,0e0,1.4357592153828591e-3,5.693417156180658e-4,8.044853238970973e-4,0e0,0,4,2,4,0,0,0,4,2,0,2,2,0,4,6,2,0,0,6,34,34,0,62,72,34,0,102,98,0,0,0,102,0,0
19,0,0,0.3,0,1,2400,0e0,3.165486443322152e-3,1.5419178271258716e-4,3.985622402979061e-3,0e0,0e0,0e0,1.0371528260293417e-3,1.556094030092936e-3,0e0,4.328283521317644e-4,5.444245762191713e-3,0e0,1.4357525724335574e-3,5.693778912245762e-4,8.044384521781467e-4,0e0,0,4,2,4,0,0,0,4,2,0,2,2,0,4,6,2,0,0,6,34,34,0,62,72,34,0,102,98,0,0,0,102,0,0
19,0,0,0.3,0,2,2520,0e0,3.1670455500716344e-3,1.5368352615041658e-4,3.9849940512795e-3,0e0,0e0,0e0,1.0358132494729944e-3,1.5534339472651482e-3,0e0,4.3204282519582193e-4,5.448512674774975e-3,0e0,1.4358834450831637e-3,5.68974135148892e-4,8.048191302805208e-4,0e0,0,4,2,4,0,0,0,4,2,0,2,2,0,4,6,2,0,0,6,34,34,0,62,72,34,0,102,98,0,0,0,102,0,0
19,0,0,0.3,0,2,2640,0e0,3.1651102035539225e-3,1.5484759569517337e-4,3.98684196989052e-3,0e0,0e0,0e0,1.037919042573776e-3,1.5595585718983784e-3,0e0,4.3425633157312404e-4,5.438328778836876e-3,0e0,1.4354418526636437e-3,5.692403492503217e-4,8.037711668293923e-4,0e0,0,4,2,4,0,0,0,4,2,0,2,2,0,4,6,2,0,0,6,34,34,0,62,72,34,0,102,98,0,0,0,102,0,0
19,0,0,0.3,0,2,2760,0e0,3.166918468195945e-3,1.5372638881672174e-4,3.985039104009047e-3,0e0,0e0,0e0,1.0359501611674204e-3,1.553661968500819e-3,0e0,4.320980533520924e-4,5.448142008390278e-3,0e0,1.435843325452879e-3,5.690123221029353e-4,8.047945884754881e-4,0e0,0,4,2,4,0,0,0,4,2,0,2,2,0,4,6,2,0,0,6,34,34,0,62,72,34,0,102,98,0,0,0,102,0,0
19,0,0,0.3,0,2,2880,0e0,3.16606905835215e-3,1.547810243209824e-4,3.986979558249004e-3,0e0,0e0,0e0,1.0374661578680389e-3,1.5595714721712284e-3,0e0,4.344028675404843e-4,5.438417836558074e-3,0e0,1.4350939018186182e-3,5.687553707502957e-4,8.037015504669398e-4,0e0,0,4,2,4,0,0,0,4,2,0,2,2,0,4,6,2,0,0,6,34,34,0,62,72,34,0,102,98,0,0,0,102,0,0
19,0,0,0.3,0,2,3000,0e0,3.1668826850363985e-3,1.5376604096672963e-4,3.985126691986807e-3,0e0,0e0,0e0,1.036024357745191e-3,1.553854664962273e-3,0e0,4.321857377362903e-4,5.4478104575537145e-3,0e0,1.4358175685629249e-3,5.689904382961686e-4,8.047417213674635e-4,0e0,0,4,2,4,0,0,0,4,2,0,2,2,0,4,6,2,0,0,6,34,34,0,62,72,34,0,102,98,0,0,0,102,0,0
19,0,0,0.3,0,2,3120,0e0,3.1667386792832986e-3,1.5339383935497608e-4,3.984294453402981e-3,0e0,0e0,0e0,1.035599307215307e-3,1.5516246785409749e-3,0e0,4.3127514800289646e-4,5.451309378258884e-3,0e0,1.436369464499876e-3,5.693871726180078e-4,8.052199482335709e-4,0e0,0,4,2,4,0,0,0,4,2,0,2,2,0,4,6,2,0,0,6,34,34,0,62,72,34,0,102,98,0,0,0,102,0,0
19,0,0,0.3,0,2,3240,0e0,3.166857990436256e-3,1.5367541345767677e-4,3.9849329623393714e-3,0e0,0e0,0e0,1.0359203624830116e-3,1.5533092519035563e-3,0e0,4.319557974667987e-4,5.448703013826162e-3,0e0,1.4359297201735899e-3,5.690885986950889e-4,8.048597373999655e-4,0e0,0,4,2,4,0,0,0,4,2,0,2,2,0,4,6,2,0,0,6,34,34,0,62,72,34,0,102,98,0,0,0,102,0,0
19,0,0,0.3,0,2,3360,0e0,3.166946698911488e-3,1.538817032269435e-4,3.985382485552691e-3,0e0,0e0,0e0,1.0361511958763003e-3,1.5546077702310868e-3,0e0,4.3247922803857364e-4,5.446721974294633e-3,0e0,1.4356211686390452e-3,5.688368755727424e-4,8.045978902373463e-4,0e0,0,4,2,4,0,0,0,4,2,0,2,2,0,4,6,2,0,0,6,34,34,0,62,72,34,0,102,98,0,0,0,102,0,0
19,0,0,0.3,0,2,3480,0e0,3.1639192311558872e-3,1.4696163452754263e-4,3.97072613122873e-3,0e0,0e0,0e0,1.027629099553451e-3,1.5099611628102139e-3,0e0,4.1455669634160586e-4,5.514125805348158e-3,0e0,1.4473383125732653e-3,5.787542027064774e-4,8.144341190927662e-4,0e0,0,4,2,4,0,0,0,4,2,0,2,2,0,4,6,2,0,0,6,34,34,0,62,72,34,0,102,98,0,0,0,102,0,0
19,0,0,0.3,0,2,3600,0e0,3.166851936839521e-3,1.537960833957186e-4,3.985167626524344e-3,0e0,0e0,0e0,1.0360828455304727e-3,1.554125832626596e-3,0e0,4.322742734075291e-4,5.447479139547795e-3,0e0,1.4357880863826722e-3,5.689663803423173e-4,8.047163573792204e-4,0e0,0,4,2,4,0,0,0,4,2,0,2,2,0,4,6,2,0,0,6,34,34,0,62,72,34,0,102,98,0,0,0,102,0,0
19,0,0,0.3,1,0,120,0e0,3.2613503572065383e-3,1.4038172048458364e-4,3.877142531564459e-3,0e0,0e0,0e0,1.14056293386966e-3,1.56174719450064e-3,0e0,3.981619574915385e-4,5.32818550709635e-3,0e0,1.413413294358179e-3,5.908086295676185e-4,9.030427827383392e-4,0e0,0,4,2,4,0,0,0,4,2,0,2,2,0,4,6,2,0,0,6,34,34,0,62,72,34,0,102,98,0,0,0,102,0,0
19,0,0,0.3,1,0,240,0e0,3.1707510934211314e-3,1.5310518210753798e-4,3.980294364737347e-3,0e0,0e0,0e0,1.040339979226701e-3,1.5541450848104432e-3,0e0,4.3087387712148484e-4,5.4427553550340235e-3,0e0,1.434688936569728e-3,5.69704548070149e-4,8.086033194558695e-4,0e0,0,4,2,4,0,0,0,4,2,0,2,2,0,4,6,2,0,0,6,34,34,0,62,72,34,0,102,98,0,0,0,102,0,0
19,0,0,0.3,1,0,360,0e0,3.1668685551267117e-3,1.537509979243623e-4,3.9850785688031465e-3,0e0,0e0,0e0,1.036014382407302e-3,1.5537976869381964e-3,0e0,4.3215138612140436e-4,5.44793251901865e-3,0e0,1.4358618209371343e-3,5.690249290637439e-4,8.047935843933374e-4,0e0,0,4,2,4,0,0,0,4,2,0,2,2,0,4,6,2,0,0,6,34,34,0,62,72,34,0,102,98,0,0,0,102,0,0
19,0,0,0.3,1,0,480,0e0,2.1980299352435395e-3,6.839295247118571e-5,2.7483564481372014e-3,0e0,0e0,0e0,8.136944670695812e-4,1.4981587592046708e-3,0e0,5.9556126871029846e-5,5.189177696593106e-3,0e0,8.360862811969128e-4,8.908899814059623e-4,7.600953467772342e-4,0e0,0,4,2,4,0,0,0,4,2,0,2,2,0,4,6,2,0,0,0,34,34,0,68,68,34,0,102,86,16,0,0,102,0,0
19,0,0,0.3,1,0,600,0e0,4.831324059750841e-5,9.429463534615934e-5,1.756829169607954e-3,0e0,0e0,0e0,8.604570139141288e-4,1.0051153440144844e-3,0e0,2.9470090157701634e-4,3.2108035520650446e-3,0e0,7.450214093296381e-4,8.280636525341833e-4,1.3868209935026243e-3,0e0,0,4,2,4,0,0,0,4,2,0,2,2,0,4,6,2,0,0,0,45,24,0,68,67,34,0,102,102,0,0,0,102,0,0
19,0,0,0.3,1,0,720,0e0,1.0098004577230313e-4,4.5546703040599823e-4,6.031513985362835e-4,0e0,0e0,0e0,7.874109724070877e-4,1.6883665648492752e-4,0e0,2.947386892628856e-4,2.899544721003622e-3,0e0,5.90098984503129e-4,1.2991093390155584e-3,3.1025111638882663e-4,0e0,0,4,2,4,0,0,0,4,2,0,2,2,0,4,6,2,0,0,0,49,19,0,68,68,34,0,102,99,3,0,0,102,0,0
19,0,0,0.3,1,0,840,0e0,9.879999015538488e-5,8.441921181656653e-6,4.2525972457951866e-4,0e0,0e0,0e0,7.347602404479403e-4,1.546842289315009e-4,0e0,2.2700130284647457e-4,7.950899125717115e-4,0e0,8.985262720671017e-4,1.0286167962476611e-3,2.6990574042429216e-4,0e0,0,4,2,4,0,0,0,4,2,0,2,2,0,4,6,2,0,0,0,49,19,0,68,70,34,0,102,100,0,0,0,102,0,0
19,0,0,0.3,1,0,960,0e0,3.9052142346918117e-4,3.373467916389927e-5,4.337118152761832e-4,0e0,0e0,0e0,5.576714938797522e-4,1.076255875887e-5,0e0,3.135860897600651e-4,3.422381996642798e-4,0e0,1.1378733984201972e-4,7.510834989261639e-4,3.000763081217883e-5,0e0,0,4,2,4,0,0,0,4,2,0,2,2,0,4,6,2,0,0,0,50,18,0,68,68,34,12,90,102,0,0,0,102,0,0
19,0,0,0.3,1,0,1080,0e0,2.1441113403852796e-4,6.337344530038536e-6,2.2150771383167012e-4,0e0,0e0,0e0,1.786009561328683e-4,3.4404031339363428e-6,0e0,2.3913869881653227e-4,1.4818177396591636e-4,0e0,1.1271305851323632e-4,6.738186015553538e-4,5.071907025921973e-6,0e0,0,4,2,4,0,0,0,4,2,0,2,2,0,4,6,2,0,0,0,53,16,0,68,68,34,13,89,101,0,0,0,102,0,0
19,0,0,0.3,1,0,1200,0e0,2.6273842149748816e-4,2.993708960730146e-6,1.1522903855620825e-4,0e0,0e0,0e0,1.03628574834147e-4,8.472138517845451e-6,0e0,1.2180310295661911e-4,6.310268264542174e-5,0e0,1.490131994614785e-4,6.260712025323301e-4,3.256860964029329e-6,0e0,0,4,2,4,0,0,0,4,2,0,2,2,0,4,6,2,0,0,0,54,14,0,68,68,34,12,90,102,0,0,0,102,0,0
19,0,0,0.3,1,1,1320,0e0,2.6340805652580457e-4,3.0176023528838414e-6,8.919858555600513e-5,0e0,0e0,0e0,9.043018735610531e-5,9.860994794053113e-6,0e0,9.5419858553214e-5,4.550111333401219e-5,0e0,1.559707811793487e-4,6.433297498915636e-4,4.695918278230238e-6,0e0,0,4,2,4,0,0,0,4,2,0,2,2,0,4,6,2,0,0,0,54,14,0,68,68,34,11,91,102,0,0,0,102,0,0
19,0,0,0.3,1,1,1440,0e0,2.502619827282615e-4,2.8332463557489973e-6,8.062621463977848e-5,0e0,0e0,0e0,9.161562206827512e-5,1.0034488582277845e-5,0e0,8.401764171139803e-5,3.993004577296233e-5,0e0,1.532763940303994e-4,6.583883014172898e-4,6.775794645363931e-6,0e0,0,4,2,4,0,0,0,4,2,0,2,2,0,4,6,2,0,0,0,54,14,0,68,68,34,11,91,102,0,0,0,102,0,0
19,0,0,0.3,1,1,1560,0e0,2.4183783534681424e-4,2.0886865854663483e-6,7.8557794495282e-5,0e0,0e0,0e0,8.718394019524567e-5,1.3531904642150039e-5,0e0,8.063895802479237e-5,3.4907482259427525e-5,0e0,1.4995913988968823e-4,6.61655072690337e-4,8.089537914202083e-6,0e0,0,4,2,4,0,0,0,4,2,0,2,2,0,4,6,2,0,0,0,54,14,0,68,68,34,11,91,102,0,0,0,102,0,0
19,0,0,0.3,1,1,1680,0e0,2.3113821998776984e-4,1.8436393247611704e-6,7.740720207038976e-5,0e0,0e0,0e0,8.781228007137543e-5,1.4997289099483169e-5,0e0,7.700769310758915e-5,3.2315948203631706e-5,0e0,1.4582659605366644e-4,6.680410251647118e-4,9.900154736897093e-6,0e0,0,4,2,4,0,0,0,4,2,0,2,2,0,4,6,2,0,0,0,54,14,0,68,68,34,11,91,102,0,0,0,102,0,0
19,0,0,0.3,1,1,1800,0e0,2.204477855229925e-4,1.5618084034940694e-6,7.66229934470175e-5,0e0,0e0,0e0,9.102827880269615e-5,1.3144211152393837e-5,0e0,7.476988139387686e-5,3.2688318640339276e-5,0e0,1.380949461236014e-4,6.792005560782854e-4,1.124780601458042e-5,0e0,0,4,2,4,0,0,0,4,2,0,2,2,0,4,6,2,0,0,0,54,14,0,68,68,34,11,91,102,0,0,0,102,0,0
19,0,0,0.3,1,1,1920,0e0,2.1861357208763366e-4,1.943546408256225e-6,7.602896494063316e-5,0e0,0e0,0e0,9.738357357491623e-5,8.094406894088024e-6,0e0,7.306722727662418e-5,3.68671963997258e-5,0e0,1.2664096811931813e-4,7.034559985186206e-4,1.2320649148023222e-5,0e0,0,4,2,4,0,0,0,4,2,0,2,2,0,4,6,2,0,0,0,54,14,0,68,68,34,12,90,102,0,0,0,102,0,0
19,0,0,0.3,1,1,2040,0e0,2.1256734862618032e-4,3.308355715603284e-6,7.821339227120916e-5,0e0,0e0,0e0,8.873517253960017e-5,2.4782334094197722e-5,0e0,7.057391667331103e-5,2.6948524578074284e-5,0e0,1.4140805114948307e-4,6.786509084122372e-4,1.3619297305922373e-5,0e0,0,4,2,4,0,0,0,4,2,0,2,2,0,4,6,2,0,0,0,54,14,0,68,68,34,11,91,102,0,0,0,102,0,0
19,0,0,0.3,1,1,2160,0e0,2.031313429142756e-4,1.412791391430801e-6,7.608397095282271e-5,0e0,0e0,0e0,9.176577441394329e-5,1.666913794906577e-5,0e0,6.813094660174102e-5,2.7758344742778718e-5,0e0,1.321358404311468e-4,6.927056901986361e-4,1.5406448483190616e-5,0e0,0,4,2,4,0,0,0,4,2,0,2,2,0,4,6,2,0,0,0,54,14,0,68,68,34,11,91,102,0,0,0,102,0,0
19,0,0,0.3,1,1,2280,0e0,1.9890424346158397e-4,1.4448245337916887e-6,7.615777508362953e-5,0e0,0e0,0e0,9.208980236508069e-5,1.7575225911059533e-5,0e0,6.69317232677713e-5,2.6860911020776257e-5,0e0,1.3087589422866586e-4,6.962844308873173e-4,1.640526534174569e-5,0e0,0,4,2,4,0,0,0,4,2,0,2,2,0,4,6,2,0,0,0,54,14,0,68,68,34,11,91,102,0,0,0,102,0,0
19,0,0,0.3,1,1,2400,0e0,2.4116380114946878e-4,9.382201398011603e-6,7.896898932813201e-5,0e0,0e0,0e0,8.84906994542689e-5,6.340692232242873e-5,0e0,6.88929831085261e-5,2.4748944269958884e-5,0e0,1.660902034927858e-4,6.809213450651441e-4,1.784315304576012e-5,0e0,0,4,2,4,0,0,0,4,2,0,2,2,0,4,6,2,0,0,0,54,14,0,68,68,34,9,93,102,0,0,0,102,0,0
19,0,0,0.3,1,2,2520,0e0,2.0265702141841757e-4,4.356663751536871e-6,7.808546979504172e-5,0e0,0e0,0e0,8.873245315044187e-5,3.3758533845684724e-5,0e0,6.70107237965567e-5,2.429316157304129e-5,0e0,1.4080213350098347e-4,6.880103414914629e-4,1.7126774309872417e-5,0e0,0,4,2,4,0,0,0,4,2,0,2,2,0,4,6,2,0,0,0,54,14,0,68,68,34,10,92,102,0,0,0,102,0,0
19,0,0,0.3,1,2,2640,0e0,1.9104777538814233e-4,1.3131572131896974e-6,7.607110819662921e-5,0e0,0e0,0e0,9.422004040970933e-5,1.7843403156803106e-5,0e0,6.388078145391773e-5,2.5502584890091384e-5,0e0,1.2718844936898677e-4,7.05793192537385e-4,1.8600654129841132e-5,0e0,0,4,2,4,0,0,0,4,2,0,2,2,0,4,6,2,0,0,0,54,14,0,68,68,34,11,91,102,0,0,0,102,0,0
19,0,0,0.3,1,2,2760,0e0,1.894649558380479e-4,1.048980642792685e-6,7.215336631816172e-5,0e0,0e0,0e0,1.1494876116557862e-4,1.4436161563935457e-5,0e0,5.764646994066425e-5,2.3053447648635483e-5,0e0,1.271823048227816e-4,7.176495792009518e-4,2.7239834025749587e-5,0e0,0,4,2,4,0,0,0,4,2,0,2,2,0,4,6,2,0,0,0,54,14,0,68,68,34,12,90,102,0,0,0,102,0,0
19,0,0,0.3,1,2,2880,0e0,1.881802986645198e-4,1.178230206733133e-6,7.643202184226539e-5,0e0,0e0,0e0,9.618479543860303e-5,1.5045097370602889e-5,0e0,6.266811578825582e-5,2.607424164580152e-5,0e0,1.2257010030225501e-4,7.152535044951946e-4,1.913265532493824e-5,0e0,0,4,2,4,0,0,0,4,2,0,2,2,0,4,6,2,0,0,0,54,14,0,68,68,34,12,90,102,0,0,0,102,0,0
19,0,0,0.3,1,2,3000,0e0,1.874848721854505e-4,1.5008078548817139e-6,7.715153674325848e-5,0e0,0e0,0e0,9.372998465551063e-5,1.8045501747110393e-5,0e0,6.356017365760636e-5,2.5815294065978378e-5,0e0,1.2451091197362985e-4,7.105927588781924e-4,1.8813163023878587e-5,0e0,0,4,2,4,0,0,0,4,2,0,2,2,0,4,6,2,0,0,0,54,14,0,68,68,34,11,91,102,0,0,0,102,0,0
19,0,0,0.3,1,2,3120,0e0,1.875366547210433e-4,2.5994976340371068e-6,7.932572634672397e-5,0e0,0e0,0e0,9.348785260954173e-5,2.0493663441811805e-5,0e0,6.675857548543718e-5,2.6776629965752363e-5,0e0,1.2519007350419997e-4,7.079365727804543e-4,1.801071402951493e-5,0e0,0,4,2,4,0,0,0,4,2,0,2,2,0,4,6,2,0,0,0,54,14,0,68,68,34,11,91,102,0,0,0,102,0,0
19,0,0,0.3,1,2,3240,0e0,1.862085789525736e-4,2.1619908636694163e-6,7.673914205952315e-5,0e0,0e0,0e0,9.301375030190684e-5,2.4309034415637143e-5,0e0,6.357869642670266e-5,2.42672160766233e-5,0e0,1.304009074374335e-4,7.042594993436069e-4,1.9427912775427103e-5,0e0,0,4,2,4,0,0,0,4,2,0,2,2,0,4,6,2,0,0,0,54,14,0,68,68,34,11,91,102,0,0,0,102,0,0
19,0,0,0.3,1,2,3360,0e0,1.8533139245846542e-4,1.9334112266733428e-6,7.671843604839523e-5,0e0,0e0,0e0,9.348538969788933e-5,2.212158983638801e-5,0e0,6.308344381977804e-5,2.4356232870559325e-5,0e0,1.281650456803618e-4,7.077088680489396e-4,1.9469610833766637e-5,0e0,0,4,2,4,0,0,0,4,2,0,2,2,0,4,6,2,0,0,0,54,14,0,68,68,34,11,91,102,0,0,0,102,0,0
19,0,0,0.3,1,2,3480,0e0,1.9623626030806918e-4,1.5533067880824092e-6,7.83522164056194e-5,0e0,0e0,0e0,1.0393167485744925e-4,9.581102403899422e-6,0e0,5.9963260355289094e-5,2.9867212788303732e-5,0e0,1.1248175087530399e-4,7.44711068819015e-4,1.9667971628223313e-5,0e0,0,4,2,4,0,0,0,4,2,0,2,2,0,4,6,2,0,0,0,54,14,0,68,68,34,12,90,102,0,0,0,102,0,0
19,0,0,0.3,1,2,3600,0e0,1.8385542261967203e-4,1.902312078527757e-6,7.5983304213878e-5,0e0,0e0,0e0,9.431011039851e-5,2.3231150862557115e-5,0e0,6.219084752956405e-5,2.3863929527578875e-5,0e0,1.2979822167835664e-4,7.083785499162332e-4,2.0148840121692047e-5,0e0,0,4,2,4,0,0,0,4,2,0,2,2,0,4,6,2,0,0,0,54,14,0,68,68,34,11,91,102,0,0,0,102,0,0
19,0,1,0.0,0,0,120,0e0,6.166701723486767e-6,8.387659633513067e-7,4.125920582964682e-6,0e0,0e0,0e0,7.4204395303922865e-6,4.857864382756816e-6,0e0,1.3874380044853751e-6,2.636278054524155e-6,0e0,7.294214839248525e-6,5.128333853576805e-6,6.941418462247384e-6,0e0,0,4,2,4,0,0,0,4,2,0,2,2,0,4,6,2,0,0,0,56,12,0,68,68,34,11,91,102,0,0,0,102,0,0
19,0,1,0.0,0,0,240,0e0,3.214193355915995e-10,5.2656545790341625e-11,2.3122725956170598e-10,0e0,0e0,0e0,3.9121506034689446e-10,2.7407431879566957e-10,0e0,7.624478826073755e-11,1.4505729950542445e-10,0e0,4.0823877611728676e-10,2.6843238742912945e-10,3.942588477912068e-10,0e0,0,4,2,4,0,0,0,4,2,0,2,2,0,4,6,2,0,0,0,56,12,0,68,68,34,12,90,102,0,0,0,102,0,0
19,0,1,0.0,0,0,360,0e0,1.8118839761882555e-13,1.5365486660812167e-13,2.531308496145357e-14,0e0,0e0,0e0,4.618527782440651e-14,5.795364188543317e-14,0e0,2.7000623958883807e-13,8.881784197001252e-14,0e0,4.18332035678759e-13,3.375077994860476e-13,2.0605739337042905e-13,0e0,0,4,2,4,0,0,0,4,2,0,2,2,0,4,6,2,0,0,0,56,12,0,68,68,34,12,90,102,0,0,0,102,0,0
19,0,1,0.0,0,0,480,0e0,1.794120407794253e-13,1.5365486660812167e-13,1.8207657603852567e-14,0e0,0e0,0e0,4.884981308350689e-14,3.2862601528904634e-14,0e0,2.7000623958883807e-13,4.618527782440651e-14,0e0,5.995204332975845e-13,3.481659405224491e-13,1.9184653865522705e-13,0e0,0,4,2,4,0,0,0,4,2,0,2,2,0,4,6,2,0,0,0,56,12,0,68,68,34,12,90,102,0,0,0,102,0,0
19,0,1,0.0,0,0,600,0e0,1.8118839761882555e-13,1.5365486660812167e-13,2.4646951146678475e-14,0e0,0e0,0e0,7.37188088351104e-14,6.505906924303417e-14,0e0,3.517186542012496e-13,6.394884621840902e-14,0e0,4.289901767151605e-13,3.055333763768431e-13,2.7711166694643907e-13,0e0,0,4,2,4,0,0,0,4,2,0,2,2,0,4,6,2,0,0,0,56,12,0,68,68,34,12,90,102,0,0,0,102,0,0
19,0,1,0.0,0,0,720,0e0,1.5898393712632242e-13,1.5365486660812167e-13,2.531308496145357e-14,0e0,0e0,0e0,4.3520742565306136e-14,3.6637359812630166e-14,0e0,2.3803181647963356e-13,8.881784197001252e-14,0e0,4.0678571622265736e-13,3.375077994860476e-13,2.7711166694643907e-13,0e0,0,4,2,4,0,0,0,4,2,0,2,2,0,4,6,2,0,0,0,56,12,0,68,68,34,12,90,102,0,0,0,102,0,0
19,0,1,0.0,0,0,840,0e0,1.092459456231154e-13,1.1457501614131615e-13,3.885780586188048e-14,0e0,0e0,0e0,3.019806626980426e-14,1.887379141862766e-14,0e0,2.7000623958883807e-13,7.105427357601002e-14,0e0,1.0205170042354439e-12,4.476419235288631e-13,2.0605739337042905e-13,0e0,0,4,2,4,0,0,0,4,2,0,2,2,0,4,6,2,0,0,0,56,12,0,68,68,34,12,90,102,0,0,0,102,0,0
19,0,1,0.0,0,0,960,0e0,6.750155989720952e-14,1.1457501614131615e-13,5.129230373768223e-14,0e0,0e0,0e0,3.9968028886505635e-14,3.2862601528904634e-14,0e0,2.0961010704922955e-13,1.0302869668521453e-13,0e0,1.2372325386422744e-12,4.050093593832571e-13,3.304023721284466e-13,0e0,0,4,2,4,0,0,0,4,2,0,2,2,0,4,6,2,0,0,0,56,12,0,68,68,34,12,90,102,0,0,0,102,0,0
19,0,1,0.0,0,0,1080,0e0,3.907985046680551e-14,1.3677947663381929e-13,4.4853010194856324e-14,0e0,0e0,0e0,6.927791673660977e-14,3.2862601528904634e-14,0e0,2.6290081223123707e-13,1.0302869668521453e-13,0e0,1.2807532812075806e-12,4.121147867408581e-13,3.197442310920451e-13,0e0,0,4,2,4,0,0,0,4,2,0,2,2,0,4,6,2,0,0,0,56,12,0,68,68,34,12,90,102,0,0,0,102,0,0
19,0,1,0.0,0,0,1200,0e0,4.005684672847565e-13,2.318145675417327e-13,2.220446049250313e-14,0e0,0e0,0e0,1.092459456231154e-13,6.505906924303417e-14,0e0,3.659295089164516e-13,7.815970093361102e-14,0e0,2.575717417130363e-13,3.623767952376511e-13,2.3092638912203256e-13,0e0,0,4,2,4,0,0,0,4,2,0,2,2,0,4,6,2,0,0,0,56,12,0,68,68,34,12,90,102,0,0,0,102,0,0
19,0,1,0.0,0,1,1320,1.3078427230084344e-13,6.830092047493963e-13,0e0,1.4654943925052066e-13,2.0872192862952943e-14,0e0,4.227729277772596e-13,6.394884621840902e-14,4.0234482412415673e-13,0e0,0e0,0e0,1.5631940186722204e-13,2.2648549702353193e-13,2.708944180085382e-13,2.0961010704922955e-13,0e0,2,2,0,4,2,0,2,2,2,0,0,0,2,6,6,2,0,0,34,34,34,34,34,68,0,0,74,62,34,34,68,34,0,0
19,0,1,0.0,0,1,1440,1.7141843500212417e-13,1.4228618283596006e-12,0e0,2.799982468104645e-13,2.240430063693566e-13,0e0,3.268496584496461e-13,4.3520742565306136e-14,3.3928415632544784e-13,0e0,0e0,0e0,1.6431300764452317e-14,2.984279490192421e-13,9.281464485866309e-13,3.481659405224491e-13,0e0,2,2,0,4,2,0,2,2,2,0,0,0,2,6,6,2,0,0,34,34,34,34,34,68,0,0,74,62,34,34,68,34,0,0
19,0,1,0.0,0,1,1560,1.545030769989353e-11,2.5078605858652736e-11,0e0,3.3372415941812505e-11,2.9654723121552706e-11,0e0,6.265210572564683e-12,3.8115288703011174e-11,6.117240047842643e-11,0e0,0e0,0e0,1.1731504656609104e-11,1.6347012632422775e-10,1.887174860826235e-10,2.170708057747106e-11,0e0,2,2,0,4,2,0,2,2,2,0,0,0,2,6,6,2,0,0,34,34,34,34,34,68,0,0,74,62,34,34,68,34,0,0
19,0,1,0.0,0,1,1680,3.519406988061746e-13,1.971756091734278e-13,0e0,7.740474927686591e-13,6.690203946391193e-13,0e0,7.549516567451064e-13,8.65085780787922e-13,1.1519674103510624e-12,0e0,0e0,0e0,1.0393907956540716e-12,4.6425085997725546e-12,3.82982534574694e-12,5.719869022868806e-13,0e0,2,2,0,4,2,0,2,2,2,0,0,0,2,6,6,2,0,0,34,34,34,34,34,68,0,0,74,62,34,34,68,34,0,0
19,0,1,0.0,0,1,1800,2.916878365510911e-7,4.863777078867315e-7,0e0,4.499105452637764e-7,4.312577459586464e-7,0e0,3.627511127035632e-7,5.838666083946009e-7,2.572814707946236e-7,0e0,0e0,0e0,4.809182492238051e-7,1.8325754780335046e-6,2.3636729338250007e-6,3.0826278774043203e-7,0e0,2,2,0,4,2,0,2,2,2,0,0,0,2,6,6,2,0,0,34,34,34,34,34,68,0,0,74,62,34,34,68,34,0,0
19,0,1,0.0,0,1,1920,1.7039702981946903e-12,4.952482868247898e-12,0e0,2.3090418466154006e-12,2.5703883466121624e-12,0e0,2.3101520696400257e-12,2.601474591301667e-12,8.029132914089132e-13,0e0,0e0,0e0,1.7128520823916915e-12,7.690736936183384e-12,1.375966007799434e-11,1.6626700016786344e-12,0e0,2,2,0,4,2,0,2,2,2,0,0,0,2,6,6,2,0,0,34,34,34,34,34,68,0,0,74,62,34,34,68,34,0,0
19,0,1,0.0,0,1,2040,1.5836034705785096e-9,2.7120945489400583e-9,0e0,2.1857209375752973e-9,2.348453209677359e-9,0e0,2.613351313129897e-9,3.3497435936169495e-9,1.2110579206137118e-9,0e0,0e0,0e0,2.9988937999547716e-9,1.0683637974295834e-8,1.3121813857708275e-8,1.474766975206876e-9,0e0,2,2,0,4,2,0,2,2,2,0,0,0,2,6,6,2,0,0,34,34,34,34,34,68,0,0,74,62,34,34,68,34,0,0
19,0,1,0.0,0,1,2160,3.1792346533165983e-10,5.429310334648108e-10,0e0,4.3781178682422706e-10,4.735101200026293e-10,0e0,5.426672444741598e-10,6.86442902519957e-10,2.5004798231975656e-10,0e0,0e0,0e0,6.21309226289668e-10,2.2081705353116377e-9,2.6650193163391123e-9,2.913864705078595e-10,0e0,2,2,0,4,2,0,2,2,2,0,0,0,2,6,6,2,0,0,34,34,34,34,34,68,0,0,74,62,34,34,68,34,0,0
19,0,1,0.0,0,1,2280,7.94564414263732e-12,1.7503332117030368e-11,0e0,1.0275780226720599e-11,1.1419531986689435e-11,0e0,1.6357581955617206e-11,1.637445734559151e-11,3.077538224260934e-12,0e0,0e0,0e0,1.1012080136652003e-11,4.6414427856689144e-11,6.013767261947578e-11,6.021849685566849e-12,0e0,2,2,0,4,2,0,2,2,2,0,0,0,2,6,6,2,0,0,34,34,34,34,34,68,0,0,74,62,34,34,68,34,0,0
19,0,1,0.0,0,1,2400,3.2450633291603026e-8,6.573273214627307e-8,0e0,4.022075406062697e-8,4.3899471613428886e-8,0e0,8.281176722135797e-8,7.819686587140495e-8,1.766314472462227e-8,0e0,0e0,0e0,6.698330956567133e-8,2.257990638909746e-7,2.627740762761732e-7,2.2794800713654695e-8,0e0,2,2,0,4,2,0,2,2,2,0,0,0,2,6,6,2,0,0,34,34,34,34,34,68,0,0,74,62,34,34,68,34,0,0
19,0,1,0.0,0,2,2520,1.7270629371068935e-12,0e0,3.4927616354707425e-13,4.289901767151605e-13,0e0,0e0,2.282618538629322e-13,5.524469770534779e-13,0e0,1.9984014443252818e-13,4.831690603168681e-13,1.2860823517257813e-12,0e0,9.636735853746359e-13,0e0,8.490985692333197e-13,0e0,6,0,2,4,0,0,2,4,0,2,2,2,0,4,0,4,0,34,0,54,14,34,34,136,0,0,34,34,68,0,68,34,0,0
19,0,1,0.0,0,2,2640,1.5096812688852879e-12,0e0,8.342215807033426e-13,3.9013237085328e-13,0e0,0e0,4.085620730620576e-13,6.776801342311956e-13,0e0,3.597122599785507e-13,3.304023721284466e-13,1.0693668173189508e-12,0e0,7.398526236102043e-13,0e0,2.877698079828406e-13,0e0,6,0,2,4,0,0,2,4,0,2,2,2,0,4,0,4,0,34,0,54,14,34,34,136,0,0,34,34,68,0,68,34,0,0
19,0,1,0.0,0,2,2760,2.0549481938303416e-7,0e0,1.1915375353055424e-7,1.150324990817353e-7,0e0,0e0,2.2123764509274224e-7,3.2763239943278677e-7,0e0,4.3558366691343053e-8,1.2495253898237024e-7,4.698651068224535e-8,0e0,2.5394563607505916e-7,0e0,1.2917758951402902e-7,0e0,6,0,2,4,0,0,2,4,0,2,2,2,0,4,0,4,0,34,0,54,14,34,34,136,0,0,34,34,68,0,68,34,0,0
19,0,1,0.0,0,2,2880,6.87760959294792e-12,0e0,3.417932603611007e-12,5.049516360600137e-12,0e0,0e0,9.426237568277429e-12,1.2822631845210708e-11,0e0,2.5304203177256568e-12,4.241940132487798e-12,6.039613253960852e-13,0e0,1.0803802297232323e-11,0e0,7.609912699990673e-12,0e0,6,0,2,4,0,0,2,4,0,2,2,2,0,4,0,4,0,34,0,54,14,34,34,136,0,0,34,34,68,0,68,34,0,0
19,0,1,0.0,0,2,3000,3.1982580228628876e-7,0e0,1.7373152161326288e-7,1.7630010185065714e-7,0e0,0e0,3.149310252581472e-7,4.7481341525212883e-7,0e0,6.714708433719352e-8,2.0333142458639486e-7,6.245630146395342e-8,0e0,3.7932858987232976e-7,0e0,1.923882493315432e-7,0e0,6,0,2,4,0,0,2,4,0,2,2,2,0,4,0,4,0,34,0,52,16,34,34,136,0,0,34,34,68,0,68,34,0,0
19,0,1,0.0,0,2,3120,1.3034018309099338e-12,0e0,2.993161274389422e-13,5.182521078950231e-13,0e0,0e0,1.2967404927621828e-13,5.551115123125783e-13,0e0,2.433608869978343e-13,8.135714324453147e-13,7.638334409421077e-13,0e0,3.206324095117452e-13,0e0,2.5934809855243657e-13,0e0,6,0,2,4,0,0,2,4,0,2,2,2,0,4,0,4,0,34,0,54,14,34,34,136,0,0,34,34,68,0,68,34,0,0
19,0,1,0.0,0,2,3240,6.323830348264892e-13,0e0,4.656275365277907e-13,5.88418203051333e-13,0e0,0e0,1.5507595207964187e-12,1.4876988529977098e-12,0e0,6.981082378842984e-13,3.197442310920451e-13,2.2382096176443156e-13,0e0,1.334043986389588e-12,0e0,1.0764722446765518e-12,0e0,6,0,2,4,0,0,2,4,0,2,2,2,0,4,0,4,0,34,0,54,14,34,34,136,0,0,34,34,68,0,68,34,0,0
19,0,1,0.0,0,2,3360,5.762057497804562e-13,0e0,1.396660564978447e-13,1.9539925233402755e-13,0e0,0e0,3.9168668308775523e-13,5.861977570020827e-14,0e0,5.799805080641818e-13,6.039613253960852e-14,4.796163466380676e-13,0e0,2.433608869978343e-13,0e0,1.2114753644709708e-12,0e0,6,0,2,4,0,0,2,4,0,2,2,2,0,4,0,4,0,34,0,54,14,34,34,136,0,0,34,34,68,0,68,34,0,0
19,0,1,0.0,0,2,3480,3.0819791163594346e-13,0e0,3.270717030545711e-13,3.3306690738754696e-14,0e0,0e0,1.8829382497642655e-13,2.184918912462308e-13,0e0,2.637889906509372e-13,1.3145040611561853e-13,3.481659405224491e-13,0e0,7.549516567451064e-14,0e0,4.725109192804666e-13,0e0,6,0,2,4,0,0,2,4,0,2,2,2,0,4,0,4,0,34,0,54,14,34,34,136,0,0,34,34,68,0,68,34,0,0
19,0,1,0.0,0,2,3600,1.1915563575826127e-6,0e0,6.242692336400069e-7,7.094643885707796e-7,0e0,0e0,1.0375126890949105e-6,1.6530206039533368e-6,0e0,2.458130765603528e-7,7.212605197537414e-7,2.006792882980335e-7,0e0,1.2953681682859042e-6,0e0,6.74369065478686e-7,0e0,6,0,2,4,0,0,2,4,0,2,2,2,0,4,0,4,0,34,0,54,14,34,34,136,0,0,34,34,68,0,68,34,0,0
19,0,1,0.0,1,0,120,0e0,6.166701723486767e-6,8.387659633513067e-7,4.125920582964682e-6,0e0,0e0,0e0,7.4204395303922865e-6,4.857864382756816e-6,0e0,1.3874380044853751e-6,2.636278054524155e-6,0e0,7.294214839248525e-6,5.128333853576805e-6,6.941418462247384e-6,0e0,0,4,2,4,0,0,0,4,2,0,2,2,0,4,6,2,0,0,0,56,12,0,68,68,34,11,91,102,0,0,0,102,0,0
19,0,1,0.0,1,0,240,0e0,3.214193355915995e-10,5.2656545790341625e-11,2.3122725956170598e-10,0e0,0e0,0e0,3.9121506034689446e-10,2.7407431879566957e-10,0e0,7.624478826073755e-11,1.4505729950542445e-10,0e0,4.0823877611728676e-10,2.6843238742912945e-10,3.942588477912068e-10,0e0,0,4,2,4,0,0,0,4,2,0,2,2,0,4,6,2,0,0,0,56,12,0,68,68,34,12,90,102,0,0,0,102,0,0
19,0,1,0.0,1,0,360,0e0,1.8118839761882555e-13,1.5365486660812167e-13,2.531308496145357e-14,0e0,0e0,0e0,4.618527782440651e-14,5.795364188543317e-14,0e0,2.7000623958883807e-13,8.881784197001252e-14,0e0,4.18332035678759e-13,3.375077994860476e-13,2.0605739337042905e-13,0e0,0,4,2,4,0,0,0,4,2,0,2,2,0,4,6,2,0,0,0,56,12,0,68,68,34,12,90,102,0,0,0,102,0,0
19,0,1,0.0,1,0,480,0e0,1.794120407794253e-13,1.5365486660812167e-13,1.8207657603852567e-14,0e0,0e0,0e0,4.884981308350689e-14,3.2862601528904634e-14,0e0,2.7000623958883807e-13,4.618527782440651e-14,0e0,5.995204332975845e-13,3.481659405224491e-13,1.9184653865522705e-13,0e0,0,4,2,4,0,0,0,4,2,0,2,2,0,4,6,2,0,0,0,56,12,0,68,68,34,12,90,102,0,0,0,102,0,0
19,0,1,0.0,1,0,600,0e0,1.8118839761882555e-13,1.5365486660812167e-13,2.4646951146678475e-14,0e0,0e0,0e0,7.37188088351104e-14,6.505906924303417e-14,0e0,3.517186542012496e-13,6.394884621840902e-14,0e0,4.289901767151605e-13,3.055333763768431e-13,2.7711166694643907e-13,0e0,0,4,2,4,0,0,0,4,2,0,2,2,0,4,6,2,0,0,0,56,12,0,68,68,34,12,90,102,0,0,0,102,0,0
19,0,1,0.0,1,0,720,0e0,1.5898393712632242e-13,1.5365486660812167e-13,2.531308496145357e-14,0e0,0e0,0e0,4.3520742565306136e-14,3.6637359812630166e-14,0e0,2.3803181647963356e-13,8.881784197001252e-14,0e0,4.0678571622265736e-13,3.375077994860476e-13,2.7711166694643907e-13,0e0,0,4,2,4,0,0,0,4,2,0,2,2,0,4,6,2,0,0,0,56,12,0,68,68,34,12,90,102,0,0,0,102,0,0
19,0,1,0.0,1,0,840,0e0,1.092459456231154e-13,1.1457501614131615e-13,3.885780586188048e-14,0e0,0e0,0e0,3.019806626980426e-14,1.887379141862766e-14,0e0,2.7000623958883807e-13,7.105427357601002e-14,0e0,1.0205170042354439e-12,4.476419235288631e-13,2.0605739337042905e-13,0e0,0,4,2,4,0,0,0,4,2,0,2,2,0,4,6,2,0,0,0,56,12,0,68,68,34,12,90,102,0,0,0,102,0,0
19,0,1,0.0,1,0,960,0e0,6.750155989720952e-14,1.1457501614131615e-13,5.129230373768223e-14,0e0,0e0,0e0,3.9968028886505635e-14,3.2862601528904634e-14,0e0,2.0961010704922955e-13,1.0302869668521453e-13,0e0,1.2372325386422744e-12,4.050093593832571e-13,3.304023721284466e-13,0e0,0,4,2,4,0,0,0,4,2,0,2,2,0,4,6,2,0,0,0,56,12,0,68,68,34,12,90,102,0,0,0,102,0,0
19,0,1,0.0,1,0,1080,0e0,3.907985046680551e-14,1.3677947663381929e-13,4.4853010194856324e-14,0e0,0e0,0e0,6.927791673660977e-14,3.2862601528904634e-14,0e0,2.6290081223123707e-13,1.0302869668521453e-13,0e0,1.2807532812075806e-12,4.121147867408581e-13,3.197442310920451e-13,0e0,0,4,2,4,0,0,0,4,2,0,2,2,0,4,6,2,0,0,0,56,12,0,68,68,34,12,90,102,0,0,0,102,0,0
19,0,1,0.0,1,0,1200,0e0,4.005684672847565e-13,2.318145675417327e-13,2.220446049250313e-14,0e0,0e0,0e0,1.092459456231154e-13,6.505906924303417e-14,0e0,3.659295089164516e-13,7.815970093361102e-14,0e0,2.575717417130363e-13,3.623767952376511e-13,2.3092638912203256e-13,0e0,0,4,2,4,0,0,0,4,2,0,2,2,0,4,6,2,0,0,0,56,12,0,68,68,34,12,90,102,0,0,0,102,0,0
19,0,1,0.0,1,1,1320,1.3078427230084344e-13,6.830092047493963e-13,0e0,1.4654943925052066e-13,2.0872192862952943e-14,0e0,4.227729277772596e-13,6.394884621840902e-14,4.0234482412415673e-13,0e0,0e0,0e0,1.5631940186722204e-13,2.2648549702353193e-13,2.708944180085382e-13,2.0961010704922955e-13,0e0,2,2,0,4,2,0,2,2,2,0,0,0,2,6,6,2,0,0,34,34,34,34,34,68,0,0,74,62,34,34,68,34,0,0
19,0,1,0.0,1,1,1440,1.7141843500212417e-13,1.4228618283596006e-12,0e0,2.799982468104645e-13,2.240430063693566e-13,0e0,3.268496584496461e-13,4.3520742565306136e-14,3.3928415632544784e-13,0e0,0e0,0e0,1.6431300764452317e-14,2.984279490192421e-13,9.281464485866309e-13,3.481659405224491e-13,0e0,2,2,0,4,2,0,2,2,2,0,0,0,2,6,6,2,0,0,34,34,34,34,34,68,0,0,74,62,34,34,68,34,0,0
19,0,1,0.0,1,1,1560,1.545030769989353e-11,2.5078605858652736e-11,0e0,3.3372415941812505e-11,2.9654723121552706e-11,0e0,6.265210572564683e-12,3.8115288703011174e-11,6.117240047842643e-11,0e0,0e0,0e0,1.1731504656609104e-11,1.6347012632422775e-10,1.887174860826235e-10,2.170708057747106e-11,0e0,2,2,0,4,2,0,2,2,2,0,0,0,2,6,6,2,0,0,34,34,34,34,34,68,0,0,74,62,34,34,68,34,0,0
19,0,1,0.0,1,1,1680,3.519406988061746e-13,1.971756091734278e-13,0e0,7.740474927686591e-13,6.690203946391193e-13,0e0,7.549516567451064e-13,8.65085780787922e-13,1.1519674103510624e-12,0e0,0e0,0e0,1.0393907956540716e-12,4.6425085997725546e-12,3.82982534574694e-12,5.719869022868806e-13,0e0,2,2,0,4,2,0,2,2,2,0,0,0,2,6,6,2,0,0,34,34,34,34,34,68,0,0,74,62,34,34,68,34,0,0
19,0,1,0.0,1,1,1800,2.916878365510911e-7,4.863777078867315e-7,0e0,4.499105452637764e-7,4.312577459586464e-7,0e0,3.627511127035632e-7,5.838666083946009e-7,2.572814707946236e-7,0e0,0e0,0e0,4.809182492238051e-7,1.8325754780335046e-6,2.3636729338250007e-6,3.0826278774043203e-7,0e0,2,2,0,4,2,0,2,2,2,0,0,0,2,6,6,2,0,0,34,34,34,34,34,68,0,0,74,62,34,34,68,34,0,0
19,0,1,0.0,1,1,1920,3.287808891805355e-8,1.8164417170396518e-7,0e0,9.540526790807746e-8,1.6496418098199683e-7,0e0,3.7265630226102076e-7,2.1278077966258024e-7,2.1286611584514503e-7,0e0,0e0,0e0,1.8989522843071427e-7,6.524364053461795e-7,7.21708861561865e-7,1.1880567640787376e-7,0e0,2,2,0,4,2,0,2,2,2,0,0,0,2,6,6,2,0,0,34,34,34,34,34,68,0,0,74,62,34,34,68,34,0,0
19,0,1,0.0,1,1,2040,3.629789802062078e-10,1.3974545964856588e-9,0e0,1.360677348571926e-9,3.267062176348645e-10,0e0,4.38848690720306e-9,3.0674076612058343e-9,1.8813128832562143e-10,0e0,0e0,0e0,8.613554314251815e-12,2.3835999840571276e-9,1.913481817439333e-9,1.1154916990108177e-9,0e0,2,2,0,4,2,0,2,2,2,0,0,0,2,6,6,2,0,0,34,34,34,34,34,68,0,0,74,62,34,34,68,34,0,0
19,0,1,0.0,1,1,2160,2.2426505097428162e-14,3.5438318946034997e-13,0e0,2.637889906509372e-13,4.1300296516055823e-14,0e0,2.877698079828406e-13,1.8562928971732617e-13,9.059419880941277e-14,0e0,0e0,0e0,2.0095036745715333e-13,1.687538997430238e-13,1.2878587085651816e-13,1.5987211554602254e-13,0e0,2,2,0,4,2,0,2,2,2,0,0,0,2,6,6,2,0,0,34,34,34,34,34,68,0,0,74,62,34,34,68,34,0,0
19,0,1,0.0,1,1,2280,5.795364188543317e-14,2.851052727237402e-13,0e0,2.615685446016869e-13,3.4861002973229915e-14,0e0,2.3447910280083306e-13,2.0250467969162855e-13,8.615330671091215e-14,0e0,0e0,0e0,1.1057821325266559e-13,2.779998453661392e-13,2.2470914018413168e-13,2.0961010704922955e-13,0e0,2,2,0,4,2,0,2,2,2,0,0,0,2,6,6,2,0,0,34,34,34,34,34,68,0,0,74,62,34,34,68,34,0,0
19,0,1,0.0,1,1,2400,5.88418203051333e-14,5.195843755245733e-13,0e0,1.7430501486614958e-13,1.1479706074624119e-13,0e0,1.2256862191861728e-13,2.708944180085382e-13,6.927791673660977e-14,0e0,0e0,0e0,1.8762769116165146e-13,1.199040866595169e-13,1.9628743075372768e-13,2.0961010704922955e-13,0e0,2,2,0,4,2,0,2,2,2,0,0,0,2,6,6,2,0,0,34,34,34,34,34,68,0,0,74,62,34,34,68,34,0,0
19,0,1,0.0,1,2,2520,2.1116441928370477e-13,0e0,2.0894397323445446e-13,9.703349235223868e-14,0e0,0e0,2.957634137601417e-13,1.056932319443149e-13,0e0,2.575717417130363e-13,6.039613253960852e-14,3.481659405224491e-13,0e0,9.50350909079134e-14,0e0,1.5987211554602254e-13,0e0,6,0,2,4,0,0,2,4,0,2,2,2,0,4,0,4,0,34,0,54,14,34,34,136,0,0,34,34,68,0,68,34,0,0
19,0,1,0.0,1,2,2640,4.787281682183675e-13,0e0,2.942091015256665e-13,6.208367153703875e-13,0e0,0e0,5.044853423896711e-13,4.742872761198669e-13,0e0,6.927791673660977e-13,7.922551503725117e-13,7.638334409421077e-13,0e0,2.815525590449397e-13,0e0,3.801403636316536e-13,0e0,6,0,2,4,0,0,2,4,0,2,2,2,0,4,0,4,0,34,0,54,14,34,34,136,0,0,34,34,68,0,68,34,0,0
19,0,1,0.0,1,2,2760,2.0168595415981372e-7,0e0,1.884288658438038e-8,6.839172428385609e-8,0e0,0e0,2.345280485371859e-7,3.7235237471122673e-7,0e0,7.202651719495634e-8,1.126046136334935e-7,1.4238547763056886e-7,0e0,2.1201156918948527e-7,0e0,2.2239854047256813e-7,0e0,6,0,2,4,0,0,2,4,0,2,2,2,0,4,0,4,0,34,0,54,14,34,34,136,0,0,34,34,68,0,68,34,0,0
19,0,1,0.0,1,2,2880,1.7946048558314942e-7,0e0,1.1243711028896541e-7,4.4635461193820447e-7,0e0,0e0,1.4246598567524416e-8,3.5587404312309445e-7,0e0,5.175467165940972e-7,6.925270845670184e-7,3.135444615054439e-8,0e0,1.57115572996247e-7,0e0,2.9652811051050776e-7,0e0,6,0,2,4,0,0,2,4,0,2,2,2,0,4,0,4,0,34,0,54,14,34,34,136,0,0,34,34,68,0,68,34,0,0
19,0,1,0.0,1,2,3000,2.360819317814844e-9,0e0,4.386887519913785e-9,6.397746776798385e-10,0e0,0e0,3.5237217588246494e-9,1.6323973284215754e-9,0e0,3.227015987761206e-9,5.5126534448390885e-9,1.4984706808718329e-9,0e0,2.5477691956155013e-8,0e0,4.600757108619291e-9,0e0,6,0,2,4,0,0,2,4,0,2,2,2,0,4,0,4,0,34,0,54,14,34,34,136,0,0,34,34,68,0,68,34,0,0
19,0,1,0.0,1,2,3120,7.338838425852146e-10,0e0,6.037617072962576e-10,3.222089262067129e-11,0e0,0e0,3.26094706792901e-10,1.9906210013687087e-10,0e0,2.6705748723543365e-11,1.291411422243982e-10,4.452616053640668e-10,0e0,1.6250467638201371e-10,0e0,1.7572432398083038e-10,0e0,6,0,2,4,0,0,2,4,0,2,2,2,0,4,0,4,0,34,0,54,14,34,34,136,0,0,34,34,68,0,68,34,0,0
19,0,1,0.0,1,2,3240,4.704783229669829e-10,0e0,4.011957432936697e-10,2.319300307362937e-11,0e0,0e0,2.2260238097260299e-10,1.2859668885312203e-10,0e0,2.2354562645432452e-11,7.826983505765384e-11,2.979696489546768e-10,0e0,9.914824516954468e-11,0e0,1.2012790762128134e-10,0e0,6,0,2,4,0,0,2,4,0,2,2,2,0,4,0,4,0,34,0,54,14,34,34,136,0,0,34,34,68,0,68,34,0,0
19,0,1,0.0,1,2,3360,4.0807113244056836e-10,0e0,2.424462852701481e-10,5.6553428606775924e-11,0e0,0e0,4.227729277772596e-11,1.88014048774221e-10,0e0,2.9110580612723425e-10,1.8346568708693667e-10,3.3433167345719994e-10,0e0,6.133253904749836e-10,0e0,5.613429721051943e-10,0e0,6,0,2,4,0,0,2,4,0,2,2,2,0,4,0,4,0,34,0,54,14,34,34,136,0,0,34,34,68,0,68,34,0,0
19,0,1,0.0,1,2,3480,3.882683285993949e-9,0e0,1.8396026923994668e-9,3.3602871596372097e-9,0e0,0e0,1.6625927301561205e-9,5.56886536884349e-9,0e0,2.7453026518742263e-9,3.788905189594516e-9,2.2327029114421748e-10,0e0,3.0753382063153367e-9,0e0,1.2469740795495454e-9,0e0,6,0,2,4,0,0,2,4,0,2,2,2,0,4,0,4,0,34,0,54,14,34,34,136,0,0,34,34,68,0,68,34,0,0
19,0,1,0.0,1,2,3600,7.306931202322176e-7,0e0,4.8609025249390925e-8,1.8805342918426504e-6,0e0,0e0,1.111168273837393e-6,2.3978721799267078e-6,0e0,3.520096782949622e-6,5.286049088226719e-6,2.6272627451362496e-7,0e0,3.993473768559852e-6,0e0,1.7296087868601262e-6,0e0,6,0,2,4,0,0,2,4,0,2,2,2,0,4,0,4,0,34,0,52,16,34,34,136,0,0,34,34,68,0,68,34,0,0
19,0,1,0.3,0,0,120,0e0,3.2613503572065383e-3,1.4038172048458364e-4,3.877142531564459e-3,0e0,0e0,0e0,1.14056293386966e-3,1.56174719450064e-3,0e0,3.981619574915385e-4,5.32818550709635e-3,0e0,1.413413294358179e-3,5.908086295676185e-4,9.030427827383392e-4,0e0,0,4,2,4,0,0,0,4,2,0,2,2,0,4,6,2,0,0,6,34,34,0,62,72,34,0,102,98,0,0,0,102,0,0
19,0,1,0.3,0,0,240,0e0,3.1707510934211314e-3,1.5310518210753798e-4,3.980294364737347e-3,0e0,0e0,0e0,1.040339979226701e-3,1.5541450848104432e-3,0e0,4.3087387712148484e-4,5.4427553550340235e-3,0e0,1.434688936569728e-3,5.69704548070149e-4,8.086033194558695e-4,0e0,0,4,2,4,0,0,0,4,2,0,2,2,0,4,6,2,0,0,6,34,34,0,62,72,34,0,102,98,0,0,0,102,0,0
19,0,1,0.3,0,0,360,0e0,3.1668685551267117e-3,1.537509979243623e-4,3.9850785688031465e-3,0e0,0e0,0e0,1.036014382407302e-3,1.5537976869381964e-3,0e0,4.3215138612140436e-4,5.44793251901865e-3,0e0,1.4358618209371343e-3,5.690249290637439e-4,8.047935843933374e-4,0e0,0,4,2,4,0,0,0,4,2,0,2,2,0,4,6,2,0,0,6,34,34,0,62,72,34,0,102,98,0,0,0,102,0,0
19,0,1,0.3,0,0,480,0e0,3.1668622832512483e-3,1.5375193470390514e-4,3.985088464105502e-3,0e0,0e0,0e0,1.036002275213832e-3,1.5537921572104096e-3,0e0,4.3215365622018e-4,5.4479429963976145e-3,0e0,1.4358617409016006e-3,5.690231841981586e-4,8.047808514675125e-4,0e0,0,4,2,4,0,0,0,4,2,0,2,2,0,4,6,2,0,0,6,34,34,0,62,72,34,0,102,98,0,0,0,102,0,0
19,0,1,0.3,0,0,600,0e0,3.1668659794377163e-3,1.5375158000097144e-4,3.985095041571185e-3,0e0,0e0,0e0,1.0359990847064182e-3,1.5537921572104096e-3,0e0,4.3215365622018e-4,5.4479429963976145e-3,0e0,1.4358611952047795e-3,5.690255702575087e-4,8.047808514675125e-4,0e0,0,4,2,4,0,0,0,4,2,0,2,2,0,4,6,2,0,0,6,34,34,0,62,72,34,0,102,98,0,0,0,102,0,0
19,0,1,0.3,0,0,720,0e0,3.166868322296068e-3,1.5375055954791605e-4,3.985090501373634e-3,0e0,0e0,0e0,1.0359990847064182e-3,1.5537836952717043e-3,0e0,4.3215365622018e-4,5.4479429963976145e-3,0e0,1.4358607877511531e-3,5.690243365279457e-4,8.047751616686583e-4,0e0,0,4,2,4,0,0,0,4,2,0,2,2,0,4,6,2,0,0,6,34,34,0,62,72,34,0,102,98,0,0,0,102,0,0
19,0,1,0.3,0,0,840,0e0,3.1668659794377163e-3,1.5375158000097144e-4,3.9850920147728175e-3,0e0,0e0,0e0,1.0359990847064182e-3,1.5537836952717043e-3,0e0,4.321547912695678e-4,5.4479429963976145e-3,0e0,1.4358611952047795e-3,5.690237949238508e-4,8.047751616686583e-4,0e0,0,4,2,4,0,0,0,4,2,0,2,2,0,4,6,2,0,0,6,34,34,0,62,72,34,0,102,98,0,0,0,102,0,0
19,0,1,0.3,0,0,960,0e0,3.1668674928369e-3,1.5375158000097144e-4,3.98508706712164e-3,0e0,0e0,0e0,1.0359990847064182e-3,1.5537921572104096e-3,0e0,4.321547912695678e-4,5.4479429963976145e-3,0e0,1.4358565967995673e-3,5.690197381227335e-4,8.047751616686583e-4,0e0,0,4,2,4,0,0,0,4,2,0,2,2,0,4,6,2,0,0,6,34,34,0,62,72,34,0,102,98,0,0,0,102,0,0
19,0,1,0.3,0,0,1080,0e0,3.166862952639349e-3,1.5375055954791605e-4,3.985095041571185e-3,0e0,0e0,0e0,1.0359990847064182e-3,1.5537909930571914e-3,0e0,4.321547912695678e-4,5.4479429963976145e-3,0e0,1.4358643020386808e-3,5.69023410207592e-4,8.047751616686583e-4,0e0,0,4,2,4,0,0,0,4,2,0,2,2,0,4,6,2,0,0,6,34,34,0,62,72,34,0,102,98,0,0,0,102,0,0
19,0,1,0.3,0,0,1200,0e0,3.166858572512865e-3,1.5375353723356966e-4,3.9850950124673545e-3,0e0,0e0,0e0,1.0360018677602056e-3,1.5538014995399863e-3,0e0,4.321547912695678e-4,5.447918549180031e-3,0e0,1.4358611006173305e-3,5.690227717423113e-4,8.047788724070415e-4,0e0,0,4,2,4,0,0,0,4,2,0,2,2,0,4,6,2,0,0,6,34,34,0,62,72,34,0,102,98,0,0,0,102,0,0
19,0,1,0.3,0,1,1320,4.671309667173773e-3,6.614061276195571e-4,0e0,6.155545066576451e-3,3.942625829949975e-3,0e0,2.150937398255337e-4,1.7957387317437679e-3,1.9692722416948527e-3,0e0,0e0,0e0,4.136790346819907e-3,2.151335170310631e-3,1.9384620054552215e-3,5.2842908189632e-3,0e0,2,2,0,4,2,0,2,2,2,0,0,0,2,6,6,2,0,0,34,28,34,19,53,74,0,5,74,58,31,29,68,34,3,0
19,0,1,0.3,0,1,1440,4.675755277276039e-3,6.623881636187434e-4,0e0,6.15502214350272e-3,3.933885833248496e-3,0e0,2.1513379033422098e-4,1.7975670198211446e-3,1.9677696836879477e-3,0e0,0e0,0e0,4.139525233767927e-3,2.1461440564962686e-3,1.94255428868928e-3,5.286083120154217e-3,0e0,2,2,0,4,2,0,2,2,2,0,0,0,2,6,6,2,0,0,34,28,34,19,53,74,0,5,74,58,31,29,68,34,3,0
19,0,1,0.3,0,1,1560,4.675744334235787e-3,6.623883309657685e-4,0e0,6.155014634714462e-3,3.933895786758512e-3,0e0,2.1513403771677986e-4,1.797564691514708e-3,1.9677705713547766e-3,0e0,0e0,0e0,4.1395173175260425e-3,2.146143649042642e-3,1.9425431555646355e-3,5.286106141284108e-3,0e0,2,2,0,4,2,0,2,2,2,0,0,0,2,6,6,2,0,0,34,28,34,19,53,74,0,5,74,58,31,29,68,34,3,0
19,0,1,0.3,0,1,1680,4.675741714891046e-3,6.623847075388767e-4,0e0,6.155006209155545e-3,3.933895786758512e-3,0e0,2.1513237879844382e-4,1.7975613300222903e-3,1.9677705713547766e-3,0e0,0e0,0e0,4.139513592235744e-3,2.1461510195877054e-3,1.942554724337242e-3,5.286121100652963e-3,0e0,2,2,0,4,2,0,2,2,2,0,0,0,2,6,6,2,0,0,34,28,34,19,53,74,0,5,74,58,31,29,68,34,3,0
19,0,1,0.3,0,1,1800,4.675741714891046e-3,6.623847075388767e-4,0e0,6.155008100904524e-3,3.933893924113363e-3,0e0,2.1513237879844382e-4,1.797564691514708e-3,1.9677705713547766e-3,0e0,0e0,0e0,4.139520577155054e-3,2.1461527367137023e-3,1.942554724337242e-3,5.286113853799179e-3,0e0,2,2,0,4,2,0,2,2,2,0,0,0,2,6,6,2,0,0,34,28,34,19,53,74,0,5,74,58,31,29,68,34,3,0
19,0,1,0.3,0,1,1920,4.675747128203511e-3,6.623870431212708e-4,0e0,6.15500588901341e-3,3.933893924113363e-3,0e0,2.1513379033422098e-4,1.7975599184865132e-3,1.9677705713547766e-3,0e0,0e0,0e0,4.1395173175260425e-3,2.14614859669382e-3,1.9425558020884637e-3,5.286106141284108e-3,0e0,2,2,0,4,2,0,2,2,2,0,0,0,2,6,6,2,0,0,34,28,34,19,53,74,0,5,74,58,31,29,68,34,3,0
19,0,1,0.3,0,1,2040,4.675743402913213e-3,6.623895023949444e-4,0e0,6.155024253530428e-3,3.933894302463159e-3,0e0,2.1513619867619127e-4,1.797564691514708e-3,1.9677696836879477e-3,0e0,0e0,0e0,4.139521450269967e-3,2.146141240700672e-3,1.9425534883339424e-3,5.286106141284108e-3,0e0,2,2,0,4,2,0,2,2,2,0,0,0,2,6,6,2,0,0,34,28,34,19,53,74,0,5,74,58,31,29,68,34,3,0
19,0,1,0.3,0,1,2160,4.675743402913213e-3,6.623899753321894e-4,0e0,6.155022390885279e-3,3.933896368835121e-3,0e0,2.1513829051400535e-4,1.7975616647163406e-3,1.9677696836879477e-3,0e0,0e0,0e0,4.139504919294268e-3,2.1461426667883643e-3,1.94255816131772e-3,5.286098923534155e-3,0e0,2,2,0,4,2,0,2,2,2,0,0,0,2,6,6,2,0,0,34,28,34,19,53,74,0,5,74,58,31,29,68,34,3,0
19,0,1,0.3,0,1,2280,4.675742471590638e-3,6.623863519052975e-4,0e0,6.15501866559498e-3,3.933894302463159e-3,0e0,2.1513403771677986e-4,1.797564691514708e-3,1.96776568191126e-3,0e0,0e0,0e0,4.1395173175260425e-3,2.146151143278985e-3,1.9425566606514622e-3,5.286106141284108e-3,0e0,2,2,0,4,2,0,2,2,2,0,0,0,2,6,6,2,0,0,34,28,34,19,53,74,0,5,74,58,31,29,68,34,3,0
19,0,1,0.3,0,1,2400,4.675743402913213e-3,6.623899753321894e-4,0e0,6.155024253530428e-3,3.933900356059894e-3,0e0,2.1513837782549672e-4,1.7975664377445355e-3,1.9677696836879477e-3,0e0,0e0,0e0,4.139500786550343e-3,2.1461426667883643e-3,1.9425554255576571e-3,5.286106141284108e-3,0e0,2,2,0,4,2,0,2,2,2,0,0,0,2,6,6,2,0,0,34,28,34,19,53,74,0,5,74,58,31,29,68,34,3,0
19,0,1,0.3,0,2,2520,6.785554447560571e-3,0e0,6.860670691821724e-4,4.065661778440699e-3,0e0,0e0,6.28496268291201e-5,1.9007796072401106e-3,0e0,3.75961497775279e-3,4.3018282485718373e-4,2.1336723875720054e-3,0e0,7.785943955695984e-5,0e0,6.110552843892947e-3,0e0,6,0,2,4,0,0,2,4,0,2,2,2,0,4,0,4,0,32,2,34,34,34,37,136,0,0,31,34,68,0,68,34,0,0
19,0,1,0.3,0,2,2640,6.783676042687148e-3,0e0,6.845773968962021e-4,4.069828821229748e-3,0e0,0e0,6.249750458664494e-5,1.9046408488065936e-3,0e0,3.7539649347309023e-3,4.293449874239741e-4,2.135550428647548e-3,0e0,7.818631388545327e-5,0e0,6.110461021307856e-3,0e0,6,0,2,4,0,0,2,4,0,2,2,2,0,4,0,4,0,32,2,34,34,34,37,136,0,0,31,34,68,0,68,34,0,0
19,0,1,0.3,0,2,2760,6.783671691664495e-3,0e0,6.845775715191849e-4,4.069834802066907e-3,0e0,0e0,6.249750458664494e-5,1.9046453962801024e-3,0e0,3.7539565819315612e-3,4.293470537959365e-4,2.135550312232226e-3,0e0,7.81863118390902e-5,0e0,6.110439338954166e-3,0e0,6,0,2,4,0,0,2,4,0,2,2,2,0,4,0,4,0,32,2,34,34,34,37,136,0,0,31,34,68,0,68,34,0,0
19,0,1,0.3,0,2,2880,6.783658696804196e-3,0e0,6.845751195214689e-4,4.069839051226154e-3,0e0,0e0,6.249635089261574e-5,1.9046504094148986e-3,0e0,3.7539565819315612e-3,4.29349958722014e-4,2.135550312232226e-3,0e0,7.8185287748056e-5,0e0,6.110439338954166e-3,0e0,6,0,2,4,0,0,2,4,0,2,2,2,0,4,0,4,0,32,2,34,34,34,37,136,0,0,31,34,68,0,68,34,0,0
19,0,1,0.3,0,2,3000,6.78367713408079e-3,0e0,6.845759926363826e-4,4.069823800818995e-3,0e0,0e0,6.249538319025305e-5,1.9046291927224956e-3,0e0,3.753970842808485e-3,4.2936072713928297e-4,2.1355440840125084e-3,0e0,7.818649203272798e-5,0e0,6.110450747655705e-3,0e0,6,0,2,4,0,0,2,4,0,2,2,2,0,4,0,4,0,32,2,34,34,34,37,136,0,0,31,34,68,0,68,34,0,0
19,0,1,0.3,0,2,3120,6.783677410567179e-3,0e0,6.845751195214689e-4,4.06982668209821e-3,0e0,0e0,6.249546322578681e-5,1.9046358283958398e-3,0e0,3.7539777695201337e-3,4.2935662349918857e-4,2.135550312232226e-3,0e0,7.818654489710752e-5,0e0,6.1104521446395665e-3,0e0,6,0,2,4,0,0,2,4,0,2,2,2,0,4,0,4,0,32,2,34,34,34,37,136,0,0,31,34,68,0,68,34,0,0
19,0,1,0.3,0,2,3240,6.7836719390470535e-3,0e0,6.845751195214689e-4,4.069829708896577e-3,0e0,0e0,6.249635089261574e-5,1.9046451634494588e-3,0e0,3.7539742479566485e-3,4.2935662349918857e-4,2.135550312232226e-3,0e0,7.818524682079442e-5,0e0,6.110439338954166e-3,0e0,6,0,2,4,0,0,2,4,0,2,2,2,0,4,0,4,0,32,2,34,34,34,37,136,0,0,31,34,68,0,68,34,0,0
19,0,1,0.3,0,2,3360,6.783636315958574e-3,0e0,6.845744937891141e-4,4.069805159815587e-3,0e0,0e0,6.249819762160769e-5,1.9046447850996628e-3,0e0,3.7539823970291764e-3,4.2933737313433085e-4,2.1355718781705946e-3,0e0,7.818477860155326e-5,0e0,6.110488233389333e-3,0e0,6,0,2,4,0,0,2,4,0,2,2,2,0,4,0,4,0,32,2,34,34,34,37,136,0,0,31,34,68,0,68,34,0,0
19,0,1,0.3,0,2,3480,6.783660734072328e-3,0e0,6.845739044365473e-4,4.069818940479308e-3,0e0,0e0,6.249750458664494e-5,1.9046446905122139e-3,0e0,3.7539691547863185e-3,4.2934414886985905e-4,2.1355609060265124e-3,0e0,7.818318925956191e-5,0e0,6.110455346060917e-3,0e0,6,0,2,4,0,0,2,4,0,2,2,2,0,4,0,4,0,32,2,34,34,34,37,136,0,0,31,34,68,0,68,34,0,0
19,0,1,0.3,0,2,3600,6.7836727102985606e-3,0e0,6.845747193438001e-4,4.06981774722226e-3,0e0,0e0,6.249546322578681e-5,1.9046311717829667e-3,0e0,3.753984288778156e-3,4.2935662349918857e-4,2.135550428647548e-3,0e0,7.81871756316832e-5,0e0,6.11044155084528e-3,0e0,6,0,2,4,0,0,2,4,0,2,2,2,0,4,0,4,0,32,2,34,34,34,37,136,0,0,31,34,68,0,68,34,0,0
19,0,1,0.3,1,0,120,0e0,3.2613503572065383e-3,1.4038172048458364e-4,3.877142531564459e-3,0e0,0e0,0e0,1.14056293386966e-3,1.56174719450064e-3,0e0,3.981619574915385e-4,5.32818550709635e-3,0e0,1.413413294358179e-3,5.908086295676185e-4,9.030427827383392e-4,0e0,0,4,2,4,0,0,0,4,2,0,2,2,0,4,6,2,0,0,6,34,34,0,62,72,34,0,102,98,0,0,0,102,0,0
19,0,1,0.3,1,0,240,0e0,3.1707510934211314e-3,1.5310518210753798e-4,3.980294364737347e-3,0e0,0e0,0e0,1.040339979226701e-3,1.5541450848104432e-3,0e0,4.3087387712148484e-4,5.4427553550340235e-3,0e0,1.434688936569728e-3,5.69704548070149e-4,8.086033194558695e-4,0e0,0,4,2,4,0,0,0,4,2,0,2,2,0,4,6,2,0,0,6,34,34,0,62,72,34,0,102,98,0,0,0,102,0,0
19,0,1,0.3,1,0,360,0e0,3.1668685551267117e-3,1.537509979243623e-4,3.9850785688031465e-3,0e0,0e0,0e0,1.036014382407302e-3,1.5537976869381964e-3,0e0,4.3215138612140436e-4,5.44793251901865e-3,0e0,1.4358618209371343e-3,5.690249290637439e-4,8.047935843933374e-4,0e0,0,4,2,4,0,0,0,4,2,0,2,2,0,4,6,2,0,0,6,34,34,0,62,72,34,0,102,98,0,0,0,102,0,0
19,0,1,0.3,1,0,480,0e0,2.1980299352435395e-3,6.839295247118571e-5,2.7483564481372014e-3,0e0,0e0,0e0,8.136944670695812e-4,1.4981587592046708e-3,0e0,5.9556126871029846e-5,5.189177696593106e-3,0e0,8.360862811969128e-4,8.908899814059623e-4,7.600953467772342e-4,0e0,0,4,2,4,0,0,0,4,2,0,2,2,0,4,6,2,0,0,0,34,34,0,68,68,34,0,102,86,16,0,0,102,0,0
19,0,1,0.3,1,0,600,0e0,4.831324059750841e-5,9.429463534615934e-5,1.756829169607954e-3,0e0,0e0,0e0,8.604570139141288e-4,1.0051153440144844e-3,0e0,2.9470090157701634e-4,3.2108035520650446e-3,0e0,7.450214093296381e-4,8.280636525341833e-4,1.3868209935026243e-3,0e0,0,4,2,4,0,0,0,4,2,0,2,2,0,4,6,2,0,0,0,45,24,0,68,67,34,0,102,102,0,0,0,102,0,0
19,0,1,0.3,1,0,720,0e0,1.0098004577230313e-4,4.5546703040599823e-4,6.031513985362835e-4,0e0,0e0,0e0,7.874109724070877e-4,1.6883665648492752e-4,0e0,2.947386892628856e-4,2.899544721003622e-3,0e0,5.90098984503129e-4,1.2991093390155584e-3,3.1025111638882663e-4,0e0,0,4,2,4,0,0,0,4,2,0,2,2,0,4,6,2,0,0,0,49,19,0,68,68,34,0,102,99,3,0,0,102,0,0
19,0,1,0.3,1,0,840,0e0,9.879999015538488e-5,8.441921181656653e-6,4.2525972457951866e-4,0e0,0e0,0e0,7.347602404479403e-4,1.546842289315009e-4,0e0,2.2700130284647457e-4,7.950899125717115e-4,0e0,8.985262720671017e-4,1.0286167962476611e-3,2.6990574042429216e-4,0e0,0,4,2,4,0,0,0,4,2,0,2,2,0,4,6,2,0,0,0,49,19,0,68,70,34,0,102,100,0,0,0,102,0,0
19,0,1,0.3,1,0,960,0e0,3.9052142346918117e-4,3.373467916389927e-5,4.337118152761832e-4,0e0,0e0,0e0,5.576714938797522e-4,1.076255875887e-5,0e0,3.135860897600651e-4,3.422381996642798e-4,0e0,1.1378733984201972e-4,7.510834989261639e-4,3.000763081217883e-5,0e0,0,4,2,4,0,0,0,4,2,0,2,2,0,4,6,2,0,0,0,50,18,0,68,68,34,12,90,102,0,0,0,102,0,0
19,0,1,0.3,1,0,1080,0e0,2.1441113403852796e-4,6.337344530038536e-6,2.2150771383167012e-4,0e0,0e0,0e0,1.786009561328683e-4,3.4404031339363428e-6,0e0,2.3913869881653227e-4,1.4818177396591636e-4,0e0,1.1271305851323632e-4,6.738186015553538e-4,5.071907025921973e-6,0e0,0,4,2,4,0,0,0,4,2,0,2,2,0,4,6,2,0,0,0,53,16,0,68,68,34,13,89,101,0,0,0,102,0,0
19,0,1,0.3,1,0,1200,0e0,2.6273842149748816e-4,2.993708960730146e-6,1.1522903855620825e-4,0e0,0e0,0e0,1.03628574834147e-4,8.472138517845451e-6,0e0,1.2180310295661911e-4,6.310268264542174e-5,0e0,1.490131994614785e-4,6.260712025323301e-4,3.256860964029329e-6,0e0,0,4,2,4,0,0,0,4,2,0,2,2,0,4,6,2,0,0,0,54,14,0,68,68,34,12,90,102,0,0,0,102,0,0
19,0,1,0.3,1,1,1320,6.876651459606364e-4,5.077623427496292e-5,0e0,8.998692101158667e-5,4.7972711035981774e-4,0e0,8.910889609978767e-4,2.5819264465098968e-5,7.524465909227729e-4,0e0,0e0,0e0,1.2652248260565102e-3,9.929235911840806e-4,5.292797933265092e-4,3.296011476777494e-3,0e0,2,2,0,4,2,0,2,2,2,0,0,0,2,6,6,2,0,0,34,34,34,25,43,68,0,0,80,56,34,34,68,34,0,0
19,0,1,0.3,1,1,1440,3.542334961821325e-4,5.7896490034181625e-5,0e0,6.236723322672333e-5,3.753875062102452e-4,0e0,1.0799832271004561e-3,3.664739006126183e-5,5.092382634757087e-4,0e0,0e0,0e0,7.3321393574588e-4,6.870056395200663e-4,1.1639303320407635e-3,7.082444267325627e-5,0e0,2,2,0,4,2,0,2,2,2,0,0,0,2,6,6,2,0,0,34,34,34,28,40,68,0,0,82,54,34,34,68,34,0,0
19,0,1,0.3,1,1,1560,3.10001487378031e-4,3.5130624382873066e-5,0e0,4.103968080926279e-5,3.628861959441565e-4,0e0,1.1308260545774829e-3,5.038598374085268e-5,4.4652978249359876e-4,0e0,0e0,0e0,6.134036520961672e-4,6.337836230159155e-4,1.3082094010314904e-3,1.0156796452065464e-4,0e0,2,2,0,4,2,0,2,2,2,0,0,0,2,6,6,2,0,0,34,34,34,27,41,68,0,0,82,54,34,34,68,34,0,0
19,0,1,0.3,1,1,1680,2.9240521689644083e-4,3.2762569389888085e-5,0e0,4.30279455940763e-5,3.5353872226551175e-4,0e0,1.1424077711126301e-3,5.62736331630731e-5,4.143886762904003e-4,0e0,0e0,0e0,5.653369807987474e-4,6.31829702797404e-4,1.3716111425310373e-3,7.595938814120018e-5,0e0,2,2,0,4,2,0,2,2,2,0,0,0,2,6,6,2,0,0,34,34,34,28,40,68,0,0,83,53,34,34,68,34,0,0
19,0,1,0.3,1,1,1800,2.994049937115051e-4,3.279126394772902e-5,0e0,4.5440565770604735e-5,3.408357260923367e-4,0e0,1.1419485654187156e-3,5.9564765251707286e-5,3.9971090154722333e-4,0e0,0e0,0e0,5.399707442848012e-4,6.421390016839723e-4,1.4021810184203787e-3,9.07996627574903e-5,0e0,2,2,0,4,2,0,2,2,2,0,0,0,2,6,6,2,0,0,34,34,34,30,38,68,0,0,83,53,34,34,68,34,0,0
19,0,1,0.3,1,1,1920,2.7717628836398944e-4,3.000687593157636e-5,0e0,4.470144926926878e-5,3.4485939249861985e-4,0e0,1.1525626887305407e-3,6.034826765244361e-5,3.8569766911678016e-4,0e0,0e0,0e0,5.260539255687036e-4,6.208531995071098e-4,1.4215594910638174e-3,8.697864950590883e-5,0e0,2,2,0,4,2,0,2,2,2,0,0,0,2,6,6,2,0,0,34,34,34,29,39,68,0,0,83,53,34,34,68,34,0,0
19,0,1,0.3,1,1,2040,2.9113168420735747e-4,2.767401792880264e-5,0e0,4.340912795441909e-5,3.612547443481162e-4,0e0,1.1598915443755686e-3,6.197133279783884e-5,3.861902077915147e-4,0e0,0e0,0e0,5.295594855851959e-4,5.93400309298886e-4,1.4229361731850076e-3,1.38132345455233e-4,0e0,2,2,0,4,2,0,2,2,2,0,0,0,2,6,6,2,0,0,34,34,34,28,40,68,0,0,83,53,34,34,68,34,0,0
19,0,1,0.3,1,1,2160,2.925502267316915e-4,3.151784858346218e-5,0e0,5.176043089250015e-5,3.251917369198054e-4,0e0,1.1670417134155286e-3,6.381744060490746e-5,3.6750636354554445e-4,0e0,0e0,0e0,4.980770609108731e-4,6.415457901312038e-4,1.4508969397866167e-3,1.1101789641543292e-4,0e0,2,2,0,4,2,0,2,2,2,0,0,0,2,6,6,2,0,0,34,34,34,31,37,68,0,0,83,53,34,34,68,34,0,0
19,0,1,0.3,1,1,2280,2.707708190428093e-4,2.7723180892280652e-5,0e0,4.707806164105932e-5,3.5161449341103435e-4,0e0,1.1645200829661917e-3,6.24914355285e-5,3.718065927387215e-4,0e0,0e0,0e0,5.144600763742346e-4,5.983602186461212e-4,1.441045440515154e-3,1.1059521239076275e-4,0e0,2,2,0,4,2,0,2,2,2,0,0,0,2,6,6,2,0,0,34,34,34,28,40,68,0,0,83,53,34,34,68,34,0,0
19,0,1,0.3,1,1,2400,2.680520701687783e-4,3.025532669198583e-5,0e0,5.222765463486212e-5,3.3313792664557695e-4,0e0,1.1749900731956586e-3,6.356328685797052e-5,3.588383988244459e-4,0e0,0e0,0e0,4.99562949698884e-4,6.260298905544914e-4,1.4506903353321832e-3,8.254241220129188e-5,0e0,2,2,0,4,2,0,2,2,2,0,0,0,2,6,6,2,0,0,34,34,34,30,38,68,0,0,83,53,34,34,68,34,0,0
19,0,1,0.3,1,2,2520,2.596281741034545e-3,0e0,1.69219340023119e-4,6.1786931610186e-5,0e0,0e0,5.044673116572085e-5,1.0024113402096191e-4,0e0,6.02753265411593e-4,3.7279836396919563e-4,6.224641925655305e-3,0e0,3.5709404528461164e-4,0e0,9.875879532046383e-4,0e0,6,0,2,4,0,0,2,4,0,2,2,2,0,4,0,4,0,34,0,52,16,34,34,136,0,0,34,34,68,0,68,34,0,0
19,0,1,0.3,1,2,2640,1.6257251263596117e-3,0e0,5.41187146154698e-5,3.1836571542953607e-4,0e0,0e0,1.2885915703009232e-4,3.3109299033640127e-4,0e0,4.164764395682141e-4,3.092621191171929e-4,1.1938074312638491e-3,0e0,4.741873776765715e-4,0e0,3.1999850943975616e-4,0e0,6,0,2,4,0,0,2,4,0,2,2,2,0,4,0,4,0,34,0,48,20,34,34,136,0,0,34,34,68,0,68,34,0,0
19,0,1,0.3,1,2,2760,1.0369594856456388e-3,0e0,8.771956163400318e-5,2.576622637207038e-4,0e0,0e0,6.877145006001228e-5,3.9944360969457193e-4,0e0,2.927364948845934e-4,2.1404106519185007e-4,4.6044811824685894e-4,0e0,4.368048662399815e-4,0e0,3.232096914871363e-4,0e0,6,0,2,4,0,0,2,4,0,2,2,2,0,4,0,4,0,34,0,49,19,34,34,136,0,0,34,34,68,0,68,34,0,0
19,0,1,0.3,1,2,2880,7.617287737957668e-4,0e0,1.8466535038896836e-4,1.5620927058535017e-4,0e0,0e0,2.6115500986634288e-5,3.669267071018112e-4,0e0,2.2009172607795335e-4,2.2455156431533396e-4,2.995746017404599e-4,0e0,4.359708133847562e-4,0e0,2.538940461818129e-4,0e0,6,0,2,4,0,0,2,4,0,2,2,2,0,4,0,4,0,34,0,50,18,34,34,136,0,0,34,34,68,0,68,34,0,0
19,0,1,0.3,1,2,3000,6.204739474924281e-4,0e0,2.391418474871898e-4,1.0087311102324747e-4,0e0,0e0,8.832383628032403e-6,3.299089306665337e-4,0e0,1.6562294695177115e-4,2.389615256106481e-4,2.3469337247661315e-4,0e0,4.6371115877263946e-4,0e0,2.454575733281672e-4,0e0,6,0,2,4,0,0,2,4,0,2,2,2,0,4,0,4,0,34,0,52,16,34,34,136,0,0,34,34,68,0,68,34,0,0
19,0,1,0.3,1,2,3120,5.331618231139146e-4,0e0,2.5736353927641176e-4,6.768040907445538e-5,0e0,0e0,2.3387302121591347e-6,3.064120569433726e-4,0e0,1.2746505854011048e-4,2.450572428642772e-4,2.1224986630841158e-4,0e0,4.802837136139715e-4,0e0,2.3217732632474508e-4,0e0,6,0,2,4,0,0,2,4,0,2,2,2,0,4,0,4,0,34,0,52,16,34,34,136,0,0,34,34,68,0,68,34,0,0
19,0,1,0.3,1,2,3240,4.85228647448821e-4,0e0,2.537882883189013e-4,4.9126860915293946e-5,0e0,0e0,7.784399116417262e-7,2.713962052212082e-4,0e0,1.0479392767592799e-4,2.5136456679319963e-4,1.8641575661604293e-4,0e0,5.031486641655647e-4,0e0,3.393565621081507e-4,0e0,6,0,2,4,0,0,2,4,0,2,2,2,0,4,0,4,0,34,0,54,14,34,34,136,0,0,34,34,68,0,68,34,0,0
19,0,1,0.3,1,2,3360,4.258369999661227e-4,0e0,2.69623402346042e-4,4.097713929240854e-5,0e0,0e0,1.0456753471999036e-6,2.542636220823624e-4,0e0,8.675186836626381e-5,2.456418515066616e-4,1.7425001533410978e-4,0e0,5.297643049289036e-4,0e0,2.472426240274217e-4,0e0,6,0,2,4,0,0,2,4,0,2,2,2,0,4,0,4,0,34,0,54,14,34,34,136,0,0,34,34,68,0,68,34,0,0
19,0,1,0.3,1,2,3480,3.96143615944311e-4,0e0,2.5832338360487483e-4,3.1738913691015114e-5,0e0,0e0,1.51165238548856e-6,2.3188341037894133e-4,0e0,7.791110692778602e-5,2.405549748800695e-4,1.6295630848617293e-4,0e0,5.385336037306843e-4,0e0,2.3380795028060675e-4,0e0,6,0,2,4,0,0,2,4,0,2,2,2,0,4,0,4,0,34,0,54,14,34,34,136,0,0,34,34,68,0,68,34,0,0
19,0,1,0.3,1,2,3600,3.714588910952443e-4,0e0,2.3953045092639513e-4,2.75946158296847e-5,0e0,0e0,2.2638029690824624e-6,2.1288681875830662e-4,0e0,6.797973946959246e-5,2.3784071527188644e-4,1.5505185911024455e-4,0e0,5.429565917438595e-4,0e0,3.2761419424787164e-4,0e0,6,0,2,4,0,0,2,4,0,2,2,2,0,4,0,4,0,34,0,54,14,34,34,136,0,0,34,34,68,0,68,34,0,0
19,1,0,0.0,0,0,120,0e0,3.018784278538078e-3,7.699978305026889e-4,3.5909034340875223e-4,0e0,0e0,0e0,2.527436627133284e-4,2.1939783036941662e-3,0e0,6.235155335161835e-3,5.349501792807132e-3,0e0,2.837020336301066e-3,2.9893222151713417e-3,1.0621255023579579e-4,0e0,0,4,2,4,0,0,0,4,2,0,2,2,0,4,6,2,0,0,0,52,16,0,68,69,34,0,102,101,0,0,0,102,0,0
19,1,0,0.0,0,0,240,0e0,3.019831929123029e-3,7.671187195228413e-4,3.576519557100255e-4,0e0,0e0,0e0,2.523912444303278e-4,2.190097307902761e-3,0e0,6.229924620129168e-3,5.3511717123910785e-3,0e0,2.841339824954048e-3,2.9981990871874586e-3,1.039888466038974e-4,0e0,0,4,2,4,0,0,0,4,2,0,2,2,0,4,6,2,0,0,0,52,16,0,68,69,34,0,102,101,0,0,0,102,0,0
19,1,0,0.0,0,0,360,0e0,3.0198276217561215e-3,7.671162893529981e-4,3.57655793777667e-4,0e0,0e0,0e0,2.5238620582967997e-4,2.1901114232605323e-3,0e0,6.2299437704496086e-3,5.351152474759147e-3,0e0,2.841335634002462e-3,2.9981904233409296e-3,1.0399005986982957e-4,0e0,0,4,2,4,0,0,0,4,2,0,2,2,0,4,6,2,0,0,0,52,16,0,68,69,34,0,102,101,0,0,0,102,0,0
19,1,0,0.0,0,0,480,0e0,3.0198276217561215e-3,7.671162893529981e-4,3.5765407665167004e-4,0e0,0e0,0e0,2.5238620582967997e-4,2.1901114232605323e-3,0e0,6.2299437704496086e-3,5.351163330487907e-3,0e0,2.841335634002462e-3,2.998190186872307e-3,1.0399005986982957e-4,0e0,0,4,2,4,0,0,0,4,2,0,2,2,0,4,6,2,0,0,0,52,16,0,68,69,34,0,102,101,0,0,0,102,0,0
19,1,0,0.0,0,0,600,0e0,3.0198203457985073e-3,7.671162893529981e-4,3.576542676455574e-4,0e0,0e0,0e0,2.523854927858338e-4,2.1901114232605323e-3,0e0,6.2299437704496086e-3,5.351163330487907e-3,0e0,2.8413475083652884e-3,2.998190019525282e-3,1.0399099119240418e-4,0e0,0,4,2,4,0,0,0,4,2,0,2,2,0,4,6,2,0,0,0,52,16,0,68,69,34,0,102,101,0,0,0,102,0,0
19,1,0,0.0,0,0,720,0e0,3.019822674104944e-3,7.671162893529981e-4,3.576551825972274e-4,0e0,0e0,0e0,2.523849016142776e-4,2.1901114232605323e-3,0e0,6.2299437704496086e-3,5.351163330487907e-3,0e0,2.841341745806858e-3,2.998190186872307e-3,1.0399099119240418e-4,0e0,0,4,2,4,0,0,0,4,2,0,2,2,0,4,6,2,0,0,0,52,16,0,68,69,34,0,102,101,0,0,0,102,0,0
19,1,0,0.0,0,0,840,0e0,3.019822674104944e-3,7.671162893529981e-4,3.576554881874472e-4,0e0,0e0,0e0,2.523856146581238e-4,2.1901114232605323e-3,0e0,6.2299437704496086e-3,5.351163330487907e-3,0e0,2.841338486177847e-3,2.9981898539972462e-3,1.0399005986982957e-4,0e0,0,4,2,4,0,0,0,4,2,0,2,2,0,4,6,2,0,0,0,52,16,0,68,69,34,0,102,101,0,0,0,102,0,0
19,1,0,0.0,0,0,960,0e0,3.019831929123029e-3,7.671217972529121e-4,3.576552899176022e-4,0e0,0e0,0e0,2.5238995112886187e-4,2.190120198065415e-3,0e0,6.2299437704496086e-3,5.351154803065583e-3,0e0,2.8413254403858446e-3,2.9981855466303386e-3,1.0399165876151528e-4,0e0,0,4,2,4,0,0,0,4,2,0,2,2,0,4,6,2,0,0,0,52,16,0,68,69,34,0,102,101,0,0,0,102,0,0
19,1,0,0.0,0,0,1080,0e0,3.019827854586765e-3,7.67118290241342e-4,3.576531325961696e-4,0e0,0e0,0e0,2.5238815123884706e-4,2.1901139843976125e-3,0e0,6.229954306036234e-3,5.351152474759147e-3,0e0,2.841333014657721e-3,2.9981872219195793e-3,1.0399099119240418e-4,0e0,0,4,2,4,0,0,0,4,2,0,2,2,0,4,6,2,0,0,0,52,16,0,68,69,34,0,102,101,0,0,0,102,0,0
19,1,0,0.0,0,0,1200,0e0,3.019822674104944e-3,7.671162893529981e-4,3.576534800231457e-4,0e0,0e0,0e0,2.523866278352216e-4,2.1901167783653364e-3,0e0,6.2299437704496086e-3,5.351152474759147e-3,0e0,2.8413347026798874e-3,2.9981900213442714e-3,1.0399005986982957e-4,0e0,0,4,2,4,0,0,0,4,2,0,2,2,0,4,6,2,0,0,0,52,16,0,68,69,34,0,102,101,0,0,0,102,0,0
19,1,0,0.0,0,1,1320,0e0,3.0211084376787767e-3,7.676765308133326e-4,3.5793090319202747e-4,0e0,0e0,0e0,2.5284382445533993e-4,2.1912281517870724e-3,0e0,6.230172468349338e-3,5.350335268303752e-3,0e0,2.8403925825841725e-3,2.996015245344097e-3,1.0407099944131915e-4,0e0,0,4,2,4,0,0,0,4,2,0,2,2,0,4,6,2,0,0,0,52,16,0,68,69,34,0,102,101,0,0,0,102,0,0
19,1,0,0.0,0,1,1440,0e0,3.0197877786122262e-3,7.671054991078563e-4,3.576507224352099e-4,0e0,0e0,0e0,2.523770863263053e-4,2.1900856809224933e-3,0e0,6.229951686691493e-3,5.3511837613768876e-3,0e0,2.8413587060640566e-3,2.998222102633008e-3,1.0399032271379838e-4,0e0,0,4,2,4,0,0,0,4,2,0,2,2,0,4,6,2,0,0,0,52,16,0,68,69,34,0,102,101,0,0,0,102,0,0
19,1,0,0.0,0,1,1560,0e0,3.0198271706467494e-3,7.671173007111065e-4,3.5765690699918196e-4,0e0,0e0,0e0,2.5238758462364785e-4,2.1901114232605323e-3,0e0,6.2299437704496086e-3,5.351164727471769e-3,0e0,2.841335102857556e-3,2.998184615307764e-3,1.0399168968433514e-4,0e0,0,4,2,4,0,0,0,4,2,0,2,2,0,4,6,2,0,0,0,52,16,0,68,69,34,0,102,101,0,0,0,102,0,0
19,1,0,0.0,0,1,1680,0e0,3.019832991412841e-3,7.671217972529121e-4,3.5765489883488044e-4,0e0,0e0,0e0,2.5239230944862356e-4,2.190120198065415e-3,0e0,6.2299437704496086e-3,5.351154803065583e-3,0e0,2.8413292311597615e-3,2.9981872219195793e-3,1.0399075836176053e-4,0e0,0,4,2,4,0,0,0,4,2,0,2,2,0,4,6,2,0,0,0,52,16,0,68,69,34,0,102,101,0,0,0,102,0,0
19,1,0,0.0,0,1,1800,0e0,3.019832991412841e-3,7.671217972529121e-4,3.576552899176022e-4,0e0,0e0,0e0,2.523910861782497e-4,2.1901229192735627e-3,0e0,6.2299437704496086e-3,5.351152474759147e-3,0e0,2.841330504452344e-3,2.9981855466303386e-3,1.0399165876151528e-4,0e0,0,4,2,4,0,0,0,4,2,0,2,2,0,4,6,2,0,0,0,52,16,0,68,69,34,0,102,101,0,0,0,102,0,0
19,1,0,0.0,0,1,1920,0e0,3.01982116070576e-3,7.671099228900857e-4,3.576516392058693e-4,0e0,0e0,0e0,2.5238198304577963e-4,2.190102663007565e-3,0e0,6.229959079064429e-3,5.3511619044002146e-3,0e0,2.8413438994903117e-3,2.998205431822498e-3,1.0399029270047322e-4,0e0,0,4,2,4,0,0,0,4,2,0,2,2,0,4,6,2,0,0,0,52,16,0,68,69,34,0,102,101,0,0,0,102,0,0
19,1,0,0.0,0,1,2040,0e0,3.0210840341169387e-3,7.676395907765254e-4,3.579644253477454e-4,0e0,0e0,0e0,2.5285593437729403e-4,2.1914420649409294e-3,0e0,6.23029115376994e-3,5.350338004063815e-3,0e0,2.8402456155163236e-3,2.995801075712734e-3,1.0409527476440417e-4,0e0,0,4,2,4,0,0,0,4,2,0,2,2,0,4,6,2,0,0,0,52,16,0,68,69,34,0,102,101,0,0,0,102,0,0
19,1,0,0.0,0,1,2160,0e0,3.0198065942386165e-3,7.671099228900857e-4,3.5765439679380506e-4,0e0,0e0,0e0,2.52380109486694e-4,2.190102663007565e-3,0e0,6.2299437704496086e-3,5.351170286303386e-3,0e0,2.841348381480202e-3,2.998214233912222e-3,1.0399029270047322e-4,0e0,0,4,2,4,0,0,0,4,2,0,2,2,0,4,6,2,0,0,0,52,16,0,68,69,34,0,102,101,0,0,0,102,0,0
19,1,0,0.0,0,1,2280,0e0,3.019822674104944e-3,7.671162893529981e-4,3.576560993678868e-4,0e0,0e0,0e0,2.5238398484361824e-4,2.1901118889218196e-3,0e0,6.229951686691493e-3,5.351167055778205e-3,0e0,2.8413292311597615e-3,2.998185828573696e-3,1.0399099119240418e-4,0e0,0,4,2,4,0,0,0,4,2,0,2,2,0,4,6,2,0,0,0,52,16,0,68,69,34,0,102,101,0,0,0,102,0,0
19,1,0,0.0,0,1,2400,0e0,3.01982625387609e-3,7.671208077226765e-4,3.576619637897238e-4,0e0,0e0,0e0,2.523883704270702e-4,2.190117971622385e-3,0e0,6.229921360500157e-3,5.351163330487907e-3,0e0,2.8413420222932473e-3,2.998187824005072e-3,1.0399165876151528e-4,0e0,0,4,2,4,0,0,0,4,2,0,2,2,0,4,6,2,0,0,0,52,16,0,68,69,34,0,102,101,0,0,0,102,0,0
19,1,0,0.0,0,2,2520,0e0,3.0197940941434354e-3,7.671143102925271e-4,3.576628205337329e-4,0e0,0e0,0e0,2.52387657383224e-4,2.190125349443406e-3,0e0,6.229916005395353e-3,5.35117310937494e-3,0e0,2.8413542968337424e-3,2.9981862101067236e-3,1.0399328857602086e-4,0e0,0,4,2,4,0,0,0,4,2,0,2,2,0,4,6,2,0,0,0,52,16,0,68,69,34,0,102,101,0,0,0,102,0,0
19,1,0,0.0,0,2,2640,0e0,3.0197864107321948e-3,7.671074781683274e-4,3.5765695429290645e-4,0e0,0e0,0e0,2.52381707468885e-4,2.190100698499009e-3,0e0,6.229942548088729e-3,5.351196392439306e-3,0e0,2.8413386971806176e-3,2.9982006999489386e-3,1.039919225149788e-4,0e0,0,4,2,4,0,0,0,4,2,0,2,2,0,4,6,2,0,0,0,52,16,0,68,69,34,0,102,101,0,0,0,102,0,0
19,1,0,0.0,0,2,2760,0e0,3.0299449717858806e-3,7.717568223597482e-4,3.6003625245939475e-4,0e0,0e0,0e0,2.56490603533166e-4,2.2015919821569696e-3,0e0,6.233216263353825e-3,5.344262288417667e-3,0e0,2.8322234720690176e-3,2.9776046796996525e-3,1.0490877230040496e-4,0e0,0,4,2,4,0,0,0,4,2,0,2,2,0,4,6,2,0,0,0,52,16,0,68,69,34,0,102,101,0,0,0,102,0,0
19,1,0,0.0,0,2,2880,0e0,3.019817639142275e-3,7.671128842048347e-4,3.57647599230404e-4,0e0,0e0,0e0,2.523810389902792e-4,2.1900885039940476e-3,0e0,6.229989405255765e-3,5.351163330487907e-3,0e0,2.841312176315114e-3,2.9982022433614475e-3,1.039886928992928e-4,0e0,0,4,2,4,0,0,0,4,2,0,2,2,0,4,6,2,0,0,0,52,16,0,68,69,34,0,102,101,0,0,0,102,0,0
19,1,0,0.0,0,2,3000,0e0,3.0198964232113212e-3,7.671528728678823e-4,3.576696399250068e-4,0e0,0e0,0e0,2.524116252970998e-4,2.190188941312954e-3,0e0,6.229975901078433e-3,5.351097701350227e-3,0e0,2.8412748797563836e-3,2.998063814402485e-3,1.0399153870821465e-4,0e0,0,4,2,4,0,0,0,4,2,0,2,2,0,4,6,2,0,0,0,52,16,0,68,69,34,0,102,101,0,0,0,102,0,0
19,1,0,0.0,0,2,3120,0e0,2.993175046867691e-3,7.550995869678445e-4,3.51553180735209e-4,0e0,0e0,0e0,2.416187107883161e-4,2.1585033100564033e-3,0e0,6.219469418283552e-3,5.36961606121622e-3,0e0,2.867963499738835e-3,3.055053346997738e-3,1.0148837100132369e-4,0e0,0,4,2,4,0,0,0,4,2,0,2,2,0,4,6,2,0,0,0,52,16,0,68,68,34,0,102,102,0,0,0,102,0,0
19,1,0,0.0,0,2,3240,0e0,3.019828349351883e-3,7.671257189940661e-4,3.576606250135228e-4,0e0,0e0,0e0,2.523937146179378e-4,2.190129307564348e-3,0e0,6.229903898201883e-3,5.3511717123910785e-3,0e0,2.8413410327630118e-3,2.998182421151796e-3,1.0399468555988278e-4,0e0,0,4,2,4,0,0,0,4,2,0,2,2,0,4,6,2,0,0,0,52,16,0,68,69,34,0,102,101,0,0,0,102,0,0
19,1,0,0.0,0,2,3360,0e0,3.0052359215915203e-3,7.648751634405926e-4,3.67191065379302e-4,0e0,0e0,0e0,2.5553713385306764e-4,2.2089813137426972e-3,0e0,6.201379525009543e-3,5.373365245759487e-3,0e0,2.8527199683594517e-3,2.976446726506765e-3,1.080463907783269e-4,0e0,0,4,2,4,0,0,0,4,2,0,2,2,0,4,6,2,0,0,0,52,16,0,68,69,34,0,102,101,0,0,0,102,0,0
19,1,0,0.0,0,2,3480,0e0,3.021149881533347e-3,7.678107285755686e-4,3.58171651896555e-4,0e0,0e0,0e0,2.5311177705589216e-4,2.192444517277181e-3,0e0,6.230079510714859e-3,5.350268445909023e-3,0e0,2.840083463524934e-3,2.9944438826987607e-3,1.0420196667837445e-4,0e0,0,4,2,4,0,0,0,4,2,0,2,2,0,4,6,2,0,0,0,52,16,0,68,69,34,0,102,101,0,0,0,102,0,0
19,1,0,0.0,0,2,3600,0e0,3.0393010092666373e-3,7.769598523736931e-4,3.655358414107468e-4,0e0,0e0,0e0,2.6309917484468315e-4,2.2254034847719595e-3,0e0,6.229932303540409e-3,5.3376077266875654e-3,0e0,2.8243863853276707e-3,2.9444832198350923e-3,1.0723603554652072e-4,0e0,0,4,2,4,0,0,0,4,2,0,2,2,0,4,6,2,0,0,0,52,16,0,68,69,34,0,102,101,0,0,0,102,0,0
19,1,0,0.0,1,0,120,0e0,3.018784278538078e-3,7.699978305026889e-4,3.5909034340875223e-4,0e0,0e0,0e0,2.527436627133284e-4,2.1939783036941662e-3,0e0,6.235155335161835e-3,5.349501792807132e-3,0e0,2.837020336301066e-3,2.9893222151713417e-3,1.0621255023579579e-4,0e0,0,4,2,4,0,0,0,4,2,0,2,2,0,4,6,2,0,0,0,52,16,0,68,69,34,0,102,101,0,0,0,102,0,0
19,1,0,0.0,1,0,240,0e0,3.019831929123029e-3,7.671187195228413e-4,3.576519557100255e-4,0e0,0e0,0e0,2.523912444303278e-4,2.190097307902761e-3,0e0,6.229924620129168e-3,5.3511717123910785e-3,0e0,2.841339824954048e-3,2.9981990871874586e-3,1.039888466038974e-4,0e0,0,4,2,4,0,0,0,4,2,0,2,2,0,4,6,2,0,0,0,52,16,0,68,69,34,0,102,101,0,0,0,102,0,0
19,1,0,0.0,1,0,360,0e0,3.0198276217561215e-3,7.671162893529981e-4,3.57655793777667e-4,0e0,0e0,0e0,2.5238620582967997e-4,2.1901114232605323e-3,0e0,6.2299437704496086e-3,5.351152474759147e-3,0e0,2.841335634002462e-3,2.9981904233409296e-3,1.0399005986982957e-4,0e0,0,4,2,4,0,0,0,4,2,0,2,2,0,4,6,2,0,0,0,52,16,0,68,69,34,0,102,101,0,0,0,102,0,0
19,1,0,0.0,1,0,480,0e0,1.8407839816063643e-3,1.0842184019566048e-4,3.54357629248625e-5,0e0,0e0,0e0,5.589217762036469e-5,7.591903522552457e-5,0e0,1.292260058107786e-4,8.955000976129668e-5,0e0,6.695208521705354e-4,3.007212235388579e-4,2.3486725922339247e-5,0e0,0,4,2,4,0,0,0,4,2,0,2,2,0,4,6,2,0,0,3,65,10,0,65,61,34,14,88,108,0,0,0,96,0,0
19,1,0,0.0,1,0,600,0e0,2.575744062482954e-10,1.0747402967581365e-10,4.982030343825272e-10,0e0,0e0,0e0,1.038675812026213e-9,5.844322803483237e-10,0e0,4.659845842525101e-10,3.143085791634803e-10,0e0,3.289866157274446e-10,7.357563447385473e-10,6.256229312384676e-9,0e0,0,4,2,4,0,0,0,4,2,0,2,2,0,4,6,2,0,0,26,63,12,0,42,61,34,16,86,111,0,0,0,93,0,0
19,1,0,0.0,1,0,720,0e0,5.059508367821763e-12,7.149836278586008e-13,1.8476331575811855e-12,0e0,0e0,0e0,1.6404655411861313e-12,1.3908874052503961e-12,0e0,4.728661906483467e-12,2.1017854123783763e-11,0e0,2.6130209107577684e-12,8.666489748065942e-11,1.9184653865522705e-13,0e0,0,4,2,4,0,0,0,4,2,0,2,2,0,4,6,2,0,0,26,63,12,0,42,61,34,16,86,111,0,0,0,93,0,0
19,1,0,0.0,1,0,840,0e0,5.17585974080248e-12,8.431033649003439e-13,1.7708057242771247e-12,0e0,0e0,0e0,2.022382261657185e-12,1.34736666268509e-12,0e0,4.728661906483467e-12,2.1049828546892968e-11,0e0,2.524203068787756e-12,8.535394613318203e-11,2.0605739337042905e-13,0e0,0,4,2,4,0,0,0,4,2,0,2,2,0,4,6,2,0,0,26,63,12,0,42,61,34,16,86,111,0,0,0,93,0,0
19,1,0,0.0,1,0,960,0e0,5.087708032647242e-12,1.0038636588660665e-12,1.892930256985892e-12,0e0,0e0,0e0,2.1094237467877974e-12,1.169730978745065e-12,0e0,4.568789790937444e-12,2.0413892798387678e-11,0e0,2.5348612098241574e-12,8.772005344326317e-11,1.9184653865522705e-13,0e0,0,4,2,4,0,0,0,4,2,0,2,2,0,4,6,2,0,0,26,63,12,0,42,61,34,16,86,111,0,0,0,93,0,0
19,1,0,0.0,1,0,1080,0e0,5.215383680479135e-12,1.326050380612287e-12,2.4096280526464398e-12,0e0,0e0,0e0,2.9682922786378185e-12,8.784084570834239e-13,0e0,4.11404244005098e-12,1.8630430531629827e-11,0e0,2.7533531010703882e-12,8.995115763354988e-11,4.902744876744691e-13,0e0,0,4,2,4,0,0,0,4,2,0,2,2,0,4,6,2,0,0,26,63,12,0,42,61,34,16,86,111,0,0,0,93,0,0
19,1,0,0.0,1,0,1200,0e0,5.200506691949158e-12,1.326050380612287e-12,2.4096280526464398e-12,0e0,0e0,0e0,2.7835511673401925e-12,9.174883075502294e-13,0e0,4.447997525858227e-12,1.9205970147595508e-11,0e0,2.722266856380884e-12,8.836309461912606e-11,3.055333763768431e-13,0e0,0,4,2,4,0,0,0,4,2,0,2,2,0,4,6,2,0,0,26,63,12,0,42,61,34,16,86,111,0,0,0,93,0,0
19,1,0,0.0,1,1,1320,0e0,5.238920408601189e-12,9.5767838104166e-13,2.0325963134837366e-12,0e0,0e0,0e0,2.0747847884194925e-12,1.2152501227546963e-12,0e0,4.2525982735242e-12,1.7742252111929702e-11,0e0,2.629896300732071e-12,9.035261427925434e-11,7.460698725481052e-13,0e0,0,4,2,4,0,0,0,4,2,0,2,2,0,4,6,2,0,0,26,63,12,0,42,61,34,16,86,111,0,0,0,93,0,0
19,1,0,0.0,1,1,1440,0e0,6.234303961960563e-9,5.046506323935773e-9,8.10192823941236e-9,0e0,0e0,0e0,1.2376981217698813e-8,1.047093300954316e-9,0e0,9.535035871977016e-9,2.508445717808172e-8,0e0,4.6103460604740576e-8,1.4068861986515913e-7,1.0386584392563236e-7,0e0,0,4,2,4,0,0,0,4,2,0,2,2,0,4,6,2,0,0,26,63,12,0,42,61,34,16,86,111,0,0,0,93,0,0
19,1,0,0.0,1,1,1560,0e0,1.461186727169661e-11,3.863576125695545e-12,7.607914298546348e-12,0e0,0e0,0e0,1.0023093466315913e-11,8.00870481043603e-12,0e0,1.970690277630638e-11,4.757438887281751e-11,0e0,5.497735600101805e-11,1.759055123784492e-10,7.122125111891364e-11,0e0,0,4,2,4,0,0,0,4,2,0,2,2,0,4,6,2,0,0,26,63,12,0,42,61,34,16,86,111,0,0,0,93,0,0
19,1,0,0.0,1,1,1680,0e0,7.307517648769135e-7,1.7954667441699712e-7,2.718893483688589e-7,0e0,0e0,0e0,4.322068178908012e-7,1.1314994097233466e-7,0e0,3.408542426086569e-8,2.1032455777003634e-8,0e0,1.115891873126884e-6,1.8885328429973924e-6,7.069237604184764e-7,0e0,0,4,2,4,0,0,0,4,2,0,2,2,0,4,6,2,0,0,25,62,12,0,43,62,34,16,86,111,0,0,0,93,0,0
19,1,0,0.0,1,1,1800,0e0,2.924589459496474e-10,5.4791726711300726e-12,1.367823632136833e-10,0e0,0e0,0e0,4.354729910005517e-10,1.0111398385248549e-9,0e0,2.269224808060244e-10,2.956568323497777e-10,0e0,1.1026832780203222e-9,1.175180841528345e-9,4.546727438992093e-10,0e0,0,4,2,4,0,0,0,4,2,0,2,2,0,4,6,2,0,0,26,63,12,0,42,61,34,16,86,111,0,0,0,93,0,0
19,1,0,0.0,1,1,1920,0e0,5.828226790072222e-12,1.4006573678670975e-12,1.106004177131581e-12,0e0,0e0,0e0,4.146905041579885e-12,1.9256596317518415e-11,0e0,1.4708234630234074e-12,8.79296635503124e-12,0e0,1.1790568521519162e-11,9.820055879572465e-11,1.637445734559151e-11,0e0,0,4,2,4,0,0,0,4,2,0,2,2,0,4,6,2,0,0,26,63,12,0,42,61,34,16,86,111,0,0,0,93,0,0
19,1,0,0.0,1,1,2040,0e0,4.552802579382842e-12,1.3813394872386198e-12,1.0442757769624222e-12,0e0,0e0,0e0,2.6556534749033744e-13,2.0339285811132868e-12,0e0,4.984457291357103e-12,1.0668799177437904e-11,0e0,3.866240660954645e-12,7.87352405495767e-11,3.730349362740526e-13,0e0,0,4,2,4,0,0,0,4,2,0,2,2,0,4,6,2,0,0,26,63,12,0,42,61,34,16,86,111,0,0,0,93,0,0
19,1,0,0.0,1,1,2160,0e0,4.780176254826074e-12,3.4354741274000844e-12,2.6783020246057276e-12,0e0,0e0,0e0,1.4548362514688051e-12,2.3714363805993344e-12,0e0,6.515676886920119e-12,1.049116349349788e-11,0e0,5.027978033922409e-12,7.994671591404767e-11,6.039613253960852e-13,0e0,0,4,2,4,0,0,0,4,2,0,2,2,0,4,6,2,0,0,26,63,12,0,42,61,34,16,86,111,0,0,0,93,0,0
19,1,0,0.0,1,1,2280,0e0,7.968450077555644e-7,2.010353234993545e-7,1.1710967751099588e-7,0e0,0e0,0e0,2.761177357868405e-7,3.204393994593602e-8,0e0,1.0162725772033809e-7,5.061059056288286e-7,0e0,1.10266947572768e-7,8.846925112493409e-7,4.886520699187713e-7,0e0,0,4,2,4,0,0,0,4,2,0,2,2,0,4,6,2,0,0,25,63,12,0,43,61,34,16,86,111,0,0,0,93,0,0
19,1,0,0.0,1,1,2400,0e0,3.105456514163052e-7,9.957314617281554e-8,5.745126907541476e-8,0e0,0e0,0e0,4.697481958970684e-8,1.788665038304771e-8,0e0,4.098101413774202e-9,2.6136923736430617e-9,0e0,3.873485532324139e-8,8.175330634685452e-9,2.9738629336861777e-9,0e0,0,4,2,4,0,0,0,4,2,0,2,2,0,4,6,2,0,0,26,63,12,0,42,61,34,16,86,111,0,0,0,93,0,0
19,1,0,0.0,1,2,2520,0e0,1.0468181876888139e-10,1.2764234114115425e-11,6.790168427528442e-11,0e0,0e0,0e0,9.056844163524147e-11,1.4280354676543539e-11,0e0,3.717204322128964e-11,2.4360957695535035e-11,0e0,1.198339205643606e-10,3.0586022603529273e-10,2.277644739479001e-11,0e0,0,4,2,4,0,0,0,4,2,0,2,2,0,4,6,2,0,0,26,63,12,0,42,61,34,16,86,111,0,0,0,93,0,0
19,1,0,0.0,1,2,2640,0e0,1.2960743589474077e-12,6.469713653700637e-12,1.958433415438776e-12,0e0,0e0,0e0,1.821653938804957e-12,2.986055847031821e-12,0e0,3.147704319417244e-12,1.3695711231775931e-11,0e0,2.4171775692138908e-11,6.368239269249898e-11,3.4781066915456904e-12,0e0,0,4,2,4,0,0,0,4,2,0,2,2,0,4,6,2,0,0,26,63,12,0,42,61,34,16,86,111,0,0,0,93,0,0
19,1,0,0.0,1,2,2760,0e0,2.382046293547546e-8,2.7433410210164766e-8,1.0421596918774867e-9,0e0,0e0,0e0,4.763426986187369e-9,1.702697627337102e-8,0e0,1.0708763653610731e-8,2.6191315782853053e-9,0e0,3.9279432151317906e-8,6.85379077935977e-8,1.696347595725456e-8,0e0,0,4,2,4,0,0,0,4,2,0,2,2,0,4,6,2,0,0,26,63,12,0,42,61,34,16,86,111,0,0,0,93,0,0
19,1,0,0.0,1,2,2880,0e0,1.7514942829421898e-9,6.13356698764278e-10,7.083467146173916e-10,0e0,0e0,0e0,6.085540960043545e-10,5.29682075978144e-10,0e0,1.0363514491018577e-9,9.133671596828208e-10,0e0,6.31468211054198e-10,3.1207996187276876e-9,3.1590019489158294e-10,0e0,0,4,2,4,0,0,0,4,2,0,2,2,0,4,6,2,0,0,26,63,12,0,42,61,34,16,86,111,0,0,0,93,0,0
19,1,0,0.0,1,2,3000,0e0,4.943743192598049e-10,3.666222880838177e-11,5.218203646961683e-10,0e0,0e0,0e0,1.4136425363631133e-10,2.3149060446314706e-10,0e0,6.746496694631787e-10,9.898961650378624e-10,0e0,5.142535286495331e-10,1.3655920838573365e-9,4.346745186012413e-11,0e0,0,4,2,4,0,0,0,4,2,0,2,2,0,4,6,2,0,0,26,63,12,0,42,61,34,16,86,111,0,0,0,93,0,0
19,1,0,0.0,1,2,3120,0e0,3.2491032087023086e-10,4.335198866556311e-12,4.428950539647758e-10,0e0,0e0,0e0,9.709655302003739e-11,1.820457118384411e-10,0e0,4.86767959273493e-10,8.205311985420849e-10,0e0,5.229363608805215e-10,1.0573160125204595e-9,6.580336275874288e-11,0e0,0,4,2,4,0,0,0,4,2,0,2,2,0,4,6,2,0,0,26,63,12,0,42,61,34,16,86,111,0,0,0,93,0,0
19,1,0,0.0,1,2,3240,0e0,1.0060392741095825e-8,4.838843103982526e-9,2.4656434671754823e-9,0e0,0e0,0e0,3.4456917319403146e-9,1.6942717451229328e-8,0e0,5.340556441524313e-9,1.4439862638937484e-8,0e0,1.0219826851454172e-7,4.83839919240836e-8,3.4373428547951335e-9,0e0,0,4,2,4,0,0,0,4,2,0,2,2,0,4,6,2,0,0,26,63,12,0,42,61,34,16,86,111,0,0,0,93,0,0
19,1,0,0.0,1,2,3360,0e0,1.0139618034088471e-9,2.412301469689737e-10,7.128202472728162e-10,0e0,0e0,0e0,3.62391894270786e-10,3.9411496288721537e-10,0e0,9.856861993284838e-10,1.215461509218585e-9,0e0,5.593205898435372e-10,2.0640271714000846e-9,4.071409875905374e-11,0e0,0,4,2,4,0,0,0,4,2,0,2,2,0,4,6,2,0,0,26,63,12,0,42,61,34,16,86,111,0,0,0,93,0,0
19,1,0,0.0,1,2,3480,0e0,4.091980088105629e-10,3.781686075399193e-11,6.224563087187107e-10,0e0,0e0,0e0,1.8168933024753642e-10,2.48370213284943e-10,0e0,6.317151246548747e-10,1.105174618487581e-9,0e0,3.984066410112064e-10,1.3856649161425594e-9,9.687184387985326e-11,0e0,0,4,2,4,0,0,0,4,2,0,2,2,0,4,6,2,0,0,26,63,12,0,42,61,34,16,86,111,0,0,0,93,0,0
19,1,0,0.0,1,2,3600,0e0,4.4782066943582777e-10,1.8041768079513076e-10,3.686184690820937e-10,0e0,0e0,0e0,1.2538414750906668e-10,3.4162361828293797e-10,0e0,5.539426695122529e-10,1.2940368776526157e-9,0e0,1.1300578250938997e-9,1.5970442746038316e-9,2.587263736586465e-10,0e0,0,4,2,4,0,0,0,4,2,0,2,2,0,4,6,2,0,0,26,63,12,0,42,61,34,16,86,111,0,0,0,93,0,0
19,1,0,0.3,0,0,120,0e0,1.7716272850520909e-3,1.1519318068167195e-3,6.498633447336033e-3,0e0,0e0,0e0,1.8291447413503192e-3,5.5201081559062e-3,0e0,7.66798690892756e-3,6.058711442165077e-3,0e0,1.774185489921365e-3,4.4561177091964055e-3,6.427741100196727e-4,0e0,0,4,2,4,0,0,0,4,2,0,2,2,0,4,6,2,0,0,14,34,34,0,54,72,34,0,102,98,0,0,0,102,0,0
19,1,0,0.3,0,0,240,0e0,1.4093488498474471e-3,1.285634352825582e-3,6.9166740868240595e-3,0e0,0e0,0e0,1.5483560564462095e-3,5.777537007816136e-3,0e0,7.864866289310157e-3,5.967440316453576e-3,0e0,2.0241820893716067e-3,3.95519503763353e-3,4.8057006642920896e-4,0e0,0,4,2,4,0,0,0,4,2,0,2,2,0,4,6,2,0,0,14,34,34,0,54,72,34,0,102,98,0,0,0,102,0,0
19,1,0,0.3,0,0,360,0e0,1.4002890675328672e-3,1.2893654638901353e-3,6.928074319148436e-3,0e0,0e0,0e0,1.5411099375342019e-3,5.785222951089963e-3,0e0,7.870433095376939e-3,5.965111777186394e-3,0e0,2.0314989669714123e-3,3.942020002796198e-3,4.7653338333475403e-4,0e0,0,4,2,4,0,0,0,4,2,0,2,2,0,4,6,2,0,0,14,34,34,0,54,72,34,0,102,98,0,0,0,102,0,0
19,1,0,0.3,0,0,480,0e0,1.4002917159814388e-3,1.289366715354845e-3,6.928066868567839e-3,0e0,0e0,0e0,1.541109653771855e-3,5.7851797610055655e-3,0e0,7.87043827585876e-3,5.965111777186394e-3,0e0,2.0315051151555963e-3,3.942033230487141e-3,4.765359772136435e-4,0e0,0,4,2,4,0,0,0,4,2,0,2,2,0,4,6,2,0,0,14,34,34,0,54,72,34,0,102,98,0,0,0,102,0,0
19,1,0,0.3,0,0,600,0e0,1.4002890675328672e-3,1.2893654638901353e-3,6.928065471583977e-3,0e0,0e0,0e0,1.5411099375342019e-3,5.78519279952161e-3,0e0,7.87045038305223e-3,5.965111777186394e-3,0e0,2.0315051151555963e-3,3.942035675208899e-3,4.765359772136435e-4,0e0,0,4,2,4,0,0,0,4,2,0,2,2,0,4,6,2,0,0,14,34,34,0,54,72,34,0,102,98,0,0,0,102,0,0
19,1,0,0.3,0,0,720,0e0,1.4003002434037626e-3,1.289370673475787e-3,6.928076851181686e-3,0e0,0e0,0e0,1.5411132699227892e-3,5.785219225799665e-3,0e0,7.870433095376939e-3,5.965111777186394e-3,0e0,2.0314989669714123e-3,3.942019711757894e-3,4.765359772136435e-4,0e0,0,4,2,4,0,0,0,4,2,0,2,2,0,4,6,2,0,0,14,34,34,0,54,72,34,0,102,98,0,0,0,102,0,0
19,1,0,0.3,0,0,840,0e0,1.4002948009874672e-3,1.289368126890622e-3,6.928076560143381e-3,0e0,0e0,0e0,1.5411199638037942e-3,5.785188259324059e-3,0e0,7.87043827585876e-3,5.965111777186394e-3,0e0,2.0315051151555963e-3,3.942019711757894e-3,4.765339326695539e-4,0e0,0,4,2,4,0,0,0,4,2,0,2,2,0,4,6,2,0,0,14,34,34,0,54,72,34,0,102,98,0,0,0,102,0,0
19,1,0,0.3,0,0,960,0e0,1.4002928219269961e-3,1.2893647362943739e-3,6.928063870873302e-3,0e0,0e0,0e0,1.5411037165904418e-3,5.78519279952161e-3,0e0,7.870447589084506e-3,5.965111777186394e-3,0e0,2.0315051151555963e-3,3.942033230487141e-3,4.765359772136435e-4,0e0,0,4,2,4,0,0,0,4,2,0,2,2,0,4,6,2,0,0,14,34,34,0,54,72,34,0,102,98,0,0,0,102,0,0
19,1,0,0.3,0,0,1080,0e0,1.400297973304987e-3,1.2893761013401672e-3,6.928081420483068e-3,0e0,0e0,0e0,1.5411231070174836e-3,5.785236251540482e-3,0e0,7.870433095376939e-3,5.965103395283222e-3,0e0,2.0314968278398737e-3,3.942020584872807e-3,4.765339326695539e-4,0e0,0,4,2,4,0,0,0,4,2,0,2,2,0,4,6,2,0,0,14,34,34,0,54,72,34,0,102,98,0,0,0,102,0,0
19,1,0,0.3,0,0,1200,0e0,1.4002963289385661e-3,1.2893681705463678e-3,6.9280730676837265e-3,0e0,0e0,0e0,1.5411197455250658e-3,5.785219225799665e-3,0e0,7.870433095376939e-3,5.965111777186394e-3,0e0,2.0315008296165615e-3,3.942020002796198e-3,4.765359772136435e-4,0e0,0,4,2,4,0,0,0,4,2,0,2,2,0,4,6,2,0,0,14,34,34,0,54,72,34,0,102,98,0,0,0,102,0,0
19,1,0,0.3,0,1,1320,0e0,1.4002931566210464e-3,1.2893681705463678e-3,6.928071001311764e-3,0e0,0e0,0e0,1.5411197455250658e-3,5.7852107274811715e-3,0e0,7.87043827585876e-3,5.965111777186394e-3,0e0,2.0314989669714123e-3,3.942021428883891e-3,4.765359772136435e-4,0e0,0,4,2,4,0,0,0,4,2,0,2,2,0,4,6,2,0,0,14,34,34,0,54,72,34,0,102,98,0,0,0,102,0,0
19,1,0,0.3,0,1,1440,0e0,1.4003148244228214e-3,1.2893806415377185e-3,6.9280895695555955e-3,0e0,0e0,0e0,1.5411253334605135e-3,5.785243702121079e-3,0e0,7.870433095376939e-3,5.965089832898229e-3,0e0,2.0314940047683194e-3,3.942008070225711e-3,4.7653133515268564e-4,0e0,0,4,2,4,0,0,0,4,2,0,2,2,0,4,6,2,0,0,14,34,34,0,54,72,34,0,102,98,0,0,0,102,0,0
19,1,0,0.3,0,1,1560,0e0,1.4003437681822106e-3,1.2894067040178925e-3,6.928124028490856e-3,0e0,0e0,0e0,1.5411687199957669e-3,5.785282934084535e-3,0e0,7.870415807701647e-3,5.965020915027708e-3,0e0,2.031433628872037e-3,3.941934508475242e-3,4.765199264511466e-4,0e0,0,4,2,4,0,0,0,4,2,0,2,2,0,4,6,2,0,0,14,34,34,0,54,72,34,0,102,98,0,0,0,102,0,0
19,1,0,0.3,0,1,1680,0e0,1.4493107082671486e-3,1.325337158050388e-3,6.974744697799906e-3,0e0,0e0,0e0,1.596326554135885e-3,5.874699796549976e-3,0e0,7.867495296522975e-3,5.884493351913989e-3,0e0,1.9602631000452675e-3,3.8351524308382068e-3,4.668625224439893e-4,0e0,0,4,2,4,0,0,0,4,2,0,2,2,0,4,6,2,0,0,14,34,34,0,54,72,34,0,102,98,0,0,0,102,0,0
19,1,0,0.3,0,1,1800,0e0,1.4005072953295894e-3,1.2895340914838016e-3,6.928252289071679e-3,0e0,0e0,0e0,1.5413585060741752e-3,5.785604967968538e-3,0e0,7.870435598306358e-3,5.964726093225181e-3,0e0,2.0311733896960504e-3,3.9415500232280465e-3,4.764868499478325e-4,0e0,0,4,2,4,0,0,0,4,2,0,2,2,0,4,6,2,0,0,14,34,34,0,54,72,34,0,102,98,0,0,0,102,0,0
19,1,0,0.3,0,1,1920,0e0,1.4002480893395841e-3,1.28934855456464e-3,6.928026239620522e-3,0e0,0e0,0e0,1.5410715350299142e-3,5.785130488220602e-3,0e0,7.870446250308305e-3,5.965173768345267e-3,0e0,2.0315724323154427e-3,3.942098857805831e-3,4.765392659464851e-4,0e0,0,4,2,4,0,0,0,4,2,0,2,2,0,4,6,2,0,0,14,34,34,0,54,72,34,0,102,98,0,0,0,102,0,0
19,1,0,0.3,0,1,2040,0e0,1.4675368220196106e-3,1.337361361947842e-3,6.986542226513848e-3,0e0,0e0,0e0,1.6145075351232663e-3,5.914573121117428e-3,0e0,7.867363630793989e-3,5.857802869286388e-3,0e0,1.9309424606035464e-3,3.798855830609682e-3,4.635427721950691e-4,0e0,0,4,2,4,0,0,0,4,2,0,2,2,0,4,6,2,0,0,14,34,34,0,54,72,34,0,102,98,0,0,0,102,0,0
19,1,0,0.3,0,1,2160,0e0,1.4004648619447835e-3,1.2894941755803302e-3,6.928235379746184e-3,0e0,0e0,0e0,1.5412957218359224e-3,5.785511079011485e-3,0e0,7.870401139371097e-3,5.964823474641889e-3,0e0,2.0312485939939506e-3,3.9416837480530376e-3,4.7650347914895974e-4,0e0,0,4,2,4,0,0,0,4,2,0,2,2,0,4,6,2,0,0,14,34,34,0,54,72,34,0,102,98,0,0,0,102,0,0
19,1,0,0.3,0,1,2280,0e0,1.400245317199733e-3,1.2893445964436978e-3,6.928030896233395e-3,0e0,0e0,0e0,1.5410666019306518e-3,5.785130488220602e-3,0e0,7.870455563534051e-3,5.965148098766804e-3,0e0,2.0315744695835747e-3,3.942103696317645e-3,4.765352496178821e-4,0e0,0,4,2,4,0,0,0,4,2,0,2,2,0,4,6,2,0,0,14,34,34,0,54,72,34,0,102,98,0,0,0,102,0,0
19,1,0,0.3,0,1,2400,0e0,1.405457907821983e-3,1.2929807417094707e-3,6.9322059862315655e-3,0e0,0e0,0e0,1.5466398835997097e-3,5.795346136437729e-3,0e0,7.870239031035453e-3,5.957073648460209e-3,0e0,2.023470398853533e-3,3.930835311621195e-3,4.754827132273931e-4,0e0,0,4,2,4,0,0,0,4,2,0,2,2,0,4,6,2,0,0,14,34,34,0,54,72,34,0,102,98,0,0,0,102,0,0
19,1,0,0.3,0,2,2520,0e0,1.4002507377881557e-3,1.2893445964436978e-3,6.928014860022813e-3,0e0,0e0,0e0,1.541050361993257e-3,5.785123037640005e-3,0e0,7.870480767451227e-3,5.9651476331055164e-3,0e0,2.0315874498919584e-3,3.942123039450962e-3,4.76540662930347e-4,0e0,0,4,2,4,0,0,0,4,2,0,2,2,0,4,6,2,0,0,14,34,34,0,54,72,34,0,102,98,0,0,0,102,0,0
19,1,0,0.3,0,2,2640,0e0,1.4001291201566346e-3,1.289249019464478e-3,6.927936134161428e-3,0e0,0e0,0e0,1.5409233747050166e-3,5.784868408227339e-3,0e0,7.87047145422548e-3,5.965361371636391e-3,0e0,2.031782663834747e-3,3.942384691981715e-3,4.765626435982995e-4,0e0,0,4,2,4,0,0,0,4,2,0,2,2,0,4,6,2,0,0,14,34,34,0,54,72,34,0,102,98,0,0,0,102,0,0
19,1,0,0.3,0,2,2760,0e0,1.4008143843966536e-3,1.2897340930067003e-3,6.928463757503778e-3,0e0,0e0,0e0,1.5416671085404232e-3,5.786323104985058e-3,0e0,7.870402769185603e-3,5.964308860711753e-3,0e0,2.0306301084929146e-3,3.940864315154613e-3,4.7641750279581174e-4,0e0,0,4,2,4,0,0,0,4,2,0,2,2,0,4,6,2,0,0,14,34,34,0,54,72,34,0,102,98,0,0,0,102,0,0
19,1,0,0.3,0,2,2880,0e0,1.4002207681187429e-3,1.2893284147139639e-3,6.928021990461275e-3,0e0,0e0,0e0,1.5410396954393946e-3,5.78509020851925e-3,0e0,7.870466797612607e-3,5.96519693499431e-3,0e0,2.0316128866397776e-3,3.942177936551161e-3,4.765415214933455e-4,0e0,0,4,2,4,0,0,0,4,2,0,2,2,0,4,6,2,0,0,14,34,34,0,54,72,34,0,102,98,0,0,0,102,0,0
19,1,0,0.3,0,2,3000,0e0,1.4002414245624095e-3,1.2893397797597572e-3,6.928016024176031e-3,0e0,0e0,0e0,1.541060562885832e-3,5.785147717688233e-3,0e0,7.87045038305223e-3,5.9651886112987995e-3,0e0,2.0315703222877346e-3,3.942103077861248e-3,4.765352496178821e-4,0e0,0,4,2,4,0,0,0,4,2,0,2,2,0,4,6,2,0,0,14,34,34,0,54,72,34,0,102,98,0,0,0,102,0,0
19,1,0,0.3,0,2,3120,0e0,1.396102445141878e-3,1.2865963944932446e-3,6.925155670614913e-3,0e0,0e0,0e0,1.5367987944046035e-3,5.775956204161048e-3,0e0,7.870856730733067e-3,5.971000762656331e-3,0e0,2.038734710367862e-3,3.951048203816754e-3,4.774408516823314e-4,0e0,0,4,2,4,0,0,0,4,2,0,2,2,0,4,6,2,0,0,14,34,34,0,54,72,34,0,102,98,0,0,0,102,0,0
19,1,0,0.3,0,2,3240,0e0,1.4003403630340472e-3,1.2893943494418636e-3,6.928092101588845e-3,0e0,0e0,0e0,1.5411444182973355e-3,5.785255809314549e-3,0e0,7.87043827585876e-3,5.965040531009436e-3,0e0,2.031432384683285e-3,3.941969040170079e-3,4.765282283187844e-4,0e0,0,4,2,4,0,0,0,4,2,0,2,2,0,4,6,2,0,0,14,34,34,0,54,72,34,0,102,98,0,0,0,102,0,0
19,1,0,0.3,0,2,3360,0e0,1.4003132382640615e-3,1.2893831881228834e-3,6.928099901415408e-3,0e0,0e0,0e0,1.5411346612381749e-3,5.785226472653449e-3,0e0,7.87038414273411e-3,5.965136457234621e-3,0e0,2.03147954744054e-3,3.9420048105967e-3,4.7651579370722175e-4,0e0,0,4,2,4,0,0,0,4,2,0,2,2,0,4,6,2,0,0,14,34,34,0,54,72,34,0,102,98,0,0,0,102,0,0
19,1,0,0.3,0,2,3480,0e0,1.3916003445046954e-3,1.2838174297939986e-3,6.921783206053078e-3,0e0,0e0,0e0,1.5327238361351192e-3,5.765093432273716e-3,0e0,7.871355453971773e-3,5.976544984150678e-3,0e0,2.047004076302983e-3,3.961263630117173e-3,4.7864357475191355e-4,0e0,0,4,2,4,0,0,0,4,2,0,2,2,0,4,6,2,0,0,14,34,34,0,54,72,34,0,102,98,0,0,0,102,0,0
19,1,0,0.3,0,2,3600,0e0,1.4002837779116817e-3,1.2893732346128672e-3,6.928064423846081e-3,0e0,0e0,0e0,1.5411269559990615e-3,5.785197456134483e-3,0e0,7.870518486015499e-3,5.965040531009436e-3,0e0,2.0314925277489237e-3,3.942014876884059e-3,4.7653938236180693e-4,0e0,0,4,2,4,0,0,0,4,2,0,2,2,0,4,6,2,0,0,14,34,34,0,54,72,34,0,102,98,0,0,0,102,0,0
19,1,0,0.3,1,0,120,0e0,1.7716272850520909e-3,1.1519318068167195e-3,6.498633447336033e-3,0e0,0e0,0e0,1.8291447413503192e-3,5.5201081559062e-3,0e0,7.66798690892756e-3,6.058711442165077e-3,0e0,1.774185489921365e-3,4.4561177091964055e-3,6.427741100196727e-4,0e0,0,4,2,4,0,0,0,4,2,0,2,2,0,4,6,2,0,0,14,34,34,0,54,72,34,0,102,98,0,0,0,102,0,0
19,1,0,0.3,1,0,240,0e0,1.4093488498474471e-3,1.285634352825582e-3,6.9166740868240595e-3,0e0,0e0,0e0,1.5483560564462095e-3,5.777537007816136e-3,0e0,7.864866289310157e-3,5.967440316453576e-3,0e0,2.0241820893716067e-3,3.95519503763353e-3,4.8057006642920896e-4,0e0,0,4,2,4,0,0,0,4,2,0,2,2,0,4,6,2,0,0,14,34,34,0,54,72,34,0,102,98,0,0,0,102,0,0
19,1,0,0.3,1,0,360,0e0,1.4002890675328672e-3,1.2893654638901353e-3,6.928074319148436e-3,0e0,0e0,0e0,1.5411099375342019e-3,5.785222951089963e-3,0e0,7.870433095376939e-3,5.965111777186394e-3,0e0,2.0314989669714123e-3,3.942020002796198e-3,4.7653338333475403e-4,0e0,0,4,2,4,0,0,0,4,2,0,2,2,0,4,6,2,0,0,14,34,34,0,54,72,34,0,102,98,0,0,0,102,0,0
19,1,0,0.3,1,0,480,0e0,5.870975182915572e-4,8.601346235082019e-5,2.491057966835797e-3,0e0,0e0,0e0,4.4589058052224573e-4,1.3794890692224726e-3,0e0,9.794388552109012e-5,2.1214536391198635e-3,0e0,2.340734348308615e-3,2.9275354404489917e-4,5.630145096802153e-4,0e0,0,4,2,4,0,0,0,4,2,0,2,2,0,4,6,2,0,0,21,40,34,0,47,62,34,0,102,111,0,0,0,93,0,0
19,1,0,0.3,1,0,600,0e0,1.3032789956923807e-4,1.631857085158117e-4,7.387084078800399e-4,0e0,0e0,0e0,5.674774583894759e-4,3.2328272209269926e-4,0e0,1.3900144222134259e-4,1.8477154080756009e-3,0e0,1.7365256644552574e-4,3.907187215190788e-4,6.000953871989623e-4,0e0,0,4,2,4,0,0,0,4,2,0,2,2,0,4,6,2,0,0,27,55,19,0,41,62,34,7,95,111,0,0,0,93,0,0
19,1,0,0.3,1,0,720,0e0,1.4859653492749203e-4,9.883544589683879e-5,3.687537646328565e-4,0e0,0e0,0e0,7.156681385822594e-4,2.4272901828226168e-4,0e0,1.9518068438628688e-4,5.45211965800263e-4,0e0,2.263808592033456e-4,7.303913125724648e-4,2.4745006157900207e-5,0e0,0,4,2,4,0,0,0,4,2,0,2,2,0,4,6,2,0,0,27,56,19,0,41,61,34,9,93,105,0,0,0,99,0,0
19,1,0,0.3,1,0,840,0e0,6.439381013478851e-5,9.698849044070812e-5,3.216087088731001e-4,0e0,0e0,0e0,4.4942508338863263e-4,1.1300512278467068e-4,0e0,2.0581043281708844e-4,5.717362219002098e-4,0e0,1.8136214066544198e-4,7.666917781534721e-4,3.235702843085164e-5,0e0,0,4,2,4,0,0,0,4,2,0,2,2,0,4,6,2,0,0,25,50,18,0,43,68,34,13,89,104,0,0,0,100,0,0
19,1,0,0.3,1,0,960,0e0,9.771124769031303e-5,6.0871251434946316e-5,4.3007747171941446e-4,0e0,0e0,0e0,4.1064874994845013e-4,2.7269901352156012e-5,0e0,7.289377390407026e-5,5.67694689380005e-4,0e0,9.408718676695571e-5,6.816865834480268e-4,3.644932985480409e-5,0e0,0,4,2,4,0,0,0,4,2,0,2,2,0,4,6,2,0,0,25,51,18,0,43,67,34,16,86,106,0,0,0,98,0,0
19,1,0,0.3,1,0,1080,0e0,3.1673961984779453e-4,2.3878896371343217e-7,3.6271483622840606e-4,0e0,0e0,0e0,1.1146462054512085e-4,1.5612381957907928e-5,0e0,1.1428658399381675e-4,2.194943663198501e-4,0e0,1.4747827754035825e-4,4.0466795735483174e-4,1.2605969459400512e-5,0e0,0,4,2,4,0,0,0,4,2,0,2,2,0,4,6,2,0,0,20,59,16,0,48,61,34,14,88,108,0,0,0,96,0,0
19,1,0,0.3,1,0,1200,0e0,2.9129517406545347e-4,1.956652489809585e-6,2.973224763991311e-4,0e0,0e0,0e0,8.808654064296206e-5,1.9701691599038895e-5,0e0,1.292153465328738e-4,1.4816372640780173e-4,0e0,1.3644725368067157e-4,4.000463222837425e-4,1.8680071661947295e-5,0e0,0,4,2,4,0,0,0,4,2,0,2,2,0,4,6,2,0,0,21,59,16,0,47,61,34,14,88,109,0,0,0,95,0,0
19,1,0,0.3,1,1,1320,0e0,2.658712037373334e-4,2.040583026996501e-6,2.6096399960806593e-4,0e0,0e0,0e0,8.052015357407072e-5,2.3352948574029142e-5,0e0,1.3379392112256028e-4,1.2062120367772877e-4,0e0,1.3684915575140622e-4,4.1290882290923037e-4,2.365773571000318e-5,0e0,0,4,2,4,0,0,0,4,2,0,2,2,0,4,6,2,0,0,21,59,16,0,47,61,34,14,88,109,0,0,0,95,0,0
19,1,0,0.3,1,1,1440,0e0,2.6427955708641093e-4,5.642572375563759e-6,2.3571607016492635e-4,0e0,0e0,0e0,8.235058101035975e-5,1.5853654076636303e-5,0e0,1.3669564214069396e-4,1.1054887363570742e-4,0e0,1.3067042027614661e-4,4.376484707790951e-4,2.9295683816599194e-5,0e0,0,4,2,4,0,0,0,4,2,0,2,2,0,4,6,2,0,0,22,60,16,0,46,60,34,14,88,109,0,0,0,95,0,0
19,1,0,0.3,1,1,1560,0e0,2.4888602092687506e-4,2.2375105004357465e-6,2.3193349625216797e-4,0e0,0e0,0e0,7.578798590657243e-5,2.813314313243609e-5,0e0,1.3872262752556708e-4,9.659162242314778e-5,0e0,1.4134960110823158e-4,4.332747530497727e-4,2.8776168164768023e-5,0e0,0,4,2,4,0,0,0,4,2,0,2,2,0,4,6,2,0,0,22,59,16,0,46,61,34,14,88,110,0,0,0,94,0,0
19,1,0,0.3,1,1,1680,0e0,2.413685047031322e-4,1.0131321630524326e-6,2.326246094526141e-4,0e0,0e0,0e0,7.565901637462957e-5,3.9605031815881375e-5,0e0,1.4424181244976353e-4,9.343821511720307e-5,0e0,1.5663701015000697e-4,4.180842861387646e-4,2.767272007986321e-5,0e0,0,4,2,4,0,0,0,4,2,0,2,2,0,4,6,2,0,0,22,59,16,0,46,61,34,13,89,110,0,0,0,94,0,0
19,1,0,0.3,1,1,1800,0e0,2.373300076214946e-4,2.1395263729573344e-6,2.2825176074547926e-4,0e0,0e0,0e0,7.677003509343194e-5,3.0093733585090376e-5,0e0,1.4055056635697838e-4,8.817428897600621e-5,0e0,1.4274917793954955e-4,4.4176717256050324e-4,3.0272654385044007e-5,0e0,0,4,2,4,0,0,0,4,2,0,2,2,0,4,6,2,0,0,22,59,16,0,46,61,34,14,88,110,0,0,0,94,0,0
19,1,0,0.3,1,1,1920,0e0,2.3225647782965098e-4,2.1282190800775425e-6,2.2988421096670208e-4,0e0,0e0,0e0,7.715287893006462e-5,2.9595459636766464e-5,0e0,1.4047212061996106e-4,8.563162919017486e-5,0e0,1.4126267706160434e-4,4.4650177824223647e-4,3.0972063541412354e-5,0e0,0,4,2,4,0,0,0,4,2,0,2,2,0,4,6,2,0,0,22,59,16,0,46,61,34,14,88,110,0,0,0,94,0,0
19,1,0,0.3,1,1,2040,0e0,2.2730133605364244e-4,1.8366120002610842e-6,2.3028560372040374e-4,0e0,0e0,0e0,7.914718617030303e-5,3.225737509637838e-5,0e0,1.4164717322273646e-4,8.344006346305832e-5,0e0,1.4448597266891738e-4,4.4322082203507307e-4,3.0271771265688585e-5,0e0,0,4,2,4,0,0,0,4,2,0,2,2,0,4,6,2,0,0,22,59,16,0,46,61,34,14,88,110,0,0,0,94,0,0
19,1,0,0.3,1,1,2160,0e0,2.2324816018226556e-4,1.879841704521823e-6,2.3166650862549432e-4,0e0,0e0,0e0,8.019960068850196e-5,3.152096178382635e-5,0e0,1.4137771358946338e-4,8.159693607012741e-5,0e0,1.4272300722950604e-4,4.471678021218395e-4,3.08392227452714e-5,0e0,0,4,2,4,0,0,0,4,2,0,2,2,0,4,6,2,0,0,22,59,16,0,46,61,34,14,88,110,0,0,0,94,0,0
19,1,0,0.3,1,1,2280,0e0,2.1997775002091657e-4,1.3347863045964914e-6,2.3846049862186192e-4,0e0,0e0,0e0,8.744527281123737e-5,6.117629709478933e-5,0e0,1.456943864468485e-4,7.475921120203566e-5,0e0,1.7407760151399998e-4,4.1499540657241596e-4,3.0278230042313226e-5,0e0,0,4,2,4,0,0,0,4,2,0,2,2,0,4,6,2,0,0,21,59,16,0,47,61,34,13,89,110,0,0,0,94,0,0
19,1,0,0.3,1,1,2400,0e0,2.1603245704682195e-4,1.7324076679869904e-6,2.343453388675698e-4,0e0,0e0,0e0,8.213255091504834e-5,3.2245572583633475e-5,0e0,1.417890325683402e-4,7.86521632107906e-5,0e0,1.4277547779784072e-4,4.4937231086805696e-4,3.0902902381058084e-5,0e0,0,4,2,4,0,0,0,4,2,0,2,2,0,4,6,2,0,0,22,59,16,0,46,61,34,14,88,110,0,0,0,94,0,0
19,1,0,0.3,1,2,2520,0e0,2.131016935891239e-4,1.7195628743138514e-6,2.3551152662548702e-4,0e0,0e0,0e0,8.29707696539117e-5,3.2069065127871e-5,0e0,1.419447362422943e-4,7.760738662909716e-5,0e0,1.4208879565558163e-4,4.511726424425433e-4,3.105233963651699e-5,0e0,0,4,2,4,0,0,0,4,2,0,2,2,0,4,6,2,0,0,22,59,16,0,46,61,34,14,88,110,0,0,0,94,0,0
19,1,0,0.3,1,2,2640,0e0,2.1047417794761714e-4,1.9574728185034473e-6,2.453583701935713e-4,0e0,0e0,0e0,7.839107661311573e-5,2.769133061519824e-5,0e0,1.3695988127437886e-4,7.67594829085283e-5,0e0,1.3121663778292714e-4,4.711993183263985e-4,3.549326584106893e-5,0e0,0,4,2,4,0,0,0,4,2,0,2,2,0,4,6,2,0,0,22,59,16,0,46,61,34,14,88,110,0,0,0,94,0,0
19,1,0,0.3,1,2,2760,0e0,2.0690988276328426e-4,9.496363873040536e-7,2.3690645411988953e-4,0e0,0e0,0e0,8.750383653932658e-5,4.210932729620254e-5,0e0,1.470222614443628e-4,7.549615838797763e-5,0e0,1.5894797434157226e-4,4.318145754496072e-4,2.8300328267505392e-5,0e0,0,4,2,4,0,0,0,4,2,0,2,2,0,4,6,2,0,0,22,59,16,0,46,61,34,13,89,110,0,0,0,94,0,0
19,1,0,0.3,1,2,2880,0e0,2.055968088825466e-4,8.592084839165182e-7,2.3480849995394237e-4,0e0,0e0,0e0,9.558543024468236e-5,5.274747127259616e-5,0e0,1.466765570512507e-4,7.02600045769941e-5,0e0,1.6873132244654698e-4,4.2344080884504365e-4,3.0483503905998077e-5,0e0,0,4,2,4,0,0,0,4,2,0,2,2,0,4,6,2,0,0,21,59,16,0,47,61,34,13,89,110,0,0,0,94,0,0
19,1,0,0.3,1,2,3000,0e0,2.039742103079334e-4,1.5458589359695907e-6,2.3683442850597203e-4,0e0,0e0,0e0,8.783247176324949e-5,3.4818900530808605e-5,0e0,1.428032155672554e-4,7.315765469684266e-5,0e0,1.448785706088529e-4,4.5081960251991404e-4,3.1180979021883104e-5,0e0,0,4,2,4,0,0,0,4,2,0,2,2,0,4,6,2,0,0,22,59,16,0,46,61,34,14,88,110,0,0,0,94,0,0
19,1,0,0.3,1,2,3120,0e0,2.0238076876921696e-4,1.488492273438169e-6,2.3952914034452988e-4,0e0,0e0,0e0,8.626881617601612e-5,3.411239777051378e-5,0e0,1.4246702812670264e-4,7.302816084120423e-5,0e0,1.4334874413179932e-4,4.5354559188126586e-4,3.1216643037623726e-5,0e0,0,4,2,4,0,0,0,4,2,0,2,2,0,4,6,2,0,0,22,59,16,0,46,61,34,14,88,110,0,0,0,94,0,0
19,1,0,0.3,1,2,3240,0e0,2.011638248404779e-4,1.4604461853195971e-6,2.4020226101129083e-4,0e0,0e0,0e0,8.646166907055886e-5,3.4122172110073734e-5,0e0,1.428558971383609e-4,7.281143916770816e-5,0e0,1.433814077245188e-4,4.538372577371774e-4,3.095534930253052e-5,0e0,0,4,2,4,0,0,0,4,2,0,2,2,0,4,6,2,0,0,22,59,16,0,46,61,34,14,88,110,0,0,0,94,0,0
19,1,0,0.3,1,2,3360,0e0,1.9727638118638424e-4,1.4709742117702262e-6,2.390081062912941e-4,0e0,0e0,0e0,8.979552603705088e-5,3.794061376538593e-5,0e0,1.3935420975030866e-4,6.883854075567797e-5,0e0,1.4540374741045525e-4,4.552049276753678e-4,3.552502221282339e-5,0e0,0,4,2,4,0,0,0,4,2,0,2,2,0,4,6,2,0,0,22,59,16,0,46,61,34,14,88,110,0,0,0,94,0,0
19,1,0,0.3,1,2,3480,0e0,1.9909571983589558e-4,1.50632376971771e-6,2.413026668364182e-4,0e0,0e0,0e0,8.692765391060675e-5,3.359869424457429e-5,0e0,1.4203364116838202e-4,7.178123269113712e-5,0e0,1.4152142102830112e-4,4.5764822061755694e-4,3.1687957743997686e-5,0e0,0,4,2,4,0,0,0,4,2,0,2,2,0,4,6,2,0,0,22,59,16,0,46,61,34,14,88,110,0,0,0,94,0,0
19,1,0,0.3,1,2,3600,0e0,1.981401105695113e-4,1.4333692206491833e-6,2.4129267967509804e-4,0e0,0e0,0e0,8.754331088312028e-5,3.450081658229465e-5,0e0,1.4272768385126255e-4,7.142153299355414e-5,0e0,1.4329473196994513e-4,4.553582148218993e-4,3.128178968836437e-5,0e0,0,4,2,4,0,0,0,4,2,0,2,2,0,4,6,2,0,0,22,59,16,0,46,61,34,14,88,110,0,0,0,94,0,0
19,1,1,0.0,0,0,120,0e0,3.018784278538078e-3,7.699978305026889e-4,3.5909034340875223e-4,0e0,0e0,0e0,2.527436627133284e-4,2.1939783036941662e-3,0e0,6.235155335161835e-3,5.349501792807132e-3,0e0,2.837020336301066e-3,2.9893222151713417e-3,1.0621255023579579e-4,0e0,0,4,2,4,0,0,0,4,2,0,2,2,0,4,6,2,0,0,0,52,16,0,68,69,34,0,102,101,0,0,0,102,0,0
19,1,1,0.0,0,0,240,0e0,3.019831929123029e-3,7.671187195228413e-4,3.576519557100255e-4,0e0,0e0,0e0,2.523912444303278e-4,2.190097307902761e-3,0e0,6.229924620129168e-3,5.3511717123910785e-3,0e0,2.841339824954048e-3,2.9981990871874586e-3,1.039888466038974e-4,0e0,0,4,2,4,0,0,0,4,2,0,2,2,0,4,6,2,0,0,0,52,16,0,68,69,34,0,102,101,0,0,0,102,0,0
19,1,1,0.0,0,0,360,0e0,3.0198276217561215e-3,7.671162893529981e-4,3.57655793777667e-4,0e0,0e0,0e0,2.5238620582967997e-4,2.1901114232605323e-3,0e0,6.2299437704496086e-3,5.351152474759147e-3,0e0,2.841335634002462e-3,2.9981904233409296e-3,1.0399005986982957e-4,0e0,0,4,2,4,0,0,0,4,2,0,2,2,0,4,6,2,0,0,0,52,16,0,68,69,34,0,102,101,0,0,0,102,0,0
19,1,1,0.0,0,0,480,0e0,3.0198276217561215e-3,7.671162893529981e-4,3.5765407665167004e-4,0e0,0e0,0e0,2.5238620582967997e-4,2.1901114232605323e-3,0e0,6.2299437704496086e-3,5.351163330487907e-3,0e0,2.841335634002462e-3,2.998190186872307e-3,1.0399005986982957e-4,0e0,0,4,2,4,0,0,0,4,2,0,2,2,0,4,6,2,0,0,0,52,16,0,68,69,34,0,102,101,0,0,0,102,0,0
19,1,1,0.0,0,0,600,0e0,3.0198203457985073e-3,7.671162893529981e-4,3.576542676455574e-4,0e0,0e0,0e0,2.523854927858338e-4,2.1901114232605323e-3,0e0,6.2299437704496086e-3,5.351163330487907e-3,0e0,2.8413475083652884e-3,2.998190019525282e-3,1.0399099119240418e-4,0e0,0,4,2,4,0,0,0,4,2,0,2,2,0,4,6,2,0,0,0,52,16,0,68,69,34,0,102,101,0,0,0,102,0,0
19,1,1,0.0,0,0,720,0e0,3.019822674104944e-3,7.671162893529981e-4,3.576551825972274e-4,0e0,0e0,0e0,2.523849016142776e-4,2.1901114232605323e-3,0e0,6.2299437704496086e-3,5.351163330487907e-3,0e0,2.841341745806858e-3,2.998190186872307e-3,1.0399099119240418e-4,0e0,0,4,2,4,0,0,0,4,2,0,2,2,0,4,6,2,0,0,0,52,16,0,68,69,34,0,102,101,0,0,0,102,0,0
19,1,1,0.0,0,0,840,0e0,3.019822674104944e-3,7.671162893529981e-4,3.576554881874472e-4,0e0,0e0,0e0,2.523856146581238e-4,2.1901114232605323e-3,0e0,6.2299437704496086e-3,5.351163330487907e-3,0e0,2.841338486177847e-3,2.9981898539972462e-3,1.0399005986982957e-4,0e0,0,4,2,4,0,0,0,4,2,0,2,2,0,4,6,2,0,0,0,52,16,0,68,69,34,0,102,101,0,0,0,102,0,0
19,1,1,0.0,0,0,960,0e0,3.019831929123029e-3,7.671217972529121e-4,3.576552899176022e-4,0e0,0e0,0e0,2.5238995112886187e-4,2.190120198065415e-3,0e0,6.2299437704496086e-3,5.351154803065583e-3,0e0,2.8413254403858446e-3,2.9981855466303386e-3,1.0399165876151528e-4,0e0,0,4,2,4,0,0,0,4,2,0,2,2,0,4,6,2,0,0,0,52,16,0,68,69,34,0,102,101,0,0,0,102,0,0
19,1,1,0.0,0,0,1080,0e0,3.019827854586765e-3,7.67118290241342e-4,3.576531325961696e-4,0e0,0e0,0e0,2.5238815123884706e-4,2.1901139843976125e-3,0e0,6.229954306036234e-3,5.351152474759147e-3,0e0,2.841333014657721e-3,2.9981872219195793e-3,1.0399099119240418e-4,0e0,0,4,2,4,0,0,0,4,2,0,2,2,0,4,6,2,0,0,0,52,16,0,68,69,34,0,102,101,0,0,0,102,0,0
19,1,1,0.0,0,0,1200,0e0,3.019822674104944e-3,7.671162893529981e-4,3.576534800231457e-4,0e0,0e0,0e0,2.523866278352216e-4,2.1901167783653364e-3,0e0,6.2299437704496086e-3,5.351152474759147e-3,0e0,2.8413347026798874e-3,2.9981900213442714e-3,1.0399005986982957e-4,0e0,0,4,2,4,0,0,0,4,2,0,2,2,0,4,6,2,0,0,0,52,16,0,68,69,34,0,102,101,0,0,0,102,0,0
19,1,1,0.0,0,1,1320,9.76250994426664e-5,4.252853861544281e-3,0e0,1.410570435837144e-3,2.1784734271932393e-3,0e0,3.112481441348791e-3,2.1266485418891534e-4,1.3234108191682026e-3,0e0,0e0,0e0,1.805857073122752e-4,1.8724690630733676e-4,5.885744896659162e-3,1.0525178877287544e-3,0e0,2,2,0,4,2,0,2,2,2,0,0,0,2,6,6,2,0,0,34,34,34,34,34,68,0,0,68,84,34,34,68,18,0,0
19,1,1,0.0,0,1,1440,9.732589478517184e-5,4.252256185282022e-3,0e0,1.4086486626183614e-3,2.176634006900713e-3,0e0,3.1138735357671976e-3,2.1277479208947625e-4,1.3225702423369512e-3,0e0,0e0,0e0,1.7970909084397135e-4,1.8758241935756814e-4,5.892087254323997e-3,1.0507271945243701e-3,0e0,2,2,0,4,2,0,2,2,2,0,0,0,2,6,6,2,0,0,34,34,34,34,34,68,0,0,68,84,34,34,68,18,0,0
19,1,1,0.0,0,1,1560,9.732562557474012e-5,4.252276325132698e-3,0e0,1.4086622322793119e-3,2.176635287469253e-3,0e0,3.1138547346927226e-3,2.1277734231262002e-4,1.3225777365732938e-3,0e0,0e0,0e0,1.7971036595554324e-4,1.8758237479232776e-4,5.8920406372635625e-3,1.0507447586860508e-3,0e0,2,2,0,4,2,0,2,2,2,0,0,0,2,6,6,2,0,0,34,34,34,34,34,68,0,0,68,84,34,34,68,18,0,0
19,1,1,0.0,0,1,1680,9.732583475852152e-5,4.252264916431159e-3,0e0,1.4086567680351436e-3,2.1766327263321728e-3,0e0,3.1138709746301174e-3,2.1277734231262002e-4,1.322571755736135e-3,0e0,0e0,0e0,1.797085060388781e-4,1.8758230567073042e-4,5.892070003028493e-3,1.0507271945243701e-3,0e0,2,2,0,4,2,0,2,2,2,0,0,0,2,6,6,2,0,0,34,34,34,34,34,68,0,0,68,84,34,34,68,18,0,0
19,1,1,0.0,0,1,1800,9.732583475852152e-5,4.252268292475492e-3,0e0,1.4086582559684757e-3,2.1766327263321728e-3,0e0,3.113868093350902e-3,2.1277734231262002e-4,1.322571755736135e-3,0e0,0e0,0e0,1.797101476768148e-4,1.8758230567073042e-4,5.892065462830942e-3,1.0507342376513407e-3,0e0,2,2,0,4,2,0,2,2,2,0,0,0,2,6,6,2,0,0,34,34,34,34,34,68,0,0,68,84,34,34,68,18,0,0
19,1,1,0.0,0,1,1920,9.732583475852152e-5,4.252273240126669e-3,0e0,1.4086590708757285e-3,2.1766327263321728e-3,0e0,3.113867249339819e-3,2.1277751693560276e-4,1.322573734796606e-3,0e0,0e0,0e0,1.7970986300497316e-4,1.8758230567073042e-4,5.892055451113265e-3,1.0507423139642924e-3,0e0,2,2,0,4,2,0,2,2,2,0,0,0,2,6,6,2,0,0,34,34,34,34,34,68,0,0,68,84,34,34,68,18,0,0
19,1,1,0.0,0,1,2040,9.732583475852152e-5,4.252276732586324e-3,0e0,1.4086590708757285e-3,2.1766327263321728e-3,0e0,3.1138649210333824e-3,2.1277766791172326e-4,1.3225702423369512e-3,0e0,0e0,0e0,1.797082359189517e-4,1.8758230567073042e-4,5.892070003028493e-3,1.0507271945243701e-3,0e0,2,2,0,4,2,0,2,2,2,0,0,0,2,6,6,2,0,0,34,34,34,34,34,68,0,0,68,84,34,34,68,18,0,0
19,1,1,0.0,0,1,2160,9.732562557474012e-5,4.252280050422996e-3,0e0,1.4086630471865647e-3,2.176635287469253e-3,0e0,3.113855898845941e-3,2.1277751693560276e-4,1.3225777365732938e-3,0e0,0e0,0e0,1.7970986300497316e-4,1.8758237479232776e-4,5.892044129723217e-3,1.0507447586860508e-3,0e0,2,2,0,4,2,0,2,2,2,0,0,0,2,6,6,2,0,0,34,34,34,34,34,68,0,0,68,84,34,34,68,18,0,0
19,1,1,0.0,0,1,2280,9.732583475852152e-5,4.25227009691298e-3,0e0,1.4086540322750807e-3,2.1766314457636327e-3,0e0,3.1138684134930372e-3,2.1277606720104814e-4,1.3225740112829953e-3,0e0,0e0,0e0,1.7970872431760654e-4,1.8758230567073042e-4,5.892073495488148e-3,1.0507271945243701e-3,0e0,2,2,0,4,2,0,2,2,2,0,0,0,2,6,6,2,0,0,34,34,34,34,34,68,0,0,68,84,34,34,68,18,0,0
19,1,1,0.0,0,1,2400,9.732583475852152e-5,4.252273589372635e-3,0e0,1.4086556620895863e-3,2.1766327263321728e-3,0e0,3.1138684134930372e-3,2.1277591622492764e-4,1.322571755736135e-3,0e0,0e0,0e0,1.7970930912269978e-4,1.8758230567073042e-4,5.892070003028493e-3,1.0507271945243701e-3,0e0,2,2,0,4,2,0,2,2,2,0,0,0,2,6,6,2,0,0,34,34,34,34,34,68,0,0,68,84,34,34,68,18,0,0
19,1,1,0.0,0,2,2520,2.3911760708870133e-3,0e0,7.583347814943409e-5,3.2694982837710995e-4,0e0,0e0,1.4117020236881217e-4,3.379324571142206e-4,0e0,1.957478016265668e-3,1.0489774722373113e-3,3.538266355462838e-5,0e0,6.784010765841231e-4,0e0,1.5910613656160422e-3,0e0,6,0,2,4,0,0,2,4,0,2,2,2,0,4,0,4,0,34,0,52,16,34,34,136,0,0,34,34,68,0,68,34,0,0
19,1,1,0.0,0,2,2640,2.3956461718626088e-3,0e0,7.567597822344396e-5,3.2557306258240715e-4,0e0,0e0,1.401742447342258e-4,3.3614496169320773e-4,0e0,1.9539370841812342e-3,1.0505905811442062e-3,3.529526702550356e-5,0e0,6.800272094551474e-4,0e0,1.591294047102565e-3,0e0,6,0,2,4,0,0,2,4,0,2,2,2,0,4,0,4,0,34,0,52,16,34,34,136,0,0,34,34,68,0,68,34,0,0
19,1,1,0.0,0,2,2760,2.395639041424147e-3,0e0,7.567597822344396e-5,3.255782212363556e-4,0e0,0e0,1.4017607372807106e-4,3.36153198077227e-4,0e0,1.953934843186289e-3,1.0505795216886327e-3,3.529526702550356e-5,0e0,6.800314004067332e-4,0e0,1.5912950948404614e-3,0e0,6,0,2,4,0,0,2,4,0,2,2,2,0,4,0,4,0,34,0,52,16,34,34,136,0,0,34,34,68,0,68,34,0,0
19,1,1,0.0,0,2,2880,2.3956431814440293e-3,0e0,7.567577449663077e-5,3.2557640952290967e-4,0e0,0e0,1.401742447342258e-4,3.361519320606021e-4,0e0,1.9539370841812342e-3,1.0505781829124317e-3,3.529526702550356e-5,0e0,6.800321862101555e-4,0e0,1.5912876660877373e-3,0e0,6,0,2,4,0,0,2,4,0,2,2,2,0,4,0,4,0,34,0,52,16,34,34,136,0,0,34,34,68,0,68,34,0,0
19,1,1,0.0,0,2,3000,2.3956367713253712e-3,0e0,7.567577449663077e-5,3.2557640952290967e-4,0e0,0e0,1.401751151206554e-4,3.3615148822718766e-4,0e0,1.9539394124876708e-3,1.050587379722856e-3,3.529526702550356e-5,0e0,6.800294213462621e-4,0e0,1.591294047102565e-3,0e0,6,0,2,4,0,0,2,4,0,2,2,2,0,4,0,4,0,34,0,52,16,34,34,136,0,0,34,34,68,0,68,34,0,0
19,1,1,0.0,0,2,3120,2.3956386921781814e-3,0e0,7.567577449663077e-5,3.2557640952290967e-4,0e0,0e0,1.401751151206554e-4,3.36153198077227e-4,0e0,1.953934843186289e-3,1.0505827813176438e-3,3.529419382175547e-5,0e0,6.800321862101555e-4,0e0,1.5912894123175647e-3,0e0,6,0,2,4,0,0,2,4,0,2,2,2,0,4,0,4,0,34,0,52,16,34,34,136,0,0,34,34,68,0,68,34,0,0
19,1,1,0.0,0,2,3240,2.3956364220794057e-3,0e0,7.567577449663077e-5,3.255768460803665e-4,0e0,0e0,1.401760446242406e-4,3.36153198077227e-4,0e0,1.9539371714927256e-3,1.0505896352697164e-3,3.529419382175547e-5,0e0,6.800302944611758e-4,0e0,1.591294047102565e-3,0e0,6,0,2,4,0,0,2,4,0,2,2,2,0,4,0,4,0,34,0,52,16,34,34,136,0,0,34,34,68,0,68,34,0,0
19,1,1,0.0,0,2,3360,2.395635838183807e-3,0e0,7.567597822344396e-5,3.2557779195485637e-4,0e0,0e0,1.401751151206554e-4,3.361513645359082e-4,0e0,1.9539394124876708e-3,1.0505919199204072e-3,3.529526702550356e-5,0e0,6.800272094551474e-4,0e0,1.5912923008727375e-3,0e0,6,0,2,4,0,0,2,4,0,2,2,2,0,4,0,4,0,34,0,52,16,34,34,136,0,0,34,34,68,0,68,34,0,0
19,1,1,0.0,0,2,3480,2.3956383138283854e-3,0e0,7.567577449663077e-5,3.2557804661337286e-4,0e0,0e0,1.4017523153597722e-4,3.36153198077227e-4,0e0,1.953934843186289e-3,1.0505795216886327e-3,3.529526702550356e-5,0e0,6.800279952585697e-4,0e0,1.5912904600554612e-3,0e0,6,0,2,4,0,0,2,4,0,2,2,2,0,4,0,4,0,34,0,52,16,34,34,136,0,0,34,34,68,0,68,34,0,0
19,1,1,0.0,0,2,3600,2.3956290206115227e-3,0e0,7.567495595139917e-5,3.255756992075476e-4,0e0,0e0,1.4017508601682493e-4,3.361501712788595e-4,0e0,1.953945029526949e-3,1.0505941754672676e-3,3.529419382175547e-5,0e0,6.800261326134205e-4,0e0,1.591294047102565e-3,0e0,6,0,2,4,0,0,2,4,0,2,2,2,0,4,0,4,0,34,0,52,16,34,34,136,0,0,34,34,68,0,68,34,0,0
19,1,1,0.0,1,0,120,0e0,3.018784278538078e-3,7.699978305026889e-4,3.5909034340875223e-4,0e0,0e0,0e0,2.527436627133284e-4,2.1939783036941662e-3,0e0,6.235155335161835e-3,5.349501792807132e-3,0e0,2.837020336301066e-3,2.9893222151713417e-3,1.0621255023579579e-4,0e0,0,4,2,4,0,0,0,4,2,0,2,2,0,4,6,2,0,0,0,52,16,0,68,69,34,0,102,101,0,0,0,102,0,0
19,1,1,0.0,1,0,240,0e0,3.019831929123029e-3,7.671187195228413e-4,3.576519557100255e-4,0e0,0e0,0e0,2.523912444303278e-4,2.190097307902761e-3,0e0,6.229924620129168e-3,5.3511717123910785e-3,0e0,2.841339824954048e-3,2.9981990871874586e-3,1.039888466038974e-4,0e0,0,4,2,4,0,0,0,4,2,0,2,2,0,4,6,2,0,0,0,52,16,0,68,69,34,0,102,101,0,0,0,102,0,0
19,1,1,0.0,1,0,360,0e0,3.0198276217561215e-3,7.671162893529981e-4,3.57655793777667e-4,0e0,0e0,0e0,2.5238620582967997e-4,2.1901114232605323e-3,0e0,6.2299437704496086e-3,5.351152474759147e-3,0e0,2.841335634002462e-3,2.9981904233409296e-3,1.0399005986982957e-4,0e0,0,4,2,4,0,0,0,4,2,0,2,2,0,4,6,2,0,0,0,52,16,0,68,69,34,0,102,101,0,0,0,102,0,0
19,1,1,0.0,1,0,480,0e0,1.8407839816063643e-3,1.0842184019566048e-4,3.54357629248625e-5,0e0,0e0,0e0,5.589217762036469e-5,7.591903522552457e-5,0e0,1.292260058107786e-4,8.955000976129668e-5,0e0,6.695208521705354e-4,3.007212235388579e-4,2.3486725922339247e-5,0e0,0,4,2,4,0,0,0,4,2,0,2,2,0,4,6,2,0,0,3,65,10,0,65,61,34,14,88,108,0,0,0,96,0,0
19,1,1,0.0,1,0,600,0e0,2.575744062482954e-10,1.0747402967581365e-10,4.982030343825272e-10,0e0,0e0,0e0,1.038675812026213e-9,5.844322803483237e-10,0e0,4.659845842525101e-10,3.143085791634803e-10,0e0,3.289866157274446e-10,7.357563447385473e-10,6.256229312384676e-9,0e0,0,4,2,4,0,0,0,4,2,0,2,2,0,4,6,2,0,0,26,63,12,0,42,61,34,16,86,111,0,0,0,93,0,0
19,1,1,0.0,1,0,720,0e0,5.059508367821763e-12,7.149836278586008e-13,1.8476331575811855e-12,0e0,0e0,0e0,1.6404655411861313e-12,1.3908874052503961e-12,0e0,4.728661906483467e-12,2.1017854123783763e-11,0e0,2.6130209107577684e-12,8.666489748065942e-11,1.9184653865522705e-13,0e0,0,4,2,4,0,0,0,4,2,0,2,2,0,4,6,2,0,0,26,63,12,0,42,61,34,16,86,111,0,0,0,93,0,0
19,1,1,0.0,1,0,840,0e0,5.17585974080248e-12,8.431033649003439e-13,1.7708057242771247e-12,0e0,0e0,0e0,2.022382261657185e-12,1.34736666268509e-12,0e0,4.728661906483467e-12,2.1049828546892968e-11,0e0,2.524203068787756e-12,8.535394613318203e-11,2.0605739337042905e-13,0e0,0,4,2,4,0,0,0,4,2,0,2,2,0,4,6,2,0,0,26,63,12,0,42,61,34,16,86,111,0,0,0,93,0,0
19,1,1,0.0,1,0,960,0e0,5.087708032647242e-12,1.0038636588660665e-12,1.892930256985892e-12,0e0,0e0,0e0,2.1094237467877974e-12,1.169730978745065e-12,0e0,4.568789790937444e-12,2.0413892798387678e-11,0e0,2.5348612098241574e-12,8.772005344326317e-11,1.9184653865522705e-13,0e0,0,4,2,4,0,0,0,4,2,0,2,2,0,4,6,2,0,0,26,63,12,0,42,61,34,16,86,111,0,0,0,93,0,0
19,1,1,0.0,1,0,1080,0e0,5.215383680479135e-12,1.326050380612287e-12,2.4096280526464398e-12,0e0,0e0,0e0,2.9682922786378185e-12,8.784084570834239e-13,0e0,4.11404244005098e-12,1.8630430531629827e-11,0e0,2.7533531010703882e-12,8.995115763354988e-11,4.902744876744691e-13,0e0,0,4,2,4,0,0,0,4,2,0,2,2,0,4,6,2,0,0,26,63,12,0,42,61,34,16,86,111,0,0,0,93,0,0
19,1,1,0.0,1,0,1200,0e0,5.200506691949158e-12,1.326050380612287e-12,2.4096280526464398e-12,0e0,0e0,0e0,2.7835511673401925e-12,9.174883075502294e-13,0e0,4.447997525858227e-12,1.9205970147595508e-11,0e0,2.722266856380884e-12,8.836309461912606e-11,3.055333763768431e-13,0e0,0,4,2,4,0,0,0,4,2,0,2,2,0,4,6,2,0,0,26,63,12,0,42,61,34,16,86,111,0,0,0,93,0,0
19,1,1,0.0,1,1,1320,3.375077994860476e-14,4.037659095956769e-12,0e0,4.027889133340068e-13,1.87871940227069e-12,0e0,4.9320547645947954e-12,1.0125233984581428e-12,3.4872105203476167e-12,0e0,0e0,0e0,4.25659507641285e-13,1.0462741784067475e-12,9.680789503363485e-11,1.8829382497642655e-12,0e0,2,2,0,4,2,0,2,2,2,0,0,0,2,6,6,2,0,0,43,34,34,34,25,68,0,1,67,94,34,34,68,8,0,0
19,1,1,0.0,1,1,1440,2.5002247383554277e-8,5.066056107949635e-8,0e0,9.67987903166545e-8,2.7333176610966348e-8,0e0,1.429829943333516e-8,3.6934459046733537e-8,3.335596776565808e-8,0e0,0e0,0e0,2.8762145554139806e-8,2.086328487749256e-7,6.420481177826787e-7,4.1592802091372505e-7,0e0,2,2,0,4,2,0,2,2,2,0,0,0,2,6,6,2,0,0,43,34,34,34,25,68,0,1,67,94,34,34,68,8,0,0
19,1,1,0.0,1,1,1560,1.0470907696458198e-8,4.162471256563549e-8,0e0,1.5410521081449247e-8,3.053035246836089e-8,0e0,8.927114425461014e-8,1.506404778695014e-8,3.750268362523457e-8,0e0,0e0,0e0,1.1365053120826474e-8,4.589316215941608e-8,1.2687599237892755e-7,6.400132690487226e-8,0e0,2,2,0,4,2,0,2,2,2,0,0,0,2,6,6,2,0,0,43,34,34,34,25,68,0,1,67,94,34,34,68,8,0,0
19,1,1,0.0,1,1,1680,4.745093207247919e-13,3.4452440900167858e-12,0e0,3.0238034298690764e-12,3.0397906414236786e-12,0e0,8.828493491819245e-13,2.5446311724408588e-12,2.1254109583423997e-12,0e0,0e0,0e0,4.798383912429927e-13,4.646949491871055e-12,9.589129490450432e-11,2.227551476607914e-12,0e0,2,2,0,4,2,0,2,2,2,0,0,0,2,6,6,2,0,0,43,34,34,34,25,68,0,1,67,94,34,34,68,8,0,0
19,1,1,0.0,1,1,1800,9.949818746690653e-13,3.5704772471945034e-12,0e0,1.809219440929155e-12,2.5988100560425664e-12,0e0,3.504752044136694e-12,8.704148513061227e-14,1.9539925233402755e-12,0e0,0e0,0e0,2.282618538629322e-13,5.335287767138652e-12,7.956657555041602e-11,4.099831585335778e-12,0e0,2,2,0,4,2,0,2,2,2,0,0,0,2,6,6,2,0,0,43,34,34,34,25,68,0,1,67,94,34,34,68,8,0,0
19,1,1,0.0,1,1,1920,1.220357148667972e-12,3.0582203436324562e-12,0e0,2.1667112548584555e-12,2.402966714498689e-12,0e0,2.4060753389676393e-12,7.513989430663059e-13,2.497779760801677e-12,0e0,0e0,0e0,6.008527009271347e-13,4.899192163065891e-12,8.23021650830924e-11,3.2365221613872563e-12,0e0,2,2,0,4,2,0,2,2,2,0,0,0,2,6,6,2,0,0,43,34,34,34,25,68,0,1,67,94,34,34,68,8,0,0
19,1,1,0.0,1,1,2040,1.0977885267493548e-12,3.255395952805884e-12,0e0,1.6913137557139635e-12,2.666755705149626e-12,0e0,5.845102180046524e-12,7.460698725481052e-14,1.5498713423767185e-12,0e0,0e0,0e0,2.0983215165415459e-13,6.9757533083247836e-12,8.01207988843089e-11,5.019984428145108e-12,0e0,2,2,0,4,2,0,2,2,2,0,0,0,2,6,6,2,0,0,43,34,34,34,25,68,0,1,67,94,34,34,68,8,0,0
19,1,1,0.0,1,1,2160,1.1803891197814664e-12,3.1095126473701384e-12,0e0,1.5270007480694403e-12,2.531752585355207e-12,0e0,1.0325074129013956e-11,5.044853423896711e-13,1.7559287357471476e-12,0e0,0e0,0e0,4.192202140984591e-13,6.5565330942263245e-12,7.66320340517268e-11,7.16582349014061e-12,0e0,2,2,0,4,2,0,2,2,2,0,0,0,2,6,6,2,0,0,43,34,34,34,25,68,0,1,67,94,34,34,68,8,0,0
19,1,1,0.0,1,1,2280,4.982769219452621e-8,7.354584496965799e-9,0e0,2.242104391037003e-8,1.3746798188662979e-7,0e0,2.814375257287338e-7,1.4186581598352177e-7,8.201046242106713e-8,0e0,0e0,0e0,1.5241549622402317e-7,1.1597526743400977e-6,2.1467157864663022e-6,1.2542632816803234e-6,0e0,2,2,0,4,2,0,2,2,2,0,0,0,2,6,6,2,0,0,43,34,34,34,25,68,0,1,67,94,34,34,68,8,0,0
19,1,1,0.0,1,1,2400,9.922227750536194e-8,1.3527115072520246e-7,0e0,2.922526958215599e-7,3.495189293545309e-8,0e0,1.2646213676248408e-7,2.2730318960384466e-7,1.7809597352425044e-8,0e0,0e0,0e0,8.501338299993222e-8,1.0363940994295717e-6,2.1013872668618205e-6,1.1070740413288149e-7,0e0,2,2,0,4,2,0,2,2,2,0,0,0,2,6,6,2,0,0,43,34,34,34,25,68,0,1,67,94,34,34,68,8,0,0
19,1,1,0.0,1,2,2520,1.629109402934148e-8,0e0,2.009001409675193e-9,9.186503335811835e-9,0e0,0e0,3.9648258010061e-9,3.553879501794199e-8,0e0,1.0680694551012948e-8,2.867286141849945e-8,1.7240566307918925e-8,0e0,6.4736749294525e-10,0e0,5.4511570368731554e-8,0e0,6,0,2,4,0,0,2,4,0,2,2,2,0,4,0,4,0,34,0,54,14,34,34,136,0,0,31,50,55,0,68,34,0,0
19,1,1,0.0,1,2,2640,1.3148104827109819e-9,0e0,1.8334600504488208e-10,2.9782798449673464e-10,0e0,0e0,1.5338841308221163e-11,2.483204752934398e-10,0e0,1.6126442403674446e-9,5.9117510886608216e-9,2.2009061240169103e-10,0e0,7.675460267364542e-11,0e0,1.2522214376531338e-9,0e0,6,0,2,4,0,0,2,4,0,2,2,2,0,4,0,4,0,34,0,54,14,34,34,136,0,0,31,50,55,0,68,34,0,0
19,1,1,0.0,1,2,2760,4.5815751192890275e-10,0e0,4.8077319902972704e-11,9.15347797558752e-11,0e0,0e0,3.517186542012496e-12,5.966072080809681e-11,0e0,4.375024786895665e-10,1.0316867360415927e-9,1.3848477919964353e-11,0e0,8.839062815013676e-11,0e0,1.851354625159729e-10,0e0,6,0,2,4,0,0,2,4,0,2,2,2,0,4,0,4,0,34,0,54,14,34,34,136,0,0,31,50,55,0,68,34,0,0
19,1,1,0.0,1,2,2880,2.907543095176379e-10,0e0,1.4382850466176933e-10,2.103954788168494e-10,0e0,0e0,1.4599876863030659e-10,5.766818134134155e-10,0e0,3.843446449991461e-9,2.490487815975939e-10,2.2896173845765588e-10,0e0,5.4734385912524885e-9,0e0,1.1098784113983129e-9,0e0,6,0,2,4,0,0,2,4,0,2,2,2,0,4,0,4,0,34,0,54,14,34,34,136,0,0,31,50,55,0,68,34,0,0
19,1,1,0.0,1,2,3000,1.9619572633189364e-10,0e0,1.3293921519164087e-10,2.8106872385080806e-10,0e0,0e0,2.1462298605001706e-10,6.432658850030748e-10,0e0,2.7124116286358912e-9,1.8456347561368602e-10,2.0868640149274142e-10,0e0,2.551267641592858e-9,0e0,9.284839563861169e-10,0e0,6,0,2,4,0,0,2,4,0,2,2,2,0,4,0,4,0,34,0,54,14,34,34,136,0,0,31,50,55,0,68,34,0,0
19,1,1,0.0,1,2,3120,1.415751960109901e-10,0e0,9.553691171504397e-12,1.381821324031307e-10,0e0,0e0,9.253042776435905e-11,1.3307843715892886e-10,0e0,5.838280969783227e-10,4.1726622157511883e-10,7.358380571531598e-11,0e0,6.05318462021387e-10,0e0,2.2848567482469662e-10,0e0,6,0,2,4,0,0,2,4,0,2,2,2,0,4,0,4,0,34,0,54,14,34,34,136,0,0,31,50,55,0,68,34,0,0
19,1,1,0.0,1,2,3240,3.0580242782463074e-9,0e0,3.712124829746699e-9,1.1116762177465489e-8,0e0,0e0,3.2851099618369517e-9,6.376390082607486e-9,0e0,2.210968919058587e-8,1.39300837531664e-9,3.061366271595034e-9,0e0,1.1902019814158393e-8,0e0,4.173583434408101e-8,0e0,6,0,2,4,0,0,2,4,0,2,2,2,0,4,0,4,0,34,0,54,14,34,34,136,0,0,31,50,55,0,68,34,0,0
19,1,1,0.0,1,2,3360,8.112273075511212e-10,0e0,3.65039776184517e-10,4.91033214089498e-10,0e0,0e0,6.355893589216066e-11,5.344427123077367e-10,0e0,1.5174892453728717e-9,5.260432089926326e-10,3.845777030164754e-10,0e0,1.0957794671639931e-9,0e0,4.751896653942822e-10,0e0,6,0,2,4,0,0,2,4,0,2,2,2,0,4,0,4,0,34,0,54,14,34,34,136,0,0,31,50,55,0,68,34,0,0
19,1,1,0.0,1,2,3480,1.2985175157353979e-8,0e0,1.7948034169990024e-9,1.1810444178195212e-8,0e0,0e0,1.1779667019595763e-8,2.729819392754962e-8,0e0,9.506500209255364e-8,4.995474611746431e-8,1.4542518300686424e-8,0e0,1.0326003163640962e-7,0e0,2.7744988528866088e-8,0e0,6,0,2,4,0,0,2,4,0,2,2,2,0,4,0,4,0,34,0,54,14,34,34,136,0,0,31,50,55,0,68,34,0,0
19,1,1,0.0,1,2,3600,1.8657209110983786e-8,0e0,2.1537385208603155e-8,4.8542666997164474e-8,0e0,0e0,5.322156582110438e-8,1.1164677449215787e-7,0e0,5.095884105799087e-7,9.132734035688372e-8,4.418622268076433e-8,0e0,3.1818581902598453e-7,0e0,7.677240532188989e-8,0e0,6,0,2,4,0,0,2,4,0,2,2,2,0,4,0,4,0,34,0,54,14,34,34,136,0,0,31,50,55,0,68,34,0,0
19,1,1,0.3,0,0,120,0e0,1.7716272850520909e-3,1.1519318068167195e-3,6.498633447336033e-3,0e0,0e0,0e0,1.8291447413503192e-3,5.5201081559062e-3,0e0,7.66798690892756e-3,6.058711442165077e-3,0e0,1.774185489921365e-3,4.4561177091964055e-3,6.427741100196727e-4,0e0,0,4,2,4,0,0,0,4,2,0,2,2,0,4,6,2,0,0,14,34,34,0,54,72,34,0,102,98,0,0,0,102,0,0
19,1,1,0.3,0,0,240,0e0,1.4093488498474471e-3,1.285634352825582e-3,6.9166740868240595e-3,0e0,0e0,0e0,1.5483560564462095e-3,5.777537007816136e-3,0e0,7.864866289310157e-3,5.967440316453576e-3,0e0,2.0241820893716067e-3,3.95519503763353e-3,4.8057006642920896e-4,0e0,0,4,2,4,0,0,0,4,2,0,2,2,0,4,6,2,0,0,14,34,34,0,54,72,34,0,102,98,0,0,0,102,0,0
19,1,1,0.3,0,0,360,0e0,1.4002890675328672e-3,1.2893654638901353e-3,6.928074319148436e-3,0e0,0e0,0e0,1.5411099375342019e-3,5.785222951089963e-3,0e0,7.870433095376939e-3,5.965111777186394e-3,0e0,2.0314989669714123e-3,3.942020002796198e-3,4.7653338333475403e-4,0e0,0,4,2,4,0,0,0,4,2,0,2,2,0,4,6,2,0,0,14,34,34,0,54,72,34,0,102,98,0,0,0,102,0,0
19,1,1,0.3,0,0,480,0e0,1.4002917159814388e-3,1.289366715354845e-3,6.928066868567839e-3,0e0,0e0,0e0,1.541109653771855e-3,5.7851797610055655e-3,0e0,7.87043827585876e-3,5.965111777186394e-3,0e0,2.0315051151555963e-3,3.942033230487141e-3,4.765359772136435e-4,0e0,0,4,2,4,0,0,0,4,2,0,2,2,0,4,6,2,0,0,14,34,34,0,54,72,34,0,102,98,0,0,0,102,0,0
19,1,1,0.3,0,0,600,0e0,1.4002890675328672e-3,1.2893654638901353e-3,6.928065471583977e-3,0e0,0e0,0e0,1.5411099375342019e-3,5.78519279952161e-3,0e0,7.87045038305223e-3,5.965111777186394e-3,0e0,2.0315051151555963e-3,3.942035675208899e-3,4.765359772136435e-4,0e0,0,4,2,4,0,0,0,4,2,0,2,2,0,4,6,2,0,0,14,34,34,0,54,72,34,0,102,98,0,0,0,102,0,0
19,1,1,0.3,0,0,720,0e0,1.4003002434037626e-3,1.289370673475787e-3,6.928076851181686e-3,0e0,0e0,0e0,1.5411132699227892e-3,5.785219225799665e-3,0e0,7.870433095376939e-3,5.965111777186394e-3,0e0,2.0314989669714123e-3,3.942019711757894e-3,4.765359772136435e-4,0e0,0,4,2,4,0,0,0,4,2,0,2,2,0,4,6,2,0,0,14,34,34,0,54,72,34,0,102,98,0,0,0,102,0,0
19,1,1,0.3,0,0,840,0e0,1.4002948009874672e-3,1.289368126890622e-3,6.928076560143381e-3,0e0,0e0,0e0,1.5411199638037942e-3,5.785188259324059e-3,0e0,7.87043827585876e-3,5.965111777186394e-3,0e0,2.0315051151555963e-3,3.942019711757894e-3,4.765339326695539e-4,0e0,0,4,2,4,0,0,0,4,2,0,2,2,0,4,6,2,0,0,14,34,34,0,54,72,34,0,102,98,0,0,0,102,0,0
19,1,1,0.3,0,0,960,0e0,1.4002928219269961e-3,1.2893647362943739e-3,6.928063870873302e-3,0e0,0e0,0e0,1.5411037165904418e-3,5.78519279952161e-3,0e0,7.870447589084506e-3,5.965111777186394e-3,0e0,2.0315051151555963e-3,3.942033230487141e-3,4.765359772136435e-4,0e0,0,4,2,4,0,0,0,4,2,0,2,2,0,4,6,2,0,0,14,34,34,0,54,72,34,0,102,98,0,0,0,102,0,0
19,1,1,0.3,0,0,1080,0e0,1.400297973304987e-3,1.2893761013401672e-3,6.928081420483068e-3,0e0,0e0,0e0,1.5411231070174836e-3,5.785236251540482e-3,0e0,7.870433095376939e-3,5.965103395283222e-3,0e0,2.0314968278398737e-3,3.942020584872807e-3,4.765339326695539e-4,0e0,0,4,2,4,0,0,0,4,2,0,2,2,0,4,6,2,0,0,14,34,34,0,54,72,34,0,102,98,0,0,0,102,0,0
19,1,1,0.3,0,0,1200,0e0,1.4002963289385661e-3,1.2893681705463678e-3,6.9280730676837265e-3,0e0,0e0,0e0,1.5411197455250658e-3,5.785219225799665e-3,0e0,7.870433095376939e-3,5.965111777186394e-3,0e0,2.0315008296165615e-3,3.942020002796198e-3,4.765359772136435e-4,0e0,0,4,2,4,0,0,0,4,2,0,2,2,0,4,6,2,0,0,14,34,34,0,54,72,34,0,102,98,0,0,0,102,0,0
19,1,1,0.3,0,1,1320,4.393389739561826e-3,4.15626959875226e-3,0e0,1.4140716579277068e-2,7.768379640765488e-3,0e0,2.0432225719559938e-3,1.5478315763175488e-3,5.228005524259061e-3,0e0,0e0,0e0,4.140579490922391e-3,2.1858834188606124e-3,9.926554499543272e-3,1.7645866464590654e-3,0e0,2,2,0,4,2,0,2,2,2,0,0,0,2,6,6,2,0,0,34,12,34,18,45,99,0,3,69,67,34,31,68,30,0,0
19,1,1,0.3,0,1,1440,4.3839703721459955e-3,4.1537327342666686e-3,0e0,1.4145357825327665e-2,7.763647707179189e-3,0e0,2.04696724540554e-3,1.5459706482943147e-3,5.235115997493267e-3,0e0,0e0,0e0,4.147629195358604e-3,2.187468846386764e-3,9.923970443196595e-3,1.7615695542190224e-3,0e0,2,2,0,4,2,0,2,2,2,0,0,0,2,6,6,2,0,0,34,12,34,18,45,99,0,3,69,67,34,31,68,30,0,0
19,1,1,0.3,0,1,1560,4.383974650409073e-3,4.153732152190059e-3,0e0,1.414536259835586e-2,7.763656321913004e-3,0e0,2.0469703595153987e-3,1.5459680871572345e-3,5.235121352598071e-3,0e0,0e0,0e0,4.147632454987615e-3,2.1874722515349276e-3,9.92393132764846e-3,1.761562452884391e-3,0e0,2,2,0,4,2,0,2,2,2,0,0,0,2,6,6,2,0,0,34,12,34,18,45,99,0,3,69,67,34,31,68,30,0,0
19,1,1,0.3,0,1,1680,4.383974650409073e-3,4.153725982178003e-3,0e0,1.414536259835586e-2,7.763660163618624e-3,0e0,2.0469703595153987e-3,1.5459619462490082e-3,5.235121352598071e-3,0e0,0e0,0e0,4.147632454987615e-3,2.1874722515349276e-3,9.923930163495243e-3,1.7615511023905128e-3,0e0,2,2,0,4,2,0,2,2,2,0,0,0,2,6,6,2,0,0,34,12,34,18,45,99,0,3,69,67,34,31,68,30,0,0
19,1,1,0.3,0,1,1800,4.383974650409073e-3,4.153738904278725e-3,0e0,1.414536259835586e-2,7.7636525966227055e-3,0e0,2.046968147624284e-3,1.5459655260201544e-3,5.235121352598071e-3,0e0,0e0,0e0,4.147632454987615e-3,2.187474899983499e-3,9.92391852196306e-3,1.7615593678783625e-3,0e0,2,2,0,4,2,0,2,2,2,0,0,0,2,6,6,2,0,0,34,12,34,18,45,99,0,3,69,67,34,31,68,30,0,0
19,1,1,0.3,0,1,1920,4.383974650409073e-3,4.153729241807014e-3,0e0,1.4145355264190584e-2,7.763656321913004e-3,0e0,2.0469703595153987e-3,1.5459619462490082e-3,5.235121352598071e-3,0e0,0e0,0e0,4.147632454987615e-3,2.1874722515349276e-3,9.92393950582482e-3,1.761562452884391e-3,0e0,2,2,0,4,2,0,2,2,2,0,0,0,2,6,6,2,0,0,34,12,34,18,45,99,0,3,69,67,34,31,68,30,0,0
19,1,1,0.3,0,1,2040,4.383974650409073e-3,4.153738904278725e-3,0e0,1.4145360852126032e-2,7.763656321913004e-3,0e0,2.0469703595153987e-3,1.5459619462490082e-3,5.235121352598071e-3,0e0,0e0,0e0,4.147632454987615e-3,2.1874710655538365e-3,9.92391852196306e-3,1.7615593678783625e-3,0e0,2,2,0,4,2,0,2,2,2,0,0,0,2,6,6,2,0,0,34,12,34,18,45,99,0,3,69,67,34,31,68,30,0,0
19,1,1,0.3,0,1,2160,4.383974650409073e-3,4.153729183599353e-3,0e0,1.414536259835586e-2,7.763662957586348e-3,0e0,2.0469711162149906e-3,1.5459680871572345e-3,5.235121352598071e-3,0e0,0e0,0e0,4.147633851971477e-3,2.1874692320125178e-3,9.923941019224003e-3,1.7615511023905128e-3,0e0,2,2,0,4,2,0,2,2,2,0,0,0,2,6,6,2,0,0,34,12,34,18,45,99,0,3,69,67,34,31,68,30,0,0
19,1,1,0.3,0,1,2280,4.383974650409073e-3,4.153728892561048e-3,0e0,1.4145364461001009e-2,7.763662957586348e-3,0e0,2.046968147624284e-3,1.5459706482943147e-3,5.235121352598071e-3,0e0,0e0,0e0,4.147627798374742e-3,2.1874692320125178e-3,9.923946112394333e-3,1.7615593678783625e-3,0e0,2,2,0,4,2,0,2,2,2,0,0,0,2,6,6,2,0,0,34,12,34,18,45,99,0,3,69,67,34,31,68,30,0,0
19,1,1,0.3,0,1,2400,4.383970430353656e-3,4.153725982178003e-3,0e0,1.4145357185043395e-2,7.763658533804119e-3,0e0,2.046975423581898e-3,1.5459619462490082e-3,5.235115997493267e-3,0e0,0e0,0e0,4.147633851971477e-3,2.1874769881833345e-3,9.92395069624763e-3,1.7615541873965412e-3,0e0,2,2,0,4,2,0,2,2,2,0,0,0,2,6,6,2,0,0,34,12,34,18,45,99,0,3,69,67,34,31,68,30,0,0
19,1,1,0.3,0,2,2520,1.3438468391541392e-2,0e0,1.1875619820784777e-3,6.801775423809886e-3,0e0,0e0,2.2182133579917718e-4,3.0932500667404383e-3,0e0,8.761345990933478e-3,1.673695704084821e-3,1.4361508510774001e-3,0e0,6.250663773244014e-4,0e0,7.952455489430577e-3,0e0,6,0,2,4,0,0,2,4,0,2,2,2,0,4,0,4,0,33,1,34,34,34,34,136,0,0,34,49,53,0,68,34,0,0
19,1,1,0.3,0,2,2640,1.3423400087049231e-2,0e0,1.188792011816986e-3,6.801603070925921e-3,0e0,0e0,2.2139521752251312e-4,3.093871724558994e-3,0e0,8.771208464168012e-3,1.6748045600252226e-3,1.4331468992168084e-3,0e0,6.280163852352416e-4,0e0,7.955277222208679e-3,0e0,6,0,2,4,0,0,2,4,0,2,2,2,0,4,0,4,0,33,1,34,34,34,34,136,0,0,34,49,53,0,68,34,0,0
19,1,1,0.3,0,2,2760,1.342341213603504e-2,0e0,1.1887865694006905e-3,6.80158514296636e-3,0e0,0e0,2.2139341854199301e-4,3.093864826951176e-3,0e0,8.771208464168012e-3,1.674808983807452e-3,1.4331557031255215e-3,0e0,6.280208217503969e-4,0e0,7.955300563480705e-3,0e0,6,0,2,4,0,0,2,4,0,2,2,2,0,4,0,4,0,33,1,34,34,34,34,136,0,0,34,49,53,0,68,34,0,0
19,1,1,0.3,0,2,2880,1.3423404714558274e-2,0e0,1.1887894797837362e-3,6.801586801884696e-3,0e0,0e0,2.2139244356367271e-4,3.093863313551992e-3,0e0,8.771204738877714e-3,1.6748044436099008e-3,1.4331557031255215e-3,0e0,6.280221168708522e-4,0e0,7.955305802170187e-3,0e0,6,0,2,4,0,0,2,4,0,2,2,2,0,4,0,4,0,33,1,34,34,34,34,136,0,0,34,49,53,0,68,34,0,0
19,1,1,0.3,0,2,3000,1.3423405616777018e-2,0e0,1.1887861037394032e-3,6.801591196563095e-3,0e0,0e0,2.2139341854199301e-4,3.093864826951176e-3,0e0,8.771204738877714e-3,1.6748044436099008e-3,1.4331598940771073e-3,0e0,6.280236812017392e-4,0e0,7.955294451676309e-3,0e0,6,0,2,4,0,0,2,4,0,2,2,2,0,4,0,4,0,33,1,34,34,34,34,136,0,0,34,49,53,0,68,34,0,0
19,1,1,0.3,0,2,3120,1.3423405616777018e-2,0e0,1.1887894797837362e-3,6.801587966037914e-3,0e0,0e0,2.2139244356367271e-4,3.093864826951176e-3,0e0,8.771204738877714e-3,1.6748044436099008e-3,1.4331557031255215e-3,0e0,6.280214329308365e-4,0e0,7.955298817250878e-3,0e0,6,0,2,4,0,0,2,4,0,2,2,2,0,4,0,4,0,33,1,34,34,34,34,136,0,0,34,49,53,0,68,34,0,0
19,1,1,0.3,0,2,3240,1.3423415162833408e-2,0e0,1.1887894797837362e-3,6.801591196563095e-3,0e0,0e0,2.2139244356367271e-4,3.093864826951176e-3,0e0,8.771204738877714e-3,1.6748044436099008e-3,1.4331542770378292e-3,0e0,6.280230700212996e-4,0e0,7.955300563480705e-3,0e0,6,0,2,4,0,0,2,4,0,2,2,2,0,4,0,4,0,33,1,34,34,34,34,136,0,0,34,49,53,0,68,34,0,0
19,1,1,0.3,0,2,3360,1.3423410156974569e-2,0e0,1.1887865694006905e-3,6.801591196563095e-3,0e0,0e0,2.2139341854199301e-4,3.093864826951176e-3,0e0,8.771201013587415e-3,1.674815284786746e-3,1.4331598940771073e-3,0e0,6.280208217503969e-4,0e0,7.955307548400015e-3,0e0,6,0,2,4,0,0,2,4,0,2,2,2,0,4,0,4,0,33,1,34,34,34,34,136,0,0,34,49,53,0,68,34,0,0
19,1,1,0.3,0,2,3480,1.3423417665762827e-2,0e0,1.1887826112797484e-3,6.801582348998636e-3,0e0,0e0,2.2139244356367271e-4,3.0938618001528084e-3,0e0,8.771215914748609e-3,1.6748154012020677e-3,1.4331458951346576e-3,0e0,6.280196575971786e-4,0e0,7.955311273690313e-3,0e0,6,0,2,4,0,0,2,4,0,2,2,2,0,4,0,4,0,33,1,34,34,34,34,136,0,0,34,49,53,0,68,34,0,0
19,1,1,0.3,0,2,3600,1.342342357384041e-2,0e0,1.1887899454450235e-3,6.801592593546957e-3,0e0,0e0,2.2139341854199301e-4,3.093864826951176e-3,0e0,8.771201013587415e-3,1.6748044436099008e-3,1.4331542770378292e-3,0e0,6.280246252572397e-4,0e0,7.955293112900108e-3,0e0,6,0,2,4,0,0,2,4,0,2,2,2,0,4,0,4,0,33,1,34,34,34,34,136,0,0,34,49,53,0,68,34,0,0
19,1,1,0.3,1,0,120,0e0,1.7716272850520909e-3,1.1519318068167195e-3,6.498633447336033e-3,0e0,0e0,0e0,1.8291447413503192e-3,5.5201081559062e-3,0e0,7.66798690892756e-3,6.058711442165077e-3,0e0,1.774185489921365e-3,4.4561177091964055e-3,6.427741100196727e-4,0e0,0,4,2,4,0,0,0,4,2,0,2,2,0,4,6,2,0,0,14,34,34,0,54,72,34,0,102,98,0,0,0,102,0,0
19,1,1,0.3,1,0,240,0e0,1.4093488498474471e-3,1.285634352825582e-3,6.9166740868240595e-3,0e0,0e0,0e0,1.5483560564462095e-3,5.777537007816136e-3,0e0,7.864866289310157e-3,5.967440316453576e-3,0e0,2.0241820893716067e-3,3.95519503763353e-3,4.8057006642920896e-4,0e0,0,4,2,4,0,0,0,4,2,0,2,2,0,4,6,2,0,0,14,34,34,0,54,72,34,0,102,98,0,0,0,102,0,0
19,1,1,0.3,1,0,360,0e0,1.4002890675328672e-3,1.2893654638901353e-3,6.928074319148436e-3,0e0,0e0,0e0,1.5411099375342019e-3,5.785222951089963e-3,0e0,7.870433095376939e-3,5.965111777186394e-3,0e0,2.0314989669714123e-3,3.942020002796198e-3,4.7653338333475403e-4,0e0,0,4,2,4,0,0,0,4,2,0,2,2,0,4,6,2,0,0,14,34,34,0,54,72,34,0,102,98,0,0,0,102,0,0
19,1,1,0.3,1,0,480,0e0,5.870975182915572e-4,8.601346235082019e-5,2.491057966835797e-3,0e0,0e0,0e0,4.4589058052224573e-4,1.3794890692224726e-3,0e0,9.794388552109012e-5,2.1214536391198635e-3,0e0,2.340734348308615e-3,2.9275354404489917e-4,5.630145096802153e-4,0e0,0,4,2,4,0,0,0,4,2,0,2,2,0,4,6,2,0,0,21,40,34,0,47,62,34,0,102,111,0,0,0,93,0,0
19,1,1,0.3,1,0,600,0e0,1.3032789956923807e-4,1.631857085158117e-4,7.387084078800399e-4,0e0,0e0,0e0,5.674774583894759e-4,3.2328272209269926e-4,0e0,1.3900144222134259e-4,1.8477154080756009e-3,0e0,1.7365256644552574e-4,3.907187215190788e-4,6.000953871989623e-4,0e0,0,4,2,4,0,0,0,4,2,0,2,2,0,4,6,2,0,0,27,55,19,0,41,62,34,7,95,111,0,0,0,93,0,0
19,1,1,0.3,1,0,720,0e0,1.4859653492749203e-4,9.883544589683879e-5,3.687537646328565e-4,0e0,0e0,0e0,7.156681385822594e-4,2.4272901828226168e-4,0e0,1.9518068438628688e-4,5.45211965800263e-4,0e0,2.263808592033456e-4,7.303913125724648e-4,2.4745006157900207e-5,0e0,0,4,2,4,0,0,0,4,2,0,2,2,0,4,6,2,0,0,27,56,19,0,41,61,34,9,93,105,0,0,0,99,0,0
19,1,1,0.3,1,0,840,0e0,6.439381013478851e-5,9.698849044070812e-5,3.216087088731001e-4,0e0,0e0,0e0,4.4942508338863263e-4,1.1300512278467068e-4,0e0,2.0581043281708844e-4,5.717362219002098e-4,0e0,1.8136214066544198e-4,7.666917781534721e-4,3.235702843085164e-5,0e0,0,4,2,4,0,0,0,4,2,0,2,2,0,4,6,2,0,0,25,50,18,0,43,68,34,13,89,104,0,0,0,100,0,0
19,1,1,0.3,1,0,960,0e0,9.771124769031303e-5,6.0871251434946316e-5,4.3007747171941446e-4,0e0,0e0,0e0,4.1064874994845013e-4,2.7269901352156012e-5,0e0,7.289377390407026e-5,5.67694689380005e-4,0e0,9.408718676695571e-5,6.816865834480268e-4,3.644932985480409e-5,0e0,0,4,2,4,0,0,0,4,2,0,2,2,0,4,6,2,0,0,25,51,18,0,43,67,34,16,86,106,0,0,0,98,0,0
19,1,1,0.3,1,0,1080,0e0,3.1673961984779453e-4,2.3878896371343217e-7,3.6271483622840606e-4,0e0,0e0,0e0,1.1146462054512085e-4,1.5612381957907928e-5,0e0,1.1428658399381675e-4,2.194943663198501e-4,0e0,1.4747827754035825e-4,4.0466795735483174e-4,1.2605969459400512e-5,0e0,0,4,2,4,0,0,0,4,2,0,2,2,0,4,6,2,0,0,20,59,16,0,48,61,34,14,88,108,0,0,0,96,0,0
19,1,1,0.3,1,0,1200,0e0,2.9129517406545347e-4,1.956652489809585e-6,2.973224763991311e-4,0e0,0e0,0e0,8.808654064296206e-5,1.9701691599038895e-5,0e0,1.292153465328738e-4,1.4816372640780173e-4,0e0,1.3644725368067157e-4,4.000463222837425e-4,1.8680071661947295e-5,0e0,0,4,2,4,0,0,0,4,2,0,2,2,0,4,6,2,0,0,21,59,16,0,47,61,34,14,88,109,0,0,0,95,0,0
19,1,1,0.3,1,1,1320,5.359164970286656e-5,6.009399803588167e-4,0e0,3.644346952569322e-4,1.2750776659231633e-3,0e0,3.668166891657165e-5,2.2990508296061307e-4,9.79828109848313e-5,0e0,0e0,0e0,1.3758783461526036e-4,1.364416653615308e-3,9.120248359977268e-4,2.859204600099474e-3,0e0,2,2,0,4,2,0,2,2,2,0,0,0,2,6,6,2,0,0,34,43,34,34,19,74,0,0,68,92,34,34,68,10,0,0
19,1,1,0.3,1,1,1440,7.904091398813762e-5,5.119831184856594e-4,0e0,3.466955677140504e-4,8.26713046990335e-4,0e0,4.366508073871955e-5,4.073130839969963e-4,6.080028470023535e-5,0e0,0e0,0e0,1.6452753379780916e-4,9.580693658790551e-4,9.796319354791194e-4,2.5438666343688965e-3,0e0,2,2,0,4,2,0,2,2,2,0,0,0,2,6,6,2,0,0,34,43,34,34,18,75,0,0,68,90,34,34,68,12,0,0
19,1,1,0.3,1,1,1560,8.866354983183555e-5,5.145997565705329e-4,0e0,3.069867016165517e-4,6.043980101821944e-4,0e0,5.705705552827567e-5,3.658138230093755e-4,3.876021582982503e-5,0e0,0e0,0e0,2.013049197557848e-4,7.284922764938528e-4,9.854436684690882e-4,2.410623535979539e-3,0e0,2,2,0,4,2,0,2,2,2,0,0,0,2,6,6,2,0,0,34,43,34,34,16,77,0,0,68,90,34,34,68,12,0,0
19,1,1,0.3,1,1,1680,8.733740469324403e-5,5.145627947058529e-4,0e0,2.5918635037669446e-4,4.433250942383893e-4,0e0,6.931662392162252e-5,3.54540316038765e-4,2.582499564596219e-5,0e0,0e0,0e0,2.33707429288188e-4,5.730307889848518e-4,9.887592859740835e-4,2.307629561983049e-3,0e0,2,2,0,4,2,0,2,2,2,0,0,0,2,6,6,2,0,0,34,43,34,34,16,77,0,0,68,90,34,34,68,12,0,0
19,1,1,0.3,1,1,1800,7.957965135574341e-5,5.152888043085113e-4,0e0,2.4298702055602917e-4,3.171105563524179e-4,0e0,7.656630623387173e-5,4.5806758134858683e-4,1.6598936781520024e-5,0e0,0e0,0e0,2.578606872702949e-4,4.563934913903722e-4,9.911694469337817e-4,2.2025663347449154e-3,0e0,2,2,0,4,2,0,2,2,2,0,0,0,2,6,6,2,0,0,34,44,34,34,16,76,0,0,68,90,34,34,68,12,0,0
19,1,1,0.3,1,1,1920,6.5528744016774e-5,5.07694756379351e-4,0e0,2.3073496936376614e-4,2.1470177489391062e-4,0e0,8.489579340675846e-5,4.690349451266229e-4,8.838500662022852e-6,0e0,0e0,0e0,2.854913618648425e-4,3.6979143285975624e-4,9.97768100205576e-4,2.0959283865522593e-3,0e0,2,2,0,4,2,0,2,2,2,0,0,0,2,6,6,2,0,0,34,44,34,34,16,76,0,0,68,88,34,34,68,14,0,0
19,1,1,0.3,1,1,2040,5.1481076297932304e-5,5.018618103349581e-4,0e0,2.1905940729993745e-4,1.472301210014848e-4,0e0,9.304037121182773e-5,4.901428910670802e-4,5.69598816468897e-6,0e0,0e0,0e0,2.9773166170343757e-4,3.0719738674633845e-4,1.0070188945974223e-3,1.9936952157877386e-3,0e0,2,2,0,4,2,0,2,2,2,0,0,0,2,6,6,2,0,0,34,44,34,34,16,76,0,0,68,88,34,34,68,14,0,0
19,1,1,0.3,1,1,2160,3.8565112845390104e-5,4.994384216843173e-4,0e0,2.0601572396117263e-4,1.1023363913409412e-4,0e0,1.00772087535006e-4,4.807785735465586e-4,5.78101787596097e-6,0e0,0e0,0e0,3.0023028375580907e-4,2.65116079958716e-4,1.0160848542000167e-3,1.9036212470382452e-3,0e0,2,2,0,4,2,0,2,2,2,0,0,0,2,6,6,2,0,0,34,44,34,34,16,76,0,0,68,88,34,34,68,14,0,0
19,1,1,0.3,1,1,2280,2.8340671633486636e-5,5.012597830500454e-4,0e0,1.9412165261201153e-4,9.405502714798786e-5,0e0,1.0763658974610735e-4,4.674040501413401e-4,8.497151270603354e-6,0e0,0e0,0e0,2.9603949224110693e-4,2.3898549989098683e-4,1.0241058262181468e-3,1.8310404557269067e-3,0e0,2,2,0,4,2,0,2,2,2,0,0,0,2,6,6,2,0,0,34,45,34,34,16,75,0,0,68,88,34,34,68,14,0,0
19,1,1,0.3,1,1,2400,2.1024832676630467e-5,5.071291816420853e-4,0e0,1.8431101034366293e-4,8.816302704417467e-5,0e0,1.1327313586662058e-4,4.539402943919413e-4,1.286826750401815e-5,0e0,0e0,0e0,2.8929702966706827e-4,2.2344375304328423e-4,1.0299183377355803e-3,1.7748656100593507e-3,0e0,2,2,0,4,2,0,2,2,2,0,0,0,2,6,6,2,0,0,34,45,34,34,16,75,0,0,68,88,34,34,68,14,0,0
19,1,1,0.3,1,2,2520,3.2893460588638845e-3,0e0,2.722006378462538e-3,1.440976539015537e-4,0e0,0e0,2.3869515644037165e-5,9.774315913091414e-4,0e0,7.77401466621086e-4,7.693883089814335e-4,4.455755290109664e-3,0e0,4.0135893777915044e-4,0e0,6.391537317540497e-4,0e0,6,0,2,4,0,0,2,4,0,2,2,2,0,4,0,4,0,34,0,52,16,34,34,136,0,0,25,49,62,0,68,34,0,0
19,1,1,0.3,1,2,2640,1.6803748817437736e-3,0e0,1.8571358523331583e-3,2.0115381448704284e-4,0e0,0e0,2.3218804381031077e-4,3.703448583110003e-4,0e0,5.187329516047612e-4,1.6130493895616382e-4,5.94927798374556e-4,0e0,2.8313439497651416e-4,0e0,3.5112561818095855e-4,0e0,6,0,2,4,0,0,2,4,0,2,2,2,0,4,0,4,0,34,0,47,21,34,34,136,0,0,30,46,60,0,68,34,0,0
19,1,1,0.3,1,2,2760,1.7713590250423294e-3,0e0,1.480963866924867e-3,2.8270447728573345e-4,0e0,0e0,2.732515295065241e-4,2.6912240264209686e-4,0e0,3.009817737620324e-4,9.057689931069035e-5,1.1569212983886246e-4,0e0,1.9208462072128896e-4,0e0,1.4870290806356934e-4,0e0,6,0,2,4,0,0,2,4,0,2,2,2,0,4,0,4,0,34,0,46,22,34,34,136,0,0,31,47,58,0,68,34,0,0
19,1,1,0.3,1,2,2880,1.8079036826748052e-3,0e0,1.2174799630884081e-3,3.6511987491394393e-4,0e0,0e0,3.115993004030315e-4,2.4261188900709385e-4,0e0,1.990381788345985e-4,6.195933929120656e-5,5.9994681578245945e-5,0e0,1.7705327809380833e-4,0e0,1.4168383086143876e-4,0e0,6,0,2,4,0,0,2,4,0,2,2,2,0,4,0,4,0,34,0,45,23,34,34,136,0,0,31,48,57,0,68,34,0,0
19,1,1,0.3,1,2,3000,1.7744657689036103e-3,0e0,9.88259635050781e-4,4.5367301390797365e-4,0e0,0e0,3.546937568899011e-4,2.2332239768729778e-4,0e0,1.462244981667027e-4,4.416758383740671e-5,4.408230597618967e-5,0e0,1.7640480473346543e-4,0e0,1.3279859922477044e-4,0e0,6,0,2,4,0,0,2,4,0,2,2,2,0,4,0,4,0,34,0,44,24,34,34,136,0,0,32,47,57,0,68,34,0,0
19,1,1,0.3,1,2,3120,1.6884856331671472e-3,0e0,7.551588059868664e-4,5.576468829531223e-4,0e0,0e0,4.070980576216243e-4,2.0371957998577273e-4,0e0,1.1498257663333789e-4,3.332426467750338e-5,3.5441798900137655e-5,0e0,1.77157683083351e-4,0e0,1.2371171351333032e-4,0e0,6,0,2,4,0,0,2,4,0,2,2,2,0,4,0,4,0,34,0,43,25,34,34,136,0,0,32,47,57,0,68,34,0,0
19,1,1,0.3,1,2,3240,1.4956289269321132e-3,0e0,4.842752678086981e-4,6.919862717040814e-4,0e0,0e0,4.7951421947800554e-4,1.8010522308031796e-4,0e0,9.247290654457174e-5,2.6707760298450012e-5,2.908752048824681e-5,0e0,1.7508852215541992e-4,0e0,1.1261211511737201e-4,0e0,6,0,2,4,0,0,2,4,0,2,2,2,0,4,0,4,0,34,0,42,26,34,34,136,0,0,32,48,56,0,68,34,0,0
19,1,1,0.3,1,2,3360,1.0058763782581082e-3,0e0,1.4135085257294122e-4,8.554390151402913e-4,0e0,0e0,5.803211606689729e-4,1.3738413622377266e-4,0e0,6.781328556826338e-5,2.304010558873415e-5,2.5668561647762544e-5,0e0,1.7078312612284208e-4,0e0,9.47808543969586e-5,0e0,6,0,2,4,0,0,2,4,0,2,2,2,0,4,0,4,0,34,0,43,25,34,34,136,0,0,32,48,56,0,68,34,0,0
19,1,1,0.3,1,2,3480,5.087969757369137e-4,0e0,1.2546885045594536e-5,9.333556172350654e-4,0e0,0e0,6.146072846604511e-4,1.0665175955182349e-4,0e0,3.480849954939913e-5,9.003585773825762e-6,3.4098959076800384e-5,0e0,1.583063735779433e-4,0e0,7.607463953718252e-5,0e0,6,0,2,4,0,0,2,4,0,2,2,2,0,4,0,4,0,34,0,44,24,34,34,136,0,0,31,50,55,0,68,34,0,0
19,1,1,0.3,1,2,3600,3.634282202256145e-4,0e0,1.1149096621920762e-5,9.345124326500809e-4,0e0,0e0,6.319537860690616e-4,9.470385418808291e-5,0e0,2.0935720385750756e-5,6.049206376701477e-6,4.0468768929713406e-5,0e0,1.515111689514015e-4,0e0,6.978902774790186e-5,0e0,6,0,2,4,0,0,2,4,0,2,2,2,0,4,0,4,0,34,0,45,23,34,34,136,0,0,31,50,55,0,68,34,0,0
41,0,0,0.0,0,0,120,9.435561551640603e-6,9.394498761139403e-6,1.1085404025834578e-5,2.452177216838436e-7,0e0,9.714124395543422e-6,2.5511764079055865e-6,5.067929890856249e-6,8.90109333795408e-6,0e0,0e0,7.966861119257374e-6,0e0,0e0,0e0,0e0,0e0,6,2,2,2,0,8,2,4,2,0,0,4,0,0,0,0,0,34,0,34,34,0,238,74,28,34,0,0,68,0,0,0,0,0
41,0,0,0.0,0,0,240,6.792795148591324e-8,6.363814009091584e-8,7.51054809455809e-8,1.6598253882449399e-9,0e0,6.48814673098741e-8,1.75635443966371e-8,3.451709051915941e-8,6.402979835229416e-8,0e0,0e0,5.5062997716959217e-8,0e0,0e0,0e0,0e0,0e0,6,2,2,2,0,8,2,4,2,0,0,4,0,0,0,0,0,34,0,34,34,0,238,73,29,34,0,0,68,0,0,0,0,0
41,0,0,0.0,0,0,360,3.4897640333042546e-11,3.327293995880609e-11,4.1675551898379126e-11,2.0101698083863084e-12,0e0,3.370548284920005e-11,8.886225089099753e-12,1.84456894203322e-11,3.2416069828400396e-11,0e0,0e0,2.76649814168195e-11,0e0,0e0,0e0,0e0,0e0,6,2,2,2,0,8,2,4,2,0,0,4,0,0,0,0,0,34,0,34,34,0,238,73,29,34,0,0,68,0,0,0,0,0
41,0,0,0.0,0,0,480,4.1522341120980855e-14,0e0,1.176836406102666e-13,2.1538326677728037e-13,0e0,6.838973831690964e-14,4.440892098500626e-15,6.012967901369848e-13,5.773159728050814e-15,0e0,0e0,7.105427357601002e-14,0e0,0e0,0e0,0e0,0e0,6,2,2,2,0,8,2,4,2,0,0,4,0,0,0,0,0,34,0,34,34,0,238,73,29,34,0,0,68,0,0,0,0,0
41,0,0,0.0,0,0,600,4.263256414560601e-14,1.7763568394002505e-15,1.0880185641326534e-13,2.1538326677728037e-13,0e0,7.194245199571014e-14,1.865174681370263e-14,5.195843755245733e-13,9.325873406851315e-15,0e0,0e0,8.526512829121202e-14,0e0,0e0,0e0,0e0,0e0,6,2,2,2,0,8,2,4,2,0,0,4,0,0,0,0,0,34,0,34,34,0,238,73,29,34,0,0,68,0,0,0,0,0
41,0,0,0.0,0,0,720,4.374278717023117e-14,0e0,1.0880185641326534e-13,2.1538326677728037e-13,0e0,9.14823772291129e-14,1.865174681370263e-14,5.808686864838819e-13,9.325873406851315e-15,0e0,0e0,7.105427357601002e-14,0e0,0e0,0e0,0e0,0e0,6,2,2,2,0,8,2,4,2,0,0,4,0,0,0,0,0,34,0,34,34,0,238,73,29,34,0,0,68,0,0,0,0,0
41,0,0,0.0,0,0,840,3.885780586188048e-14,1.7763568394002505e-15,1.0880185641326534e-13,2.1538326677728037e-13,0e0,8.43769498715119e-14,7.993605777301127e-15,6.012967901369848e-13,1.176836406102666e-14,0e0,0e0,7.105427357601002e-14,0e0,0e0,0e0,0e0,0e0,6,2,2,2,0,8,2,4,2,0,0,4,0,0,0,0,0,34,0,34,34,0,238,73,29,34,0,0,68,0,0,0,0,0
41,0,0,0.0,0,0,960,4.596323321948148e-14,1.7763568394002505e-15,1.0880185641326534e-13,2.1538326677728037e-13,0e0,8.43769498715119e-14,1.865174681370263e-14,5.409006575973763e-13,1.176836406102666e-14,0e0,0e0,6.750155989720952e-14,0e0,0e0,0e0,0e0,0e0,6,2,2,2,0,8,2,4,2,0,0,4,0,0,0,0,0,34,0,34,34,0,238,73,29,34,0,0,68,0,0,0,0,0
41,0,0,0.0,0,0,1080,5.928590951498336e-14,2.6645352591003757e-15,1.0880185641326534e-13,2.318145675417327e-13,0e0,8.526512829121202e-14,1.865174681370263e-14,5.808686864838819e-13,1.176836406102666e-14,0e0,0e0,7.105427357601002e-14,0e0,0e0,0e0,0e0,0e0,6,2,2,2,0,8,2,4,2,0,0,4,0,0,0,0,0,34,0,34,34,0,238,73,29,34,0,0,68,0,0,0,0,0
41,0,0,0.0,0,0,1200,6.750155989720952e-14,3.552713678800501e-15,1.0880185641326534e-13,2.453592884421596e-13,0e0,1.1191048088221578e-13,1.865174681370263e-14,5.631051180898794e-13,5.773159728050814e-15,0e0,0e0,7.105427357601002e-14,0e0,0e0,0e0,0e0,0e0,6,2,2,2,0,8,2,4,2,0,0,4,0,0,0,0,0,34,0,34,34,0,238,73,29,34,0,0,68,0,0,0,0,0
41,0,0,0.0,0,1,1320,4.241051954068098e-14,8.881784197001252e-15,1.0058620603103918e-13,2.1538326677728037e-13,0e0,7.638334409421077e-14,4.440892098500626e-15,6.545874953189923e-13,1.7763568394002505e-14,0e0,0e0,8.171241461241152e-14,0e0,0e0,0e0,0e0,0e0,6,2,2,2,0,8,2,4,2,0,0,4,0,0,0,0,0,34,0,34,34,0,238,73,29,34,0,0,68,0,0,0,0,0
41,0,0,0.0,0,1,1440,6.972200594645983e-14,2.4868995751603507e-14,2.5979218776228663e-13,1.7341683644644945e-13,0e0,4.671818487622659e-13,7.283063041541027e-14,6.803446694902959e-13,2.0650148258027912e-14,0e0,0e0,8.526512829121202e-14,0e0,0e0,0e0,0e0,0e0,6,2,2,2,0,8,2,4,2,0,0,4,0,0,0,0,0,34,0,34,34,0,238,73,29,34,0,0,68,0,0,0,0,0
41,0,0,0.0,0,1,1560,8.060219158778636e-14,3.552713678800501e-14,1.0391687510491465e-13,2.453592884421596e-13,0e0,2.3359092438113294e-13,5.5067062021407764e-14,6.767919558114954e-13,1.8207657603852567e-14,0e0,0e0,6.394884621840902e-14,0e0,0e0,0e0,0e0,0e0,6,2,2,2,0,8,2,4,2,0,0,4,0,0,0,0,0,34,0,34,34,0,238,73,29,34,0,0,68,0,0,0,0,0
41,0,0,0.0,0,1,1680,1.2101430968414206e-13,7.993605777301127e-15,1.0880185641326534e-13,2.1538326677728037e-13,0e0,1.3677947663381929e-13,1.4210854715202004e-14,6.092903959142859e-13,1.9984014443252818e-14,0e0,0e0,8.526512829121202e-14,0e0,0e0,0e0,0e0,0e0,6,2,2,2,0,8,2,4,2,0,0,4,0,0,0,0,0,34,0,34,34,0,238,73,29,34,0,0,68,0,0,0,0,0
41,0,0,0.0,0,1,1800,1.0509236103573016e-7,3.88403815776428e-8,1.2390146686414027e-9,4.225241712063621e-9,0e0,3.4460987485829264e-7,6.528228269075953e-8,6.059209489706063e-8,4.7114362189404346e-8,0e0,0e0,4.46722410174516e-8,0e0,0e0,0e0,0e0,0e0,6,2,2,2,0,8,2,4,2,0,0,4,0,0,0,0,0,34,0,34,34,0,238,73,29,34,0,0,68,0,0,0,0,0
41,0,0,0.0,0,1,1920,4.25659507641285e-13,7.460698725481052e-14,1.4233059175694507e-13,2.1538326677728037e-13,0e0,7.354117315117037e-13,5.417888360170764e-14,6.208367153703875e-13,6.94999613415348e-14,0e0,0e0,1.1368683772161603e-13,0e0,0e0,0e0,0e0,0e0,6,2,2,2,0,8,2,4,2,0,0,4,0,0,0,0,0,34,0,34,34,0,238,73,29,34,0,0,68,0,0,0,0,0
41,0,0,0.0,0,1,2040,6.283862319378386e-14,5.329070518200751e-15,1.0880185641326534e-13,2.453592884421596e-13,0e0,8.526512829121202e-14,1.865174681370263e-14,5.018208071305708e-13,5.773159728050814e-15,0e0,0e0,8.526512829121202e-14,0e0,0e0,0e0,0e0,0e0,6,2,2,2,0,8,2,4,2,0,0,4,0,0,0,0,0,34,0,34,34,0,238,73,29,34,0,0,68,0,0,0,0,0
41,0,0,0.0,0,1,2160,5.454254825565386e-10,6.575815447718014e-10,2.3719803898814007e-10,1.6751333653530764e-10,0e0,3.460772113328403e-9,9.194920380650728e-10,5.873879160844808e-10,5.021265625515525e-10,0e0,0e0,2.766533668818738e-10,0e0,0e0,0e0,0e0,0e0,6,2,2,2,0,8,2,4,2,0,0,4,0,0,0,0,0,34,0,34,34,0,238,73,29,34,0,0,68,0,0,0,0,0
41,0,0,0.0,0,1,2280,7.993605777301127e-14,7.105427357601002e-15,1.5121237595394632e-13,2.0272672429655358e-13,0e0,8.526512829121202e-14,4.440892098500626e-15,6.616929226765933e-13,9.103828801926284e-15,0e0,0e0,1.1723955140041653e-13,0e0,0e0,0e0,0e0,0e0,6,2,2,2,0,8,2,4,2,0,0,4,0,0,0,0,0,34,0,34,34,0,238,73,29,34,0,0,68,0,0,0,0,0
41,0,0,0.0,0,1,2400,7.460698725481052e-14,8.881784197001252e-15,1.5121237595394632e-13,2.0272672429655358e-13,0e0,9.85878045867139e-14,3.552713678800501e-15,6.270539643082884e-13,2.0650148258027912e-14,0e0,0e0,8.526512829121202e-14,0e0,0e0,0e0,0e0,0e0,6,2,2,2,0,8,2,4,2,0,0,4,0,0,0,0,0,34,0,34,34,0,238,73,29,34,0,0,68,0,0,0,0,0
41,0,0,0.0,0,2,2520,3.4793770868901674e-6,2.2396403949187516e-6,3.6913392165160985e-7,3.64809988440129e-7,0e0,1.5754552578073344e-5,3.6860279806205654e-6,3.5991029250226347e-6,2.2038215945485717e-6,0e0,0e0,2.2317470893540303e-6,0e0,0e0,0e0,0e0,0e0,6,2,2,2,0,8,2,4,2,0,0,4,0,0,0,0,0,34,0,34,34,0,238,73,29,34,0,0,68,0,0,0,0,0
41,0,0,0.0,0,2,2640,9.278577906002283e-12,6.497913318526116e-12,2.1800339311539574e-12,5.744071884805635e-12,0e0,2.8547830766001425e-11,5.681677350821701e-12,8.686384944667225e-13,3.730349362740526e-13,0e0,0e0,3.5456082514429e-12,0e0,0e0,0e0,0e0,0e0,6,2,2,2,0,8,2,4,2,0,0,4,0,0,0,0,0,34,0,34,34,0,238,73,29,34,0,0,68,0,0,0,0,0
41,0,0,0.0,0,2,2760,4.412026299860372e-13,3.4638958368304884e-13,1.709743457922741e-14,6.574740751830177e-13,0e0,1.5161205624281138e-12,3.064215547965432e-13,4.2010839251815923e-13,4.463096558993129e-14,0e0,0e0,8.881784197001252e-14,0e0,0e0,0e0,0e0,0e0,6,2,2,2,0,8,2,4,2,0,0,4,0,0,0,0,0,34,0,34,34,0,238,73,29,34,0,0,68,0,0,0,0,0
41,0,0,0.0,0,2,2880,8.146816554699399e-13,8.36664071357518e-13,1.1945999744966684e-13,7.394085344003543e-13,0e0,4.424904886946024e-12,1.4725998198628076e-12,7.229772336359019e-13,4.4275694222051243e-13,0e0,0e0,1.8474111129762605e-13,0e0,0e0,0e0,0e0,0e0,6,2,2,2,0,8,2,4,2,0,0,4,0,0,0,0,0,34,0,34,34,0,238,73,29,34,0,0,68,0,0,0,0,0
41,0,0,0.0,0,2,3000,4.1894531621622377e-7,1.5159174360235284e-7,1.4877316267813967e-8,5.414985793095184e-8,0e0,1.2133398570313148e-6,2.3470963483873675e-7,2.2600576787823456e-7,6.836193477965935e-8,0e0,0e0,1.627091172906603e-7,0e0,0e0,0e0,0e0,0e0,6,2,2,2,0,8,2,4,2,0,0,4,0,0,0,0,0,34,0,34,34,0,238,73,29,34,0,0,68,0,0,0,0,0
41,0,0,0.0,0,2,3120,6.115511963500353e-8,2.3611886668106763e-8,4.685116739011619e-10,5.1093584918504575e-9,0e0,1.9583704169434668e-7,4.0514876786801324e-8,4.5366324030737815e-8,1.8042435323550876e-8,0e0,0e0,2.9082698915772198e-8,0e0,0e0,0e0,0e0,0e0,6,2,2,2,0,8,2,4,2,0,0,4,0,0,0,0,0,34,0,34,34,0,238,73,29,34,0,0,68,0,0,0,0,0
41,0,0,0.0,0,2,3240,4.503863437754774e-8,1.956221229448829e-8,4.3575032471210307e-10,3.357484290589241e-9,0e0,1.5413572906908257e-7,3.357069289222636e-8,3.8088866283203515e-8,1.6780809852789957e-8,0e0,0e0,2.392540565665513e-8,0e0,0e0,0e0,0e0,0e0,6,2,2,2,0,8,2,4,2,0,0,4,0,0,0,0,0,34,0,34,34,0,238,73,29,34,0,0,68,0,0,0,0,0
41,0,0,0.0,0,2,3360,3.274620286042307e-8,1.7107766758783782e-8,1.1093490570601716e-9,2.233090379277769e-9,0e0,1.259768032113584e-7,2.881912397612041e-8,3.182605823326412e-8,1.642085423192441e-8,0e0,0e0,1.971149288237939e-8,0e0,0e0,0e0,0e0,0e0,6,2,2,2,0,8,2,4,2,0,0,4,0,0,0,0,0,34,0,34,34,0,238,73,29,34,0,0,68,0,0,0,0,0
41,0,0,0.0,0,2,3480,3.1324573113167276e-7,3.6203129383238775e-7,1.7125679541152294e-7,1.347930904671557e-7,0e0,1.808998071339829e-6,4.4735310211763135e-7,2.214740408845728e-7,2.0380469756275943e-7,0e0,0e0,2.0841720171915767e-7,0e0,0e0,0e0,0e0,0e0,6,2,2,2,0,8,2,4,2,0,0,4,0,0,0,0,0,34,0,34,34,0,238,73,29,34,0,0,68,0,0,0,0,0
41,0,0,0.0,0,2,3600,5.510074840842094e-8,2.2926664122735474e-8,8.22839507641504e-9,1.3087661621113966e-8,0e0,1.6360893351219374e-7,2.983924307642383e-8,2.0702642267167448e-8,3.1969222824557164e-9,0e0,0e0,2.2750292316686682e-8,0e0,0e0,0e0,0e0,0e0,6,2,2,2,0,8,2,4,2,0,0,4,0,0,0,0,0,34,0,34,34,0,238,73,29,34,0,0,68,0,0,0,0,0
41,0,0,0.0,1,0,120,9.435561551640603e-6,9.394498761139403e-6,1.1085404025834578e-5,2.452177216838436e-7,0e0,9.714124395543422e-6,2.5511764079055865e-6,5.067929890856249e-6,8.90109333795408e-6,0e0,0e0,7.966861119257374e-6,0e0,0e0,0e0,0e0,0e0,6,2,2,2,0,8,2,4,2,0,0,4,0,0,0,0,0,34,0,34,34,0,238,74,28,34,0,0,68,0,0,0,0,0
41,0,0,0.0,1,0,240,6.792795148591324e-8,6.363814009091584e-8,7.51054809455809e-8,1.6598253882449399e-9,0e0,6.48814673098741e-8,1.75635443966371e-8,3.451709051915941e-8,6.402979835229416e-8,0e0,0e0,5.5062997716959217e-8,0e0,0e0,0e0,0e0,0e0,6,2,2,2,0,8,2,4,2,0,0,4,0,0,0,0,0,34,0,34,34,0,238,73,29,34,0,0,68,0,0,0,0,0
41,0,0,0.0,1,0,360,3.4897640333042546e-11,3.327293995880609e-11,4.1675551898379126e-11,2.0101698083863084e-12,0e0,3.370548284920005e-11,8.886225089099753e-12,1.84456894203322e-11,3.2416069828400396e-11,0e0,0e0,2.76649814168195e-11,0e0,0e0,0e0,0e0,0e0,6,2,2,2,0,8,2,4,2,0,0,4,0,0,0,0,0,34,0,34,34,0,238,73,29,34,0,0,68,0,0,0,0,0
41,0,0,0.0,1,0,480,4.1522341120980855e-14,0e0,1.176836406102666e-13,2.1538326677728037e-13,0e0,6.838973831690964e-14,4.440892098500626e-15,6.012967901369848e-13,5.773159728050814e-15,0e0,0e0,7.105427357601002e-14,0e0,0e0,0e0,0e0,0e0,6,2,2,2,0,8,2,4,2,0,0,4,0,0,0,0,0,34,0,34,34,0,238,73,29,34,0,0,68,0,0,0,0,0
41,0,0,0.0,1,0,600,4.263256414560601e-14,1.7763568394002505e-15,1.0880185641326534e-13,2.1538326677728037e-13,0e0,7.194245199571014e-14,1.865174681370263e-14,5.195843755245733e-13,9.325873406851315e-15,0e0,0e0,8.526512829121202e-14,0e0,0e0,0e0,0e0,0e0,6,2,2,2,0,8,2,4,2,0,0,4,0,0,0,0,0,34,0,34,34,0,238,73,29,34,0,0,68,0,0,0,0,0
41,0,0,0.0,1,0,720,4.374278717023117e-14,0e0,1.0880185641326534e-13,2.1538326677728037e-13,0e0,9.14823772291129e-14,1.865174681370263e-14,5.808686864838819e-13,9.325873406851315e-15,0e0,0e0,7.105427357601002e-14,0e0,0e0,0e0,0e0,0e0,6,2,2,2,0,8,2,4,2,0,0,4,0,0,0,0,0,34,0,34,34,0,238,73,29,34,0,0,68,0,0,0,0,0
41,0,0,0.0,1,0,840,3.885780586188048e-14,1.7763568394002505e-15,1.0880185641326534e-13,2.1538326677728037e-13,0e0,8.43769498715119e-14,7.993605777301127e-15,6.012967901369848e-13,1.176836406102666e-14,0e0,0e0,7.105427357601002e-14,0e0,0e0,0e0,0e0,0e0,6,2,2,2,0,8,2,4,2,0,0,4,0,0,0,0,0,34,0,34,34,0,238,73,29,34,0,0,68,0,0,0,0,0
41,0,0,0.0,1,0,960,4.596323321948148e-14,1.7763568394002505e-15,1.0880185641326534e-13,2.1538326677728037e-13,0e0,8.43769498715119e-14,1.865174681370263e-14,5.409006575973763e-13,1.176836406102666e-14,0e0,0e0,6.750155989720952e-14,0e0,0e0,0e0,0e0,0e0,6,2,2,2,0,8,2,4,2,0,0,4,0,0,0,0,0,34,0,34,34,0,238,73,29,34,0,0,68,0,0,0,0,0
41,0,0,0.0,1,0,1080,5.928590951498336e-14,2.6645352591003757e-15,1.0880185641326534e-13,2.318145675417327e-13,0e0,8.526512829121202e-14,1.865174681370263e-14,5.808686864838819e-13,1.176836406102666e-14,0e0,0e0,7.105427357601002e-14,0e0,0e0,0e0,0e0,0e0,6,2,2,2,0,8,2,4,2,0,0,4,0,0,0,0,0,34,0,34,34,0,238,73,29,34,0,0,68,0,0,0,0,0
41,0,0,0.0,1,0,1200,6.750155989720952e-14,3.552713678800501e-15,1.0880185641326534e-13,2.453592884421596e-13,0e0,1.1191048088221578e-13,1.865174681370263e-14,5.631051180898794e-13,5.773159728050814e-15,0e0,0e0,7.105427357601002e-14,0e0,0e0,0e0,0e0,0e0,6,2,2,2,0,8,2,4,2,0,0,4,0,0,0,0,0,34,0,34,34,0,238,73,29,34,0,0,68,0,0,0,0,0
41,0,0,0.0,1,1,1320,4.241051954068098e-14,8.881784197001252e-15,1.0058620603103918e-13,2.1538326677728037e-13,0e0,7.638334409421077e-14,4.440892098500626e-15,6.545874953189923e-13,1.7763568394002505e-14,0e0,0e0,8.171241461241152e-14,0e0,0e0,0e0,0e0,0e0,6,2,2,2,0,8,2,4,2,0,0,4,0,0,0,0,0,34,0,34,34,0,238,73,29,34,0,0,68,0,0,0,0,0
41,0,0,0.0,1,1,1440,6.972200594645983e-14,2.4868995751603507e-14,2.5979218776228663e-13,1.7341683644644945e-13,0e0,4.671818487622659e-13,7.283063041541027e-14,6.803446694902959e-13,2.0650148258027912e-14,0e0,0e0,8.526512829121202e-14,0e0,0e0,0e0,0e0,0e0,6,2,2,2,0,8,2,4,2,0,0,4,0,0,0,0,0,34,0,34,34,0,238,73,29,34,0,0,68,0,0,0,0,0
41,0,0,0.0,1,1,1560,8.060219158778636e-14,3.552713678800501e-14,1.0391687510491465e-13,2.453592884421596e-13,0e0,2.3359092438113294e-13,5.5067062021407764e-14,6.767919558114954e-13,1.8207657603852567e-14,0e0,0e0,6.394884621840902e-14,0e0,0e0,0e0,0e0,0e0,6,2,2,2,0,8,2,4,2,0,0,4,0,0,0,0,0,34,0,34,34,0,238,73,29,34,0,0,68,0,0,0,0,0
41,0,0,0.0,1,1,1680,1.2101430968414206e-13,7.993605777301127e-15,1.0880185641326534e-13,2.1538326677728037e-13,0e0,1.3677947663381929e-13,1.4210854715202004e-14,6.092903959142859e-13,1.9984014443252818e-14,0e0,0e0,8.526512829121202e-14,0e0,0e0,0e0,0e0,0e0,6,2,2,2,0,8,2,4,2,0,0,4,0,0,0,0,0,34,0,34,34,0,238,73,29,34,0,0,68,0,0,0,0,0
41,0,0,0.0,1,1,1800,2.1993170684631025e-7,2.1426288299153384e-7,2.5141207515844144e-7,2.0100376829645938e-7,0e0,8.679172900372123e-7,1.6024610971498987e-7,1.376818428155957e-7,2.3872870125174472e-8,0e0,0e0,1.6779964084889798e-7,0e0,0e0,0e0,0e0,0e0,6,2,2,2,0,8,2,4,2,0,0,4,0,0,0,0,0,34,0,34,34,0,238,73,29,34,0,0,68,0,0,0,0,0
41,0,0,0.0,1,1,1920,3.031190853874932e-9,1.525268800151025e-10,7.994316320036887e-11,1.57110324749965e-10,0e0,6.904629756832037e-9,8.185185862430444e-11,5.143050429978757e-10,1.014566208823453e-9,0e0,0e0,3.8701841731381137e-10,0e0,0e0,0e0,0e0,0e0,6,2,2,2,0,8,2,4,2,0,0,4,0,0,0,0,0,34,0,34,34,0,238,73,29,34,0,0,68,0,0,0,0,0
41,0,0,0.0,1,1,2040,7.487344078072056e-12,2.824407374646398e-13,6.139533326177116e-13,1.1302070390684094e-13,0e0,9.665157563176763e-12,6.004086117172847e-13,1.5409895581797173e-12,1.0662581928500003e-12,0e0,0e0,2.7711166694643907e-13,0e0,0e0,0e0,0e0,0e0,6,2,2,2,0,8,2,4,2,0,0,4,0,0,0,0,0,34,0,34,34,0,238,73,29,34,0,0,68,0,0,0,0,0
41,0,0,0.0,1,1,2160,6.195044477408373e-14,1.2434497875801753e-14,1.0058620603103918e-13,2.1538326677728037e-13,0e0,9.237055564881302e-14,2.3092638912203256e-14,5.728750807065808e-13,6.439293542825908e-15,0e0,0e0,8.526512829121202e-14,0e0,0e0,0e0,0e0,0e0,6,2,2,2,0,8,2,4,2,0,0,4,0,0,0,0,0,34,0,34,34,0,238,73,29,34,0,0,68,0,0,0,0,0
41,0,0,0.0,1,1,2280,6.150635556423367e-14,8.881784197001252e-15,1.4299672557172016e-13,2.1538326677728037e-13,0e0,8.260059303211165e-14,2.3092638912203256e-14,5.373479439185758e-13,6.439293542825908e-15,0e0,0e0,8.526512829121202e-14,0e0,0e0,0e0,0e0,0e0,6,2,2,2,0,8,2,4,2,0,0,4,0,0,0,0,0,34,0,34,34,0,238,73,29,34,0,0,68,0,0,0,0,0
41,0,0,0.0,1,1,2400,5.706546346573305e-14,1.7763568394002505e-15,1.5210055437364645e-13,2.1538326677728037e-13,0e0,6.750155989720952e-14,1.865174681370263e-14,5.728750807065808e-13,6.439293542825908e-15,0e0,0e0,8.526512829121202e-14,0e0,0e0,0e0,0e0,0e0,6,2,2,2,0,8,2,4,2,0,0,4,0,0,0,0,0,34,0,34,34,0,238,73,29,34,0,0,68,0,0,0,0,0
41,0,0,0.0,1,2,2520,2.3295912603416014e-6,6.267435423978895e-7,3.611348056153929e-7,4.366838233238468e-7,0e0,1.0912410985497445e-5,8.99025309308854e-7,6.335355564601741e-7,1.695035123816524e-6,0e0,0e0,5.562368841083298e-7,0e0,0e0,0e0,0e0,0e0,6,2,2,2,0,8,2,4,2,0,0,4,0,0,0,0,0,34,0,34,34,0,238,74,28,34,0,0,68,0,0,0,0,0
41,0,0,0.0,1,2,2640,8.290574893266012e-10,2.7540192348851633e-10,2.631257434160261e-10,1.0430989405563196e-11,0e0,8.715037580486751e-10,1.878861510817842e-10,1.538920102461816e-10,2.452635872174369e-10,0e0,0e0,3.6759217891813023e-10,0e0,0e0,0e0,0e0,0e0,6,2,2,2,0,8,2,4,2,0,0,4,0,0,0,0,0,34,0,34,34,0,238,73,29,34,0,0,68,0,0,0,0,0
41,0,0,0.0,1,2,2760,1.4229284417410781e-11,5.915268275202834e-13,5.205169628652584e-12,4.29190016859593e-12,0e0,1.9202417433916708e-11,2.1316282072803006e-13,2.0756729668391927e-12,1.1258993737328638e-11,0e0,0e0,1.8545165403338615e-12,0e0,0e0,0e0,0e0,0e0,6,2,2,2,0,8,2,4,2,0,0,4,0,0,0,0,0,34,0,34,34,0,238,73,29,34,0,0,68,0,0,0,0,0
41,0,0,0.0,1,2,2880,3.7991831902672857e-13,3.552713678800501e-15,3.5638159090467525e-13,6.965539256498232e-13,0e0,1.0622613899613498e-12,8.348877145181177e-14,4.556355293061642e-13,3.0664359940146824e-13,0e0,0e0,8.526512829121202e-14,0e0,0e0,0e0,0e0,0e0,6,2,2,2,0,8,2,4,2,0,0,4,0,0,0,0,0,34,0,34,34,0,238,73,29,34,0,0,68,0,0,0,0,0
41,0,0,0.0,1,2,3000,1.786060854769289e-8,2.4944257326353636e-8,1.2427742612786119e-8,7.153411196725301e-9,0e0,1.1495443619224943e-7,2.6151393939244372e-8,1.5956937104988356e-8,1.894671441959872e-8,0e0,0e0,1.541851801789562e-8,0e0,0e0,0e0,0e0,0e0,6,2,2,2,0,8,2,4,2,0,0,4,0,0,0,0,0,34,0,34,34,0,238,73,29,34,0,0,68,0,0,0,0,0
41,0,0,0.0,1,2,3120,2.333434755641406e-6,3.056268440104759e-6,1.6848471346975202e-6,9.275976253775298e-7,0e0,1.4084709562212083e-5,2.904833763750503e-6,1.196402962477805e-6,3.097519226002987e-6,0e0,0e0,2.0308950894332156e-6,0e0,0e0,0e0,0e0,0e0,6,2,2,2,0,8,2,4,2,0,0,4,0,0,0,0,0,34,0,34,34,0,238,74,28,34,0,0,68,0,0,0,0,0
41,0,0,0.0,1,2,3240,7.358977356375362e-7,1.0082545998102432e-7,9.94927717989924e-9,2.2106815933398138e-7,0e0,3.6697121075235373e-7,1.641339224534022e-7,5.160127400927195e-7,1.509813323252729e-7,0e0,0e0,8.589324806962395e-8,0e0,0e0,0e0,0e0,0e0,6,2,2,2,0,8,2,4,2,0,0,4,0,0,0,0,0,34,0,34,34,0,238,73,29,34,0,0,68,0,0,0,0,0
41,0,0,0.0,1,2,3360,1.7724831491428006e-6,1.294385443273427e-7,8.127629502752143e-8,2.464577875116447e-9,0e0,6.561094272328205e-7,1.919779499814922e-7,1.304486225706114e-7,6.228772519989434e-8,0e0,0e0,1.1817562750593424e-7,0e0,0e0,0e0,0e0,0e0,6,2,2,2,0,8,2,4,2,0,0,4,0,0,0,0,0,34,0,34,34,0,238,73,29,34,0,0,68,0,0,0,0,0
41,0,0,0.0,1,2,3480,3.243853630152671e-9,1.7241159611103285e-9,1.9973933618189221e-10,1.4285730376428774e-9,0e0,2.970965695681116e-10,1.3015615252243151e-9,2.2048913805861048e-9,1.4506533752012274e-9,0e0,0e0,5.523652646388655e-10,0e0,0e0,0e0,0e0,0e0,6,2,2,2,0,8,2,4,2,0,0,4,0,0,0,0,0,34,0,34,34,0,238,73,29,34,0,0,68,0,0,0,0,0
41,0,0,0.0,1,2,3600,1.2117096215291667e-9,8.036726839577568e-10,5.107758660471973e-11,7.254483680441126e-10,0e0,7.496074871937708e-10,1.2025296314277512e-9,8.782423677189399e-10,7.7308226487105e-10,0e0,0e0,1.7637802329772967e-10,0e0,0e0,0e0,0e0,0e0,6,2,2,2,0,8,2,4,2,0,0,4,0,0,0,0,0,34,0,34,34,0,238,73,29,34,0,0,68,0,0,0,0,0
41,0,0,0.3,0,0,120,4.411644931678893e-3,1.5997722584870644e-4,2.1264841343509033e-3,3.826582833426073e-3,0e0,1.608122543530044e-3,1.151672631749534e-4,6.59757115499815e-4,5.090101649329881e-5,0e0,0e0,2.077067274512956e-4,0e0,0e0,0e0,0e0,0e0,6,2,2,2,0,8,2,4,2,0,0,4,0,0,0,0,0,26,8,34,33,0,238,68,35,34,0,0,68,0,0,0,0,0
41,0,0,0.3,0,0,240,4.394083531224169e-3,1.659068093431415e-4,2.1520567970583215e-3,3.8118123775348067e-3,0e0,1.6055140661137557e-3,1.1733315204764949e-4,6.644915556535125e-4,4.6816692702122964e-5,0e0,0e0,2.0728334857267328e-4,0e0,0e0,0e0,0e0,0e0,6,2,2,2,0,8,2,4,2,0,0,4,0,0,0,0,0,26,8,34,33,0,238,68,35,34,0,0,68,0,0,0,0,0
41,0,0,0.3,0,0,360,4.3921272408624645e-3,1.66693269420648e-4,2.1549853263422847e-3,3.8105897256173193e-3,0e0,1.604981169293751e-3,1.1762478152377298e-4,6.651259609498084e-4,4.626111103789299e-5,0e0,0e0,2.069137462967774e-4,0e0,0e0,0e0,0e0,0e0,6,2,2,2,0,8,2,4,2,0,0,4,0,0,0,0,0,26,8,34,33,0,238,68,35,34,0,0,68,0,0,0,0,0
41,0,0,0.3,0,0,480,4.392048100271495e-3,1.6672717356414068e-4,2.1551236714003608e-3,3.810521971900016e-3,0e0,1.6049560225610549e-3,1.1764035116357263e-4,6.65148334519472e-4,4.62342354694556e-5,0e0,0e0,2.06896776035137e-4,0e0,0e0,0e0,0e0,0e0,6,2,2,2,0,8,2,4,2,0,0,4,0,0,0,0,0,26,8,34,33,0,238,68,35,34,0,0,68,0,0,0,0,0
41,0,0,0.3,0,0,600,4.3920446405536495e-3,1.6672932179062627e-4,2.1551308454945683e-3,3.810521971900016e-3,0e0,1.6049554768642338e-3,1.1764058399421629e-4,6.651516960118897e-4,4.623288214133936e-5,0e0,0e0,2.0689755274361232e-4,0e0,0e0,0e0,0e0,0e0,6,2,2,2,0,8,2,4,2,0,0,4,0,0,0,0,0,26,8,34,33,0,238,68,35,34,0,0,68,0,0,0,0,0
41,0,0,0.3,0,0,720,4.392047663714038e-3,1.6672932179062627e-4,2.155130263417959e-3,3.810521971900016e-3,0e0,1.6049554768642338e-3,1.1764035116357263e-4,6.651516960118897e-4,4.6233500597736565e-5,0e0,0e0,2.068957419396611e-4,0e0,0e0,0e0,0e0,0e0,6,2,2,2,0,8,2,4,2,0,0,4,0,0,0,0,0,26,8,34,33,0,238,68,35,34,0,0,68,0,0,0,0,0
41,0,0,0.3,0,0,840,4.392043254483724e-3,1.6672752099111676e-4,2.155125723220408e-3,3.810519876424223e-3,0e0,1.6049668109872073e-3,1.1764035116357263e-4,6.651516960118897e-4,4.62342354694556e-5,0e0,0e0,2.0689626580860931e-4,0e0,0e0,0e0,0e0,0e0,6,2,2,2,0,8,2,4,2,0,0,4,0,0,0,0,0,26,8,34,33,0,238,68,35,34,0,0,68,0,0,0,0,0
41,0,0,0.3,0,0,960,4.392053266201401e-3,1.6672863785061054e-4,2.155130263417959e-3,3.810519876424223e-3,0e0,1.6049504782813528e-3,1.1763977545342641e-4,6.651498224528041e-4,4.6233500597736565e-5,0e0,0e0,2.0689325538114645e-4,0e0,0e0,0e0,0e0,0e0,6,2,2,2,0,8,2,4,2,0,0,4,0,0,0,0,0,26,8,34,33,0,238,68,35,34,0,0,68,0,0,0,0,0
41,0,0,0.3,0,0,1080,4.392043254483724e-3,1.6672752099111676e-4,2.155115711502731e-3,3.8105195271782577e-3,0e0,1.6049716631414412e-3,1.1764035116357263e-4,6.651530675299e-4,4.623411905413377e-5,0e0,0e0,2.0689703524112701e-4,0e0,0e0,0e0,0e0,0e0,6,2,2,2,0,8,2,4,2,0,0,4,0,0,0,0,0,26,8,34,33,0,238,68,35,34,0,0,68,0,0,0,0,0
41,0,0,0.3,0,0,1200,4.392055143398466e-3,1.667403612373164e-4,2.155159701942466e-3,3.810530120972544e-3,0e0,1.6049146236127854e-3,1.1763389920815825e-4,6.651521580351982e-4,4.623299855666119e-5,0e0,0e0,2.068899530058843e-4,0e0,0e0,0e0,0e0,0e0,6,2,2,2,0,8,2,4,2,0,0,4,0,0,0,0,0,26,8,34,33,0,238,68,35,34,0,0,68,0,0,0,0,0
41,0,0,0.3,0,1,1320,4.3990973390464205e-3,1.6856694855960086e-4,2.163481112802401e-3,3.80863796453923e-3,0e0,1.5935649273615127e-3,1.1566810826479923e-4,6.643605120189022e-4,4.577777417580364e-5,0e0,0e0,2.0620303894247627e-4,0e0,0e0,0e0,0e0,0e0,6,2,2,2,0,8,2,4,2,0,0,4,0,0,0,0,0,26,8,34,33,0,238,68,35,34,0,0,68,0,0,0,0,0
41,0,0,0.3,0,1,1440,4.391702088469174e-3,1.6665717339492403e-4,2.154801826691255e-3,3.8106085848994553e-3,0e0,1.6054496395554452e-3,1.1772336256399285e-4,6.651879048149567e-4,4.6249161187006393e-5,0e0,0e0,2.0693646547442768e-4,0e0,0e0,0e0,0e0,0e0,6,2,2,2,0,8,2,4,2,0,0,4,0,0,0,0,0,26,8,34,33,0,238,68,35,34,0,0,68,0,0,0,0,0
41,0,0,0.3,0,1,1560,4.465289206564194e-3,1.8219736193714198e-4,2.221129630925134e-3,3.790769027546048e-3,0e0,1.505798871960451e-3,1.0142581777472515e-4,6.587037896679249e-4,4.445921967999311e-5,0e0,0e0,2.019762187046581e-4,0e0,0e0,0e0,0e0,0e0,6,2,2,2,0,8,2,4,2,0,0,4,0,0,0,0,0,26,8,34,33,0,238,68,35,34,0,0,68,0,0,0,0,0
41,0,0,0.3,0,1,1680,4.3918799492530525e-3,1.667029719101265e-4,2.1550014207605273e-3,3.810567664913833e-3,0e0,1.6051548918767367e-3,1.1767479554691818e-4,6.651619805779774e-4,4.623809581971727e-5,0e0,0e0,2.069175525321043e-4,0e0,0e0,0e0,0e0,0e0,6,2,2,2,0,8,2,4,2,0,0,4,0,0,0,0,0,26,8,34,33,0,238,68,35,34,0,0,68,0,0,0,0,0
41,0,0,0.3,0,1,1800,4.391885504446691e-3,1.6671367120579816e-4,2.155022812075913e-3,3.8105614949017763e-3,0e0,1.6051161844075068e-3,1.1766856823669514e-4,6.651656258327421e-4,4.623243466994609e-5,0e0,0e0,2.0691568806796568e-4,0e0,0e0,0e0,0e0,0e0,6,2,2,2,0,8,2,4,2,0,0,4,0,0,0,0,0,26,8,34,33,0,238,68,35,34,0,0,68,0,0,0,0,0
41,0,0,0.3,0,1,1920,4.394001647597179e-3,1.6678717656759545e-4,2.1557855216087773e-3,3.8097292417660356e-3,0e0,1.6035367445965676e-3,1.173236641989206e-4,6.651867988693994e-4,4.632830905393348e-5,0e0,0e0,2.0663639406848233e-4,0e0,0e0,0e0,0e0,0e0,6,2,2,2,0,8,2,4,2,0,0,4,0,0,0,0,0,26,8,34,33,0,238,68,35,34,0,0,68,0,0,0,0,0
41,0,0,0.3,0,1,2040,4.3920768512180075e-3,1.667434898990905e-4,2.1551698009716347e-3,3.8105257553979754e-3,0e0,1.604894111324029e-3,1.1763413203880191e-4,6.651518306171056e-4,4.623155928129563e-5,0e0,0e0,2.0688947461167118e-4,0e0,0e0,0e0,0e0,0e0,6,2,2,2,0,8,2,4,2,0,0,4,0,0,0,0,0,26,8,34,33,0,238,68,35,34,0,0,68,0,0,0,0,0
41,0,0,0.3,0,1,2160,4.387871333165094e-3,1.794423133105738e-4,2.1867396571906283e-3,3.822711354587227e-3,0e0,1.5608619073645968e-3,1.1542444826773135e-4,6.576420091732871e-4,4.185941838841245e-5,0e0,0e0,2.1560747700277716e-4,0e0,0e0,0e0,0e0,0e0,6,2,2,2,0,8,2,4,2,0,0,4,0,0,0,0,0,26,8,34,33,0,238,68,35,34,0,0,68,0,0,0,0,0
41,0,0,0.3,0,1,2280,4.3900877790292725e-3,1.6670997683831956e-4,2.154557208996266e-3,3.811277449131012e-3,0e0,1.606236327120314e-3,1.1795473255915567e-4,6.651253497693688e-4,4.6132513034535805e-5,0e0,0e0,2.071937460641493e-4,0e0,0e0,0e0,0e0,0e0,6,2,2,2,0,8,2,4,2,0,0,4,0,0,0,0,0,26,8,34,33,0,238,68,35,34,0,0,68,0,0,0,0,0
41,0,0,0.3,0,1,2400,4.37965906894533e-3,1.6793577196949627e-4,2.1548330259975046e-3,3.8163813878782094e-3,0e0,1.6081939033938397e-3,1.1935218935832381e-4,6.641724612563848e-4,4.522732524492312e-5,0e0,0e0,2.097094511555042e-4,0e0,0e0,0e0,0e0,0e0,6,2,2,2,0,8,2,4,2,0,0,4,0,0,0,0,0,26,8,34,33,0,238,68,35,34,0,0,68,0,0,0,0,0
41,0,0,0.3,0,2,2520,4.404754028655589e-3,1.7428744467906654e-4,2.176633774070069e-3,3.8108433363959193e-3,0e0,1.5688509627125313e-3,1.14304155431455e-4,6.611157696170267e-4,4.4967820485908305e-5,0e0,0e0,2.104933992086444e-4,0e0,0e0,0e0,0e0,0e0,6,2,2,2,0,8,2,4,2,0,0,4,0,0,0,0,0,26,8,34,33,0,238,68,35,34,0,0,68,0,0,0,0,0
41,0,0,0.3,0,2,2640,4.390271809825208e-3,1.6542121920792852e-4,2.1515581756830215e-3,3.8102816906757653e-3,0e0,1.6110810292389033e-3,1.181623056254466e-4,6.658874553977512e-4,4.647444939109846e-5,0e0,0e0,2.0620202121790498e-4,0e0,0e0,0e0,0e0,0e0,6,2,2,2,0,8,2,4,2,0,0,4,0,0,0,0,0,26,8,34,33,0,238,68,35,34,0,0,68,0,0,0,0,0
41,0,0,0.3,0,2,2760,4.392918166558957e-3,1.6628310186206363e-4,2.1543484472204e-3,3.809913352597505e-3,0e0,1.606088971925601e-3,1.1757122774724849e-4,6.654175704170484e-4,4.6377850594581105e-5,0e0,0e0,2.0640364346036222e-4,0e0,0e0,0e0,0e0,0e0,6,2,2,2,0,8,2,4,2,0,0,4,0,0,0,0,0,26,8,34,33,0,238,68,35,34,0,0,68,0,0,0,0,0
41,0,0,0.3,0,2,2880,4.389540281408699e-3,1.6871483057911973e-4,2.1589066163869575e-3,3.812725772149861e-3,0e0,1.5991363308103246e-3,1.1776338760682847e-4,6.640175743086729e-4,4.569184238789603e-5,0e0,0e0,2.089012250507949e-4,0e0,0e0,0e0,0e0,0e0,6,2,2,2,0,8,2,4,2,0,0,4,0,0,0,0,0,26,8,34,33,0,238,68,35,34,0,0,68,0,0,0,0,0
41,0,0,0.3,0,2,3000,4.399067773192655e-3,1.6529002095921896e-4,2.153772860765457e-3,3.8071024464443326e-3,0e0,1.605892564612077e-3,1.167219788840157e-4,6.660800572717562e-4,4.6849878344801255e-5,0e0,0e0,2.046029821940465e-4,0e0,0e0,0e0,0e0,0e0,6,2,2,2,0,8,2,4,2,0,0,4,0,0,0,0,0,26,8,34,33,0,238,68,35,34,0,0,68,0,0,0,0,0
41,0,0,0.3,0,2,3120,4.394750096253119e-3,1.674430077400757e-4,2.157474009436555e-3,3.809990972513333e-3,0e0,1.6005336908619938e-3,1.1710152648447547e-4,6.647907830483746e-4,4.621506195690017e-5,0e0,0e0,2.070221989924903e-4,0e0,0e0,0e0,0e0,0e0,6,2,2,2,0,8,2,4,2,0,0,4,0,0,0,0,0,26,8,34,33,0,238,68,35,34,0,0,68,0,0,0,0,0
41,0,0,0.3,0,2,3240,4.403940558404429e-3,1.762437095749192e-4,2.17856299423147e-3,3.8115789648145437e-3,0e0,1.5630852576578036e-3,1.1483306934678694e-4,6.603867623198312e-4,4.5202610635897145e-5,0e0,0e0,2.1295120041031623e-4,0e0,0e0,0e0,0e0,0e0,6,2,2,2,0,8,2,4,2,0,0,4,0,0,0,0,0,26,8,34,33,0,238,68,35,34,0,0,68,0,0,0,0,0
41,0,0,0.3,0,2,3360,4.33392496779561e-3,1.8662630282051396e-4,2.180639887228608e-3,3.841925587039441e-3,0e0,1.5762619872248251e-3,1.2596542001119815e-4,6.552413760800846e-4,4.1102963223238476e-5,0e0,0e0,2.3332600358116906e-4,0e0,0e0,0e0,0e0,0e0,6,2,2,2,0,8,2,4,2,0,0,4,0,0,0,0,0,26,8,34,33,0,238,68,35,34,0,0,68,0,0,0,0,0
41,0,0,0.3,0,2,3480,4.391765407490311e-3,1.6664965369272977e-4,2.1548920340137556e-3,3.8105596031527966e-3,0e0,1.6054416956876594e-3,1.1769193042709958e-4,6.651946532656439e-4,4.623509221346467e-5,0e0,0e0,2.068727671939996e-4,0e0,0e0,0e0,0e0,0e0,6,2,2,2,0,8,2,4,2,0,0,4,0,0,0,0,0,26,8,34,33,0,238,68,35,34,0,0,68,0,0,0,0,0
41,0,0,0.3,0,2,3600,4.369308669993188e-3,1.6599189984844998e-4,2.147519844584167e-3,3.8176222587935627e-3,0e0,1.622952175921455e-3,1.2144185257056961e-4,6.654483004240319e-4,4.540461350188707e-5,0e0,0e0,2.0992692770960275e-4,0e0,0e0,0e0,0e0,0e0,6,2,2,2,0,8,2,4,2,0,0,4,0,0,0,0,0,26,8,34,33,0,238,68,35,34,0,0,68,0,0,0,0,0
41,0,0,0.3,1,0,120,4.411644931678893e-3,1.5997722584870644e-4,2.1264841343509033e-3,3.826582833426073e-3,0e0,1.608122543530044e-3,1.151672631749534e-4,6.59757115499815e-4,5.090101649329881e-5,0e0,0e0,2.077067274512956e-4,0e0,0e0,0e0,0e0,0e0,6,2,2,2,0,8,2,4,2,0,0,4,0,0,0,0,0,26,8,34,33,0,238,68,35,34,0,0,68,0,0,0,0,0
41,0,0,0.3,1,0,240,4.394083531224169e-3,1.659068093431415e-4,2.1520567970583215e-3,3.8118123775348067e-3,0e0,1.6055140661137557e-3,1.1733315204764949e-4,6.644915556535125e-4,4.6816692702122964e-5,0e0,0e0,2.0728334857267328e-4,0e0,0e0,0e0,0e0,0e0,6,2,2,2,0,8,2,4,2,0,0,4,0,0,0,0,0,26,8,34,33,0,238,68,35,34,0,0,68,0,0,0,0,0
41,0,0,0.3,1,0,360,4.3921272408624645e-3,1.66693269420648e-4,2.1549853263422847e-3,3.8105897256173193e-3,0e0,1.604981169293751e-3,1.1762478152377298e-4,6.651259609498084e-4,4.626111103789299e-5,0e0,0e0,2.069137462967774e-4,0e0,0e0,0e0,0e0,0e0,6,2,2,2,0,8,2,4,2,0,0,4,0,0,0,0,0,26,8,34,33,0,238,68,35,34,0,0,68,0,0,0,0,0
41,0,0,0.3,1,0,480,2.5194849295075983e-3,4.056040706927888e-4,1.4357816689880565e-3,3.1594830797985196e-3,0e0,1.590108901837084e-3,4.367928227111406e-5,9.97063059003267e-4,1.0185759720116039e-5,0e0,0e0,1.321292606917268e-4,0e0,0e0,0e0,0e0,0e0,6,2,2,2,0,8,2,4,2,0,0,4,0,0,0,0,0,32,2,34,34,0,226,81,33,34,0,0,68,0,0,0,0,0
41,0,0,0.3,1,0,600,1.830768253057613e-3,2.1144077254575677e-4,2.696514238778036e-4,5.801440420327708e-4,0e0,1.3478635705723718e-3,8.271459773823153e-5,1.0996306373272091e-3,2.1333139920898248e-4,0e0,0e0,4.140857345191762e-5,0e0,0e0,0e0,0e0,0e0,6,2,2,2,0,8,2,4,2,0,0,4,0,0,0,0,0,31,3,34,34,0,231,75,34,34,0,0,68,0,0,0,0,0
41,0,0,0.3,1,0,720,1.3053884531473159e-3,1.954741273948457e-4,1.2355706985545112e-4,5.006979481549934e-4,0e0,1.090837372430542e-3,4.882944922428578e-4,3.1513862995780073e-4,1.0238026789011201e-5,0e0,0e0,3.997396856902924e-5,0e0,0e0,0e0,0e0,0e0,6,2,2,2,0,8,2,4,2,0,0,4,0,0,0,0,0,32,2,34,34,0,238,68,34,34,0,0,68,0,0,0,0,0
41,0,0,0.3,1,0,840,1.1600271809584228e-3,2.0219836369506083e-4,7.44640592529322e-5,6.086759458412416e-5,0e0,1.0936450348708604e-3,3.6785212796530686e-4,3.266136409365572e-4,3.91793655580841e-5,0e0,0e0,9.483292501499818e-6,0e0,0e0,0e0,0e0,0e0,6,2,2,2,0,8,2,4,2,0,0,4,0,0,0,0,0,33,1,34,34,0,233,73,34,34,0,0,68,0,0,0,0,0
41,0,0,0.3,1,0,960,7.699861221226456e-4,1.2666473048739135e-4,1.0924752314167563e-4,1.048670804948415e-5,0e0,9.001806843116356e-4,4.320167499827221e-4,1.7544625734444708e-4,9.170784323941916e-6,0e0,0e0,3.076210731478568e-6,0e0,0e0,0e0,0e0,0e0,6,2,2,2,0,8,2,4,2,0,0,4,0,0,0,0,0,34,0,34,34,0,242,64,34,34,0,0,68,0,0,0,0,0
41,0,0,0.3,1,0,1080,3.763839299608662e-4,1.1412085223128088e-4,8.951407653512433e-5,1.049178968060005e-5,0e0,8.130649732720485e-4,4.438506221049465e-4,1.1084908965131035e-4,1.0253858135911287e-5,0e0,0e0,1.2259901495781378e-5,0e0,0e0,0e0,0e0,0e0,6,2,2,2,0,8,2,4,2,0,0,4,0,0,0,0,0,34,0,34,34,0,246,60,34,34,0,0,68,0,0,0,0,0
41,0,0,0.3,1,0,1200,3.732314816602411e-4,8.04673272796208e-5,1.0296247455698904e-4,1.579083209435339e-5,0e0,6.314688339443819e-4,3.59737518010661e-4,9.073212459043134e-5,9.44427415561222e-6,0e0,0e0,6.725229070525529e-6,0e0,0e0,0e0,0e0,0e0,6,2,2,2,0,8,2,4,2,0,0,4,0,0,0,0,0,34,0,34,34,0,242,64,34,34,0,0,68,0,0,0,0,0
41,0,0,0.3,1,1,1320,3.570114274111802e-4,5.36815459781792e-5,9.245651563105639e-5,1.8593643289932515e-5,0e0,5.136201687037101e-4,3.131553385173902e-4,8.92292500793701e-5,1.0737782986325328e-5,0e0,0e0,7.074020061281772e-6,0e0,0e0,0e0,0e0,0e0,6,2,2,2,0,8,2,4,2,0,0,4,0,0,0,0,0,34,0,34,34,0,239,67,34,34,0,0,68,0,0,0,0,0
41,0,0,0.3,1,1,1440,2.6730604004114866e-3,9.602553909644485e-4,1.2825833400711417e-3,1.6423501438111998e-4,0e0,1.5471643089313147e-3,2.754600951448083e-3,3.1903731323836837e-3,2.1076131612062454e-2,0e0,0e0,5.685229425580474e-4,0e0,0e0,0e0,0e0,0e0,6,2,2,2,0,8,2,4,2,0,0,4,0,0,0,0,0,34,0,34,34,36,228,68,34,8,0,0,68,0,0,0,0,0
41,0,0,0.3,1,1,1560,3.229188650948345e-4,7.289345830940874e-5,1.7910119822772685e-5,4.056647121615242e-4,0e0,8.669194635331223e-4,2.7366256472305395e-4,2.9385898233158514e-4,1.5745331438665744e-5,0e0,0e0,1.623435761644032e-5,0e0,0e0,0e0,0e0,0e0,6,2,2,2,0,8,2,4,2,0,0,4,0,0,0,0,0,34,0,34,34,0,238,68,34,34,0,0,68,0,0,0,0,0
41,0,0,0.3,1,1,1680,3.2534249612581334e-4,6.234560532902833e-5,5.228808549873065e-5,9.889629336612415e-5,0e0,6.838689480446192e-4,3.376678178028669e-4,1.2029081335640512e-4,2.9222197554190643e-5,0e0,0e0,9.383795550377272e-6,0e0,0e0,0e0,0e0,0e0,6,2,2,2,0,8,2,4,2,0,0,4,0,0,0,0,0,34,0,34,34,0,241,65,34,34,0,0,68,0,0,0,0,0
41,0,0,0.3,1,1,1800,3.47648711453985e-4,5.879629225091776e-5,6.178145940793911e-5,3.2069621283881133e-5,0e0,6.006157352658192e-4,3.391024256416131e-4,8.692924166098237e-5,2.9301636459422298e-5,0e0,0e0,6.764578756701667e-6,0e0,0e0,0e0,0e0,0e0,6,2,2,2,0,8,2,4,2,0,0,4,0,0,0,0,0,34,0,34,34,0,241,65,34,34,0,0,68,0,0,0,0,0
41,0,0,0.3,1,1,1920,3.616943508859549e-4,5.600953591056168e-5,6.740106528013712e-5,1.7922981442097807e-5,0e0,5.545723067825747e-4,3.238472309021745e-4,8.075012010522187e-5,2.247664269816596e-5,0e0,0e0,6.901235977352371e-6,0e0,0e0,0e0,0e0,0e0,6,2,2,2,0,8,2,4,2,0,0,4,0,0,0,0,0,34,0,34,34,0,240,66,34,34,0,0,68,0,0,0,0,0
41,0,0,0.3,1,1,2040,3.6569953249454556e-4,5.307067112880759e-5,7.116235701687401e-5,1.6742584193707444e-5,0e0,5.247039873665926e-4,3.0992856045486405e-4,8.10715737316059e-5,1.6715164747438394e-5,0e0,0e0,7.02245452544048e-6,0e0,0e0,0e0,0e0,0e0,6,2,2,2,0,8,2,4,2,0,0,4,0,0,0,0,0,34,0,34,34,0,238,69,33,34,0,0,68,0,0,0,0,0
41,0,0,0.3,1,1,2160,3.6413624479791906e-4,4.994697110305424e-5,7.337312945310259e-5,1.8235318748338614e-5,0e0,5.024949002745416e-4,3.001300574396737e-4,8.286716001748573e-5,1.317250416832394e-5,0e0,0e0,7.14251862632409e-6,0e0,0e0,0e0,0e0,0e0,6,2,2,2,0,8,2,4,2,0,0,4,0,0,0,0,0,34,0,34,34,0,238,69,33,34,0,0,68,0,0,0,0,0
41,0,0,0.3,1,1,2280,3.6059675494470866e-4,4.67561517325521e-5,7.449611439369619e-5,1.9862610315612983e-5,0e0,4.842322241529473e-4,2.932649695139844e-4,8.476380753563717e-5,1.1186275060026674e-5,0e0,0e0,7.306594426381707e-6,0e0,0e0,0e0,0e0,0e0,6,2,2,2,0,8,2,4,2,0,0,4,0,0,0,0,0,34,0,34,34,0,238,69,33,34,0,0,68,0,0,0,0,0
41,0,0,0.3,1,1,2400,3.569125290141528e-4,4.3603876292763744e-5,7.491372070944635e-5,2.111858248099452e-5,0e0,4.682316807702591e-4,2.8803716486436315e-4,8.635611629870255e-5,1.0174907401960809e-5,0e0,0e0,7.512004231102765e-6,0e0,0e0,0e0,0e0,0e0,6,2,2,2,0,8,2,4,2,0,0,4,0,0,0,0,0,34,0,34,34,0,238,69,33,34,0,0,68,0,0,0,0,0
41,0,0,0.3,1,2,2520,3.53752961700593e-4,4.055736462760251e-5,7.485139121854445e-5,2.201826464443002e-5,0e0,4.537001000244345e-4,2.836365565599408e-4,8.757395880820695e-5,9.751792049428332e-6,0e0,0e0,7.746134471631194e-6,0e0,0e0,0e0,0e0,0e0,6,2,2,2,0,8,2,4,2,0,0,4,0,0,0,0,0,34,0,34,34,0,238,69,33,34,0,0,68,0,0,0,0,0
41,0,0,0.3,1,2,2640,3.512484488510381e-4,3.764919711102266e-5,7.443269805662567e-5,2.267730906169163e-5,0e0,4.402782602710431e-4,2.7965199114987627e-4,8.844347757985815e-5,9.674268142134679e-6,0e0,0e0,7.998601830649932e-6,0e0,0e0,0e0,0e0,0e0,6,2,2,2,0,8,2,4,2,0,0,4,0,0,0,0,0,34,0,34,34,0,238,69,33,34,0,0,68,0,0,0,0,0
41,0,0,0.3,1,2,2760,3.49300186144319e-4,3.490942981443368e-5,7.374044980679173e-5,2.319733721378725e-5,0e0,4.2774455948801915e-4,2.7588227749220096e-4,8.902576155378483e-5,9.786285943391704e-6,0e0,0e0,8.263385851137173e-6,0e0,0e0,0e0,0e0,0e0,6,2,2,2,0,8,2,4,2,0,0,4,0,0,0,0,0,34,0,34,34,0,238,69,33,34,0,0,68,0,0,0,0,0
41,0,0,0.3,1,2,2880,3.4780441001203144e-4,3.2348463719245046e-5,7.281953458004864e-5,2.3643989152333234e-5,0e0,4.159837710631109e-4,2.72220164333703e-4,8.940075167629402e-5,9.98396058093931e-6,0e0,0e0,8.535987262803246e-6,0e0,0e0,0e0,0e0,0e0,6,2,2,2,0,8,2,4,2,0,0,4,0,0,0,0,0,34,0,34,34,0,238,69,33,34,0,0,68,0,0,0,0,0
41,0,0,0.3,1,2,3000,3.4665477642192855e-4,2.9967302907607518e-5,7.172010100475745e-5,2.4051202672126237e-5,0e0,4.049197737003851e-4,2.6866957341553643e-4,8.96077835932374e-5,1.020282473973566e-5,0e0,0e0,8.816317944138063e-6,0e0,0e0,0e0,0e0,0e0,6,2,2,2,0,8,2,4,2,0,0,4,0,0,0,0,0,34,0,34,34,0,238,69,33,34,0,0,68,0,0,0,0,0
41,0,0,0.3,1,2,3120,3.457952791450225e-4,2.777945201160037e-5,7.048067345749587e-5,2.444385245325975e-5,0e0,3.94486125514959e-4,2.652012371981982e-4,8.971381066658068e-5,1.0406592650724633e-5,0e0,0e0,9.106519371471222e-6,0e0,0e0,0e0,0e0,0e0,6,2,2,2,0,8,2,4,2,0,0,4,0,0,0,0,0,34,0,34,34,0,238,69,33,34,0,0,68,0,0,0,0,0
41,0,0,0.3,1,2,3240,3.4516094410719234e-4,2.5782036118471297e-5,6.914176356076496e-5,2.4827710603858577e-5,0e0,3.846320762477262e-4,2.618502330733463e-4,8.974702177511062e-5,1.0578935416560853e-5,0e0,0e0,9.40733737309074e-6,0e0,0e0,0e0,0e0,0e0,6,2,2,2,0,8,2,4,2,0,0,4,0,0,0,0,0,34,0,34,34,0,238,70,32,34,0,0,68,0,0,0,0,0
41,0,0,0.3,1,2,3360,3.447188091740827e-4,2.3975350813998375e-5,6.774792382202577e-5,2.5208158604073105e-5,0e0,3.75343468704159e-4,2.5865955103654414e-4,8.972609612101223e-5,1.071612217629081e-5,0e0,0e0,9.719331814039833e-6,0e0,0e0,0e0,0e0,0e0,6,2,2,2,0,8,2,4,2,0,0,4,0,0,0,0,0,34,0,34,34,0,238,70,32,34,0,0,68,0,0,0,0,0
41,0,0,0.3,1,2,3480,3.444704107096186e-4,2.235303736597416e-5,6.631492396991234e-5,2.5585062758182175e-5,0e0,3.665937949790532e-4,2.556231484049931e-4,8.9682117504708e-5,1.0818368082254892e-5,0e0,0e0,1.0044965364386371e-5,0e0,0e0,0e0,0e0,0e0,6,2,2,2,0,8,2,4,2,0,0,4,0,0,0,0,0,34,0,34,34,0,238,70,32,34,0,0,68,0,0,0,0,0
41,0,0,0.3,1,2,3600,3.44376267548796e-4,2.092572253786784e-5,6.487865539384075e-5,2.595488922452205e-5,0e0,3.583700339504503e-4,2.5278027897002175e-4,8.964916833065217e-5,1.0891848376104463e-5,0e0,0e0,1.0382355483784522e-5,0e0,0e0,0e0,0e0,0e0,6,2,2,2,0,8,2,4,2,0,0,4,0,0,0,0,0,34,0,34,34,0,238,70,32,34,0,0,68,0,0,0,0,0
41,0,1,0.0,0,0,120,9.435561551640603e-6,9.394498761139403e-6,1.1085404025834578e-5,2.452177216838436e-7,0e0,9.714124395543422e-6,2.5511764079055865e-6,5.067929890856249e-6,8.90109333795408e-6,0e0,0e0,7.966861119257374e-6,0e0,0e0,0e0,0e0,0e0,6,2,2,2,0,8,2,4,2,0,0,4,0,0,0,0,0,34,0,34,34,0,238,74,28,34,0,0,68,0,0,0,0,0
41,0,1,0.0,0,0,240,6.792795148591324e-8,6.363814009091584e-8,7.51054809455809e-8,1.6598253882449399e-9,0e0,6.48814673098741e-8,1.75635443966371e-8,3.451709051915941e-8,6.402979835229416e-8,0e0,0e0,5.5062997716959217e-8,0e0,0e0,0e0,0e0,0e0,6,2,2,2,0,8,2,4,2,0,0,4,0,0,0,0,0,34,0,34,34,0,238,73,29,34,0,0,68,0,0,0,0,0
41,0,1,0.0,0,0,360,3.4897640333042546e-11,3.327293995880609e-11,4.1675551898379126e-11,2.0101698083863084e-12,0e0,3.370548284920005e-11,8.886225089099753e-12,1.84456894203322e-11,3.2416069828400396e-11,0e0,0e0,2.76649814168195e-11,0e0,0e0,0e0,0e0,0e0,6,2,2,2,0,8,2,4,2,0,0,4,0,0,0,0,0,34,0,34,34,0,238,73,29,34,0,0,68,0,0,0,0,0
41,0,1,0.0,0,0,480,4.1522341120980855e-14,0e0,1.176836406102666e-13,2.1538326677728037e-13,0e0,6.838973831690964e-14,4.440892098500626e-15,6.012967901369848e-13,5.773159728050814e-15,0e0,0e0,7.105427357601002e-14,0e0,0e0,0e0,0e0,0e0,6,2,2,2,0,8,2,4,2,0,0,4,0,0,0,0,0,34,0,34,34,0,238,73,29,34,0,0,68,0,0,0,0,0
41,0,1,0.0,0,0,600,4.263256414560601e-14,1.7763568394002505e-15,1.0880185641326534e-13,2.1538326677728037e-13,0e0,7.194245199571014e-14,1.865174681370263e-14,5.195843755245733e-13,9.325873406851315e-15,0e0,0e0,8.526512829121202e-14,0e0,0e0,0e0,0e0,0e0,6,2,2,2,0,8,2,4,2,0,0,4,0,0,0,0,0,34,0,34,34,0,238,73,29,34,0,0,68,0,0,0,0,0
41,0,1,0.0,0,0,720,4.374278717023117e-14,0e0,1.0880185641326534e-13,2.1538326677728037e-13,0e0,9.14823772291129e-14,1.865174681370263e-14,5.808686864838819e-13,9.325873406851315e-15,0e0,0e0,7.105427357601002e-14,0e0,0e0,0e0,0e0,0e0,6,2,2,2,0,8,2,4,2,0,0,4,0,0,0,0,0,34,0,34,34,0,238,73,29,34,0,0,68,0,0,0,0,0
41,0,1,0.0,0,0,840,3.885780586188048e-14,1.7763568394002505e-15,1.0880185641326534e-13,2.1538326677728037e-13,0e0,8.43769498715119e-14,7.993605777301127e-15,6.012967901369848e-13,1.176836406102666e-14,0e0,0e0,7.105427357601002e-14,0e0,0e0,0e0,0e0,0e0,6,2,2,2,0,8,2,4,2,0,0,4,0,0,0,0,0,34,0,34,34,0,238,73,29,34,0,0,68,0,0,0,0,0
41,0,1,0.0,0,0,960,4.596323321948148e-14,1.7763568394002505e-15,1.0880185641326534e-13,2.1538326677728037e-13,0e0,8.43769498715119e-14,1.865174681370263e-14,5.409006575973763e-13,1.176836406102666e-14,0e0,0e0,6.750155989720952e-14,0e0,0e0,0e0,0e0,0e0,6,2,2,2,0,8,2,4,2,0,0,4,0,0,0,0,0,34,0,34,34,0,238,73,29,34,0,0,68,0,0,0,0,0
41,0,1,0.0,0,0,1080,5.928590951498336e-14,2.6645352591003757e-15,1.0880185641326534e-13,2.318145675417327e-13,0e0,8.526512829121202e-14,1.865174681370263e-14,5.808686864838819e-13,1.176836406102666e-14,0e0,0e0,7.105427357601002e-14,0e0,0e0,0e0,0e0,0e0,6,2,2,2,0,8,2,4,2,0,0,4,0,0,0,0,0,34,0,34,34,0,238,73,29,34,0,0,68,0,0,0,0,0
41,0,1,0.0,0,0,1200,6.750155989720952e-14,3.552713678800501e-15,1.0880185641326534e-13,2.453592884421596e-13,0e0,1.1191048088221578e-13,1.865174681370263e-14,5.631051180898794e-13,5.773159728050814e-15,0e0,0e0,7.105427357601002e-14,0e0,0e0,0e0,0e0,0e0,6,2,2,2,0,8,2,4,2,0,0,4,0,0,0,0,0,34,0,34,34,0,238,73,29,34,0,0,68,0,0,0,0,0
41,0,1,0.0,0,1,1320,2.4424906541753444e-14,3.952393967665557e-14,9.880984919163893e-14,5.473399511402022e-13,2.7755575615628914e-14,0e0,0e0,7.904787935331115e-14,0e0,1.4921397450962104e-13,7.105427357601002e-15,6.039613253960852e-14,0e0,0e0,1.9184653865522705e-13,3.055333763768431e-13,0e0,2,4,2,6,2,0,0,2,0,2,2,4,0,0,2,4,0,0,102,92,6,34,0,10,62,0,26,112,34,0,0,42,24,0
41,0,1,0.0,0,1,1440,2.4424906541753444e-14,4.285460875053104e-14,1.1035616864774056e-13,6.59916565837193e-13,4.929390229335695e-14,0e0,0e0,7.904787935331115e-14,0e0,1.5010215292932116e-13,7.105427357601002e-15,9.592326932761353e-14,0e0,0e0,1.9184653865522705e-13,2.7000623958883807e-13,0e0,2,4,2,6,2,0,0,2,0,2,2,4,0,0,2,4,0,0,102,92,6,34,0,10,62,0,26,112,34,0,0,42,24,0
41,0,1,0.0,0,1,1560,4.196643033083092e-14,5.395683899678261e-14,8.903988657493755e-14,6.086242620995108e-13,2.6867397195928788e-14,0e0,0e0,7.904787935331115e-14,0e0,1.4921397450962104e-13,2.1316282072803006e-14,6.039613253960852e-14,0e0,0e0,2.4513724383723456e-13,3.907985046680551e-13,0e0,2,4,2,6,2,0,0,2,0,2,2,4,0,0,2,4,0,0,102,92,6,34,0,10,62,0,26,112,34,0,0,42,24,0
41,0,1,0.0,0,1,1680,5.995204332975845e-14,1.8607337892717624e-13,9.525713551283843e-14,7.58726415028832e-13,9.769962616701378e-15,0e0,0e0,9.325873406851315e-14,0e0,1.1013412404281553e-13,3.197442310920451e-14,7.460698725481052e-14,0e0,0e0,1.9539925233402755e-13,4.121147867408581e-13,0e0,2,4,2,6,2,0,0,2,0,2,2,4,0,0,2,4,0,0,102,92,6,34,0,10,62,0,26,112,34,0,0,42,24,0
41,0,1,0.0,0,1,1800,3.1530333899354446e-14,4.196643033083092e-14,1.1035616864774056e-13,6.530331830845171e-13,5.617728504603292e-14,0e0,0e0,1.1901590823981678e-13,0e0,1.4921397450962104e-13,2.1316282072803006e-14,6.039613253960852e-14,0e0,0e0,1.9184653865522705e-13,3.055333763768431e-13,0e0,2,4,2,6,2,0,0,2,0,2,2,4,0,0,2,4,0,0,102,92,6,34,0,10,62,0,26,112,34,0,0,42,24,0
41,0,1,0.0,0,1,1920,2.0872192862952943e-14,9.903189379656396e-14,1.192379528447418e-13,7.289724379688778e-13,6.927791673660977e-14,0e0,0e0,9.592326932761353e-14,0e0,9.325873406851315e-14,3.552713678800501e-15,7.460698725481052e-14,0e0,0e0,1.9184653865522705e-13,2.3092638912203256e-13,0e0,2,4,2,6,2,0,0,2,0,2,2,4,0,0,2,4,0,0,102,92,6,34,0,10,62,0,26,112,34,0,0,42,24,0
41,0,1,0.0,0,1,2040,3.4861002973229915e-14,1.1302070390684094e-13,1.0169642905566434e-13,6.961098364399732e-13,4.6407322429331543e-14,0e0,0e0,7.904787935331115e-14,0e0,1.2523315717771766e-13,7.105427357601002e-15,1.3145040611561853e-13,0e0,0e0,1.9184653865522705e-13,2.7000623958883807e-13,0e0,2,4,2,6,2,0,0,2,0,2,2,4,0,0,2,4,0,0,102,92,6,34,0,10,62,0,26,112,34,0,0,42,24,0
41,0,1,0.0,0,1,2160,5.995204332975845e-14,1.6187051699034782e-13,8.903988657493755e-14,8.708589405159728e-13,1.532107773982716e-14,0e0,0e0,7.904787935331115e-14,0e0,1.0658141036401503e-13,1.1368683772161603e-13,1.0302869668521453e-13,0e0,0e0,1.8118839761882555e-13,2.913225216616411e-13,0e0,2,4,2,6,2,0,0,2,0,2,2,4,0,0,2,4,0,0,102,92,6,34,0,10,62,0,26,112,34,0,0,42,24,0
41,0,1,0.0,0,1,2280,8.881784197001252e-15,1.7541523789077473e-13,1.4432899320127035e-13,8.58424442640171e-13,1.0524914273446484e-13,0e0,0e0,1.5276668818842154e-13,0e0,2.6645352591003757e-13,7.815970093361102e-14,2.0961010704922955e-13,0e0,0e0,7.460698725481052e-14,2.5934809855243657e-13,0e0,2,4,2,6,2,0,0,2,0,2,2,4,0,0,2,4,0,0,102,92,6,34,0,10,62,0,26,112,34,0,0,42,24,0
41,0,1,0.0,0,1,2400,1.2928813575285858e-8,2.2176755543057425e-8,9.553615010204908e-9,1.7582338474042558e-8,1.0191833377248827e-8,0e0,0e0,6.491308823797226e-9,0e0,1.130347371258722e-8,1.5273496245526985e-8,1.794058590576242e-8,0e0,0e0,1.2507211266665763e-8,1.83545232346205e-8,0e0,2,4,2,6,2,0,0,2,0,2,2,4,0,0,2,4,0,0,102,92,6,34,0,10,62,0,26,112,34,0,0,42,24,0
41,0,1,0.0,0,2,2520,1.9531931627625454e-10,3.3115243880388334e-10,3.343445520442856e-10,1.326654341937683e-10,2.577986712992697e-10,4.987237289810764e-10,3.445670415658242e-10,0e0,0e0,0e0,0e0,0e0,4.861056002170017e-10,5.292433158388121e-10,7.200071650004247e-10,0e0,0e0,2,4,4,2,2,4,2,0,0,0,0,0,4,4,4,0,0,0,68,68,0,34,102,64,0,0,34,38,0,34,68,34,0,0
41,0,1,0.0,0,2,2640,3.197442310920451e-14,2.7755575615628914e-14,5.484501741648273e-14,4.263256414560601e-14,9.992007221626409e-15,6.217248937900877e-15,1.509903313490213e-14,0e0,0e0,0e0,0e0,0e0,1.1812772982011666e-13,1.758593271006248e-13,1.0658141036401503e-13,0e0,0e0,2,4,4,2,2,4,2,0,0,0,0,0,4,4,4,0,0,0,68,68,0,34,102,64,0,0,34,38,0,34,68,34,0,0
41,0,1,0.0,0,2,2760,3.197442310920451e-14,4.618527782440651e-14,4.796163466380676e-14,2.4868995751603507e-14,1.9984014443252818e-14,5.329070518200751e-15,3.2862601528904634e-14,0e0,0e0,0e0,0e0,0e0,1.021405182655144e-13,8.526512829121202e-14,2.984279490192421e-13,0e0,0e0,2,4,4,2,2,4,2,0,0,0,0,0,4,4,4,0,0,0,68,68,0,34,102,64,0,0,34,38,0,34,68,34,0,0
41,0,1,0.0,0,2,2880,3.108624468950438e-14,2.708944180085382e-14,5.284661597215745e-14,3.552713678800501e-14,7.327471962526033e-15,2.930988785010413e-14,3.2862601528904634e-14,0e0,0e0,0e0,0e0,0e0,1.1812772982011666e-13,1.0835776720341528e-13,9.592326932761353e-14,0e0,0e0,2,4,4,2,2,4,2,0,0,0,0,0,4,4,4,0,0,0,68,68,0,34,102,64,0,0,34,38,0,34,68,34,0,0
41,0,1,0.0,0,2,3000,3.197442310920451e-14,2.9753977059954195e-14,4.285460875053104e-14,2.4868995751603507e-14,1.4432899320127035e-14,4.440892098500626e-15,3.2862601528904634e-14,0e0,0e0,0e0,0e0,0e0,1.2168044349891716e-13,9.237055564881302e-14,1.4210854715202004e-13,0e0,0e0,2,4,4,2,2,4,2,0,0,0,0,0,4,4,4,0,0,0,68,68,0,34,102,64,0,0,34,38,0,34,68,34,0,0
41,0,1,0.0,0,2,3120,3.108624468950438e-14,7.838174553853605e-14,5.88418203051333e-14,2.930988785010413e-14,1.9984014443252818e-14,1.4210854715202004e-14,1.1546319456101628e-14,0e0,0e0,0e0,0e0,0e0,1.127986593019159e-13,1.2612133559741778e-13,2.7355895326763857e-13,0e0,0e0,2,4,4,2,2,4,2,0,0,0,0,0,4,4,4,0,0,0,68,68,0,34,102,64,0,0,34,38,0,34,68,34,0,0
41,0,1,0.0,0,2,3240,9.681144774731365e-14,6.263878304935133e-13,8.497647030480948e-13,2.4868995751603507e-13,1.4144241333724494e-13,1.219468970248272e-12,2.1760371282653068e-13,0e0,0e0,0e0,0e0,0e0,1.1834977442504169e-13,8.79296635503124e-13,1.3002932064409833e-12,0e0,0e0,2,4,4,2,2,4,2,0,0,0,0,0,4,4,4,0,0,0,68,68,0,34,102,64,0,0,34,38,0,34,68,34,0,0
41,0,1,0.0,0,2,3360,2.4355006900123044e-9,5.271562297792798e-9,1.0238326186851054e-8,3.764538014650043e-9,7.660612144633205e-10,1.5617128035216865e-8,1.702087359944926e-9,0e0,0e0,0e0,0e0,0e0,2.8244930838638993e-9,7.745023289373876e-9,7.870671225873593e-9,0e0,0e0,2,4,4,2,2,4,2,0,0,0,0,0,4,4,4,0,0,0,68,68,0,34,102,64,0,0,34,38,0,34,68,34,0,0
41,0,1,0.0,0,2,3480,1.509903313490213e-13,9.747758156208874e-14,4.1455727739503345e-13,1.4921397450962104e-13,5.329070518200751e-15,4.503064587879635e-13,1.1812772982011666e-13,0e0,0e0,0e0,0e0,0e0,2.1405099914773018e-13,1.4299672557172016e-13,3.979039320256561e-13,0e0,0e0,2,4,4,2,2,4,2,0,0,0,0,0,4,4,4,0,0,0,68,68,0,34,102,64,0,0,34,38,0,34,68,34,0,0
41,0,1,0.0,0,2,3600,1.3961543032792179e-10,3.032032402927598e-10,4.920122087526124e-10,1.5583268009322637e-10,4.760680738513656e-11,7.917924094158479e-10,6.897238336023293e-11,0e0,0e0,0e0,0e0,0e0,1.5318724067014955e-10,3.9057646006313007e-10,3.475584264833742e-10,0e0,0e0,2,4,4,2,2,4,2,0,0,0,0,0,4,4,4,0,0,0,68,68,0,34,102,64,0,0,34,38,0,34,68,34,0,0
41,0,1,0.0,1,0,120,9.435561551640603e-6,9.394498761139403e-6,1.1085404025834578e-5,2.452177216838436e-7,0e0,9.714124395543422e-6,2.5511764079055865e-6,5.067929890856249e-6,8.90109333795408e-6,0e0,0e0,7.966861119257374e-6,0e0,0e0,0e0,0e0,0e0,6,2,2,2,0,8,2,4,2,0,0,4,0,0,0,0,0,34,0,34,34,0,238,74,28,34,0,0,68,0,0,0,0,0
41,0,1,0.0,1,0,240,6.792795148591324e-8,6.363814009091584e-8,7.51054809455809e-8,1.6598253882449399e-9,0e0,6.48814673098741e-8,1.75635443966371e-8,3.451709051915941e-8,6.402979835229416e-8,0e0,0e0,5.5062997716959217e-8,0e0,0e0,0e0,0e0,0e0,6,2,2,2,0,8,2,4,2,0,0,4,0,0,0,0,0,34,0,34,34,0,238,73,29,34,0,0,68,0,0,0,0,0
41,0,1,0.0,1,0,360,3.4897640333042546e-11,3.327293995880609e-11,4.1675551898379126e-11,2.0101698083863084e-12,0e0,3.370548284920005e-11,8.886225089099753e-12,1.84456894203322e-11,3.2416069828400396e-11,0e0,0e0,2.76649814168195e-11,0e0,0e0,0e0,0e0,0e0,6,2,2,2,0,8,2,4,2,0,0,4,0,0,0,0,0,34,0,34,34,0,238,73,29,34,0,0,68,0,0,0,0,0
41,0,1,0.0,1,0,480,4.1522341120980855e-14,0e0,1.176836406102666e-13,2.1538326677728037e-13,0e0,6.838973831690964e-14,4.440892098500626e-15,6.012967901369848e-13,5.773159728050814e-15,0e0,0e0,7.105427357601002e-14,0e0,0e0,0e0,0e0,0e0,6,2,2,2,0,8,2,4,2,0,0,4,0,0,0,0,0,34,0,34,34,0,238,73,29,34,0,0,68,0,0,0,0,0
41,0,1,0.0,1,0,600,4.263256414560601e-14,1.7763568394002505e-15,1.0880185641326534e-13,2.1538326677728037e-13,0e0,7.194245199571014e-14,1.865174681370263e-14,5.195843755245733e-13,9.325873406851315e-15,0e0,0e0,8.526512829121202e-14,0e0,0e0,0e0,0e0,0e0,6,2,2,2,0,8,2,4,2,0,0,4,0,0,0,0,0,34,0,34,34,0,238,73,29,34,0,0,68,0,0,0,0,0
41,0,1,0.0,1,0,720,4.374278717023117e-14,0e0,1.0880185641326534e-13,2.1538326677728037e-13,0e0,9.14823772291129e-14,1.865174681370263e-14,5.808686864838819e-13,9.325873406851315e-15,0e0,0e0,7.105427357601002e-14,0e0,0e0,0e0,0e0,0e0,6,2,2,2,0,8,2,4,2,0,0,4,0,0,0,0,0,34,0,34,34,0,238,73,29,34,0,0,68,0,0,0,0,0
41,0,1,0.0,1,0,840,3.885780586188048e-14,1.7763568394002505e-15,1.0880185641326534e-13,2.1538326677728037e-13,0e0,8.43769498715119e-14,7.993605777301127e-15,6.012967901369848e-13,1.176836406102666e-14,0e0,0e0,7.105427357601002e-14,0e0,0e0,0e0,0e0,0e0,6,2,2,2,0,8,2,4,2,0,0,4,0,0,0,0,0,34,0,34,34,0,238,73,29,34,0,0,68,0,0,0,0,0
41,0,1,0.0,1,0,960,4.596323321948148e-14,1.7763568394002505e-15,1.0880185641326534e-13,2.1538326677728037e-13,0e0,8.43769498715119e-14,1.865174681370263e-14,5.409006575973763e-13,1.176836406102666e-14,0e0,0e0,6.750155989720952e-14,0e0,0e0,0e0,0e0,0e0,6,2,2,2,0,8,2,4,2,0,0,4,0,0,0,0,0,34,0,34,34,0,238,73,29,34,0,0,68,0,0,0,0,0
41,0,1,0.0,1,0,1080,5.928590951498336e-14,2.6645352591003757e-15,1.0880185641326534e-13,2.318145675417327e-13,0e0,8.526512829121202e-14,1.865174681370263e-14,5.808686864838819e-13,1.176836406102666e-14,0e0,0e0,7.105427357601002e-14,0e0,0e0,0e0,0e0,0e0,6,2,2,2,0,8,2,4,2,0,0,4,0,0,0,0,0,34,0,34,34,0,238,73,29,34,0,0,68,0,0,0,0,0
41,0,1,0.0,1,0,1200,6.750155989720952e-14,3.552713678800501e-15,1.0880185641326534e-13,2.453592884421596e-13,0e0,1.1191048088221578e-13,1.865174681370263e-14,5.631051180898794e-13,5.773159728050814e-15,0e0,0e0,7.105427357601002e-14,0e0,0e0,0e0,0e0,0e0,6,2,2,2,0,8,2,4,2,0,0,4,0,0,0,0,0,34,0,34,34,0,238,73,29,34,0,0,68,0,0,0,0,0
41,0,1,0.0,1,1,1320,2.4424906541753444e-14,3.952393967665557e-14,9.880984919163893e-14,5.473399511402022e-13,2.7755575615628914e-14,0e0,0e0,7.904787935331115e-14,0e0,1.4921397450962104e-13,7.105427357601002e-15,6.039613253960852e-14,0e0,0e0,1.9184653865522705e-13,3.055333763768431e-13,0e0,2,4,2,6,2,0,0,2,0,2,2,4,0,0,2,4,0,0,102,92,6,34,0,10,62,0,26,112,34,0,0,42,24,0
41,0,1,0.0,1,1,1440,2.4424906541753444e-14,4.285460875053104e-14,1.1035616864774056e-13,6.59916565837193e-13,4.929390229335695e-14,0e0,0e0,7.904787935331115e-14,0e0,1.5010215292932116e-13,7.105427357601002e-15,9.592326932761353e-14,0e0,0e0,1.9184653865522705e-13,2.7000623958883807e-13,0e0,2,4,2,6,2,0,0,2,0,2,2,4,0,0,2,4,0,0,102,92,6,34,0,10,62,0,26,112,34,0,0,42,24,0
41,0,1,0.0,1,1,1560,4.196643033083092e-14,5.395683899678261e-14,8.903988657493755e-14,6.086242620995108e-13,2.6867397195928788e-14,0e0,0e0,7.904787935331115e-14,0e0,1.4921397450962104e-13,2.1316282072803006e-14,6.039613253960852e-14,0e0,0e0,2.4513724383723456e-13,3.907985046680551e-13,0e0,2,4,2,6,2,0,0,2,0,2,2,4,0,0,2,4,0,0,102,92,6,34,0,10,62,0,26,112,34,0,0,42,24,0
41,0,1,0.0,1,1,1680,5.995204332975845e-14,1.8607337892717624e-13,9.525713551283843e-14,7.58726415028832e-13,9.769962616701378e-15,0e0,0e0,9.325873406851315e-14,0e0,1.1013412404281553e-13,3.197442310920451e-14,7.460698725481052e-14,0e0,0e0,1.9539925233402755e-13,4.121147867408581e-13,0e0,2,4,2,6,2,0,0,2,0,2,2,4,0,0,2,4,0,0,102,92,6,34,0,10,62,0,26,112,34,0,0,42,24,0
41,0,1,0.0,1,1,1800,3.1530333899354446e-14,4.196643033083092e-14,1.1035616864774056e-13,6.530331830845171e-13,5.617728504603292e-14,0e0,0e0,1.1901590823981678e-13,0e0,1.4921397450962104e-13,2.1316282072803006e-14,6.039613253960852e-14,0e0,0e0,1.9184653865522705e-13,3.055333763768431e-13,0e0,2,4,2,6,2,0,0,2,0,2,2,4,0,0,2,4,0,0,102,92,6,34,0,10,62,0,26,112,34,0,0,42,24,0
41,0,1,0.0,1,1,1920,2.0872192862952943e-14,9.903189379656396e-14,1.192379528447418e-13,7.289724379688778e-13,6.927791673660977e-14,0e0,0e0,9.592326932761353e-14,0e0,9.325873406851315e-14,3.552713678800501e-15,7.460698725481052e-14,0e0,0e0,1.9184653865522705e-13,2.3092638912203256e-13,0e0,2,4,2,6,2,0,0,2,0,2,2,4,0,0,2,4,0,0,102,92,6,34,0,10,62,0,26,112,34,0,0,42,24,0
41,0,1,0.0,1,1,2040,3.4861002973229915e-14,1.1302070390684094e-13,1.0169642905566434e-13,6.961098364399732e-13,4.6407322429331543e-14,0e0,0e0,7.904787935331115e-14,0e0,1.2523315717771766e-13,7.105427357601002e-15,1.3145040611561853e-13,0e0,0e0,1.9184653865522705e-13,2.7000623958883807e-13,0e0,2,4,2,6,2,0,0,2,0,2,2,4,0,0,2,4,0,0,102,92,6,34,0,10,62,0,26,112,34,0,0,42,24,0
41,0,1,0.0,1,1,2160,5.995204332975845e-14,1.6187051699034782e-13,8.903988657493755e-14,8.708589405159728e-13,1.532107773982716e-14,0e0,0e0,7.904787935331115e-14,0e0,1.0658141036401503e-13,1.1368683772161603e-13,1.0302869668521453e-13,0e0,0e0,1.8118839761882555e-13,2.913225216616411e-13,0e0,2,4,2,6,2,0,0,2,0,2,2,4,0,0,2,4,0,0,102,92,6,34,0,10,62,0,26,112,34,0,0,42,24,0
41,0,1,0.0,1,1,2280,8.881784197001252e-15,1.7541523789077473e-13,1.4432899320127035e-13,8.58424442640171e-13,1.0524914273446484e-13,0e0,0e0,1.5276668818842154e-13,0e0,2.6645352591003757e-13,7.815970093361102e-14,2.0961010704922955e-13,0e0,0e0,7.460698725481052e-14,2.5934809855243657e-13,0e0,2,4,2,6,2,0,0,2,0,2,2,4,0,0,2,4,0,0,102,92,6,34,0,10,62,0,26,112,34,0,0,42,24,0
41,0,1,0.0,1,1,2400,1.2928813575285858e-8,2.2176755543057425e-8,9.553615010204908e-9,1.7582338474042558e-8,1.0191833377248827e-8,0e0,0e0,6.491308823797226e-9,0e0,1.130347371258722e-8,1.5273496245526985e-8,1.794058590576242e-8,0e0,0e0,1.2507211266665763e-8,1.83545232346205e-8,0e0,2,4,2,6,2,0,0,2,0,2,2,4,0,0,2,4,0,0,102,92,6,34,0,10,62,0,26,112,34,0,0,42,24,0
41,0,1,0.0,1,2,2520,1.3283000388497612e-7,2.7605886554482595e-7,3.699133288570522e-8,5.706926486936936e-8,1.0139714579082693e-7,1.485439522497245e-7,5.4251317216369443e-8,0e0,0e0,0e0,0e0,0e0,2.827893741397247e-8,1.502827462473988e-8,9.252687505068025e-9,0e0,0e0,2,4,4,2,2,4,2,0,0,0,0,0,4,4,4,0,0,0,68,68,0,34,102,64,0,0,34,38,0,34,68,34,0,0
41,0,1,0.0,1,2,2640,1.9466738798712413e-7,4.1868553068979963e-7,4.853444437458165e-7,3.9444596566795553e-7,2.4241565732552317e-7,1.465059312977246e-6,2.757800849906289e-7,0e0,0e0,0e0,0e0,0e0,4.10100776448985e-7,4.367824288920019e-7,2.8481160185833687e-7,0e0,0e0,2,4,4,2,2,4,2,0,0,0,0,0,4,4,4,0,0,0,68,68,0,34,102,65,0,0,34,37,0,34,68,34,0,0
41,0,1,0.0,1,2,2760,2.662237577055748e-7,1.230895974035917e-7,9.299723879863109e-9,8.824245334437819e-9,2.7557059079086343e-8,2.595542598626821e-7,1.9554212471462051e-7,0e0,0e0,0e0,0e0,0e0,1.6556025350666914e-7,1.1162987423318782e-7,5.554923276918089e-8,0e0,0e0,2,4,4,2,2,4,2,0,0,0,0,0,4,4,4,0,0,0,68,68,0,34,102,64,0,0,34,38,0,34,68,34,0,0
41,0,1,0.0,1,2,2880,1.5488321736256694e-10,4.454392410480068e-11,2.5872948228311543e-10,5.285727411319385e-11,6.008644692911957e-10,1.198063870333499e-10,6.81268375046784e-11,0e0,0e0,0e0,0e0,0e0,4.5644554802493076e-10,1.403828164825427e-10,1.7816148556448752e-10,0e0,0e0,2,4,4,2,2,4,2,0,0,0,0,0,4,4,4,0,0,0,68,68,0,34,102,64,0,0,34,38,0,34,68,34,0,0
41,0,1,0.0,1,2,3000,8.383516103549482e-12,6.040057343170702e-12,3.448796803695586e-11,4.943601084050897e-12,4.586597768252432e-11,3.539657456030909e-11,2.440714297335944e-12,0e0,0e0,0e0,0e0,0e0,2.0252244326002256e-11,3.8112624167752074e-11,9.606537787476555e-12,0e0,0e0,2,4,4,2,2,4,2,0,0,0,0,0,4,4,4,0,0,0,68,68,0,34,102,64,0,0,34,38,0,34,68,34,0,0
41,0,1,0.0,1,2,3120,1.27631238910908e-12,1.219913059458122e-12,4.0778491694482e-12,5.515587986337778e-13,4.997335878442755e-12,3.1858959914643492e-12,5.009326287108706e-13,0e0,0e0,0e0,0e0,0e0,2.5297541839108817e-12,4.410694032230822e-12,1.1937117960769683e-12,0e0,0e0,2,4,4,2,2,4,2,0,0,0,0,0,4,4,4,0,0,0,68,68,0,34,102,64,0,0,34,38,0,34,68,34,0,0
41,0,1,0.0,1,2,3240,1.3728409840041422e-6,9.467098820437059e-7,5.48737492778173e-7,6.770474101358559e-7,9.946856494025269e-8,2.8866704155916523e-6,1.4144430906526395e-6,0e0,0e0,0e0,0e0,0e0,3.7098545924152404e-7,1.5337332825993144e-7,3.5628918837460333e-7,0e0,0e0,2,4,4,2,2,4,2,0,0,0,0,0,4,4,4,0,0,0,68,68,0,34,102,65,0,0,34,37,0,34,68,34,0,0
41,0,1,0.0,1,2,3360,4.2839550573603447e-7,9.430600727000638e-7,1.8234114662618595e-7,8.915680496102141e-7,1.010666403900018e-7,1.268801440801326e-6,5.799668798545099e-7,0e0,0e0,0e0,0e0,0e0,1.72058308045564e-7,2.277297674879719e-7,3.7975314981508745e-7,0e0,0e0,2,4,4,2,2,4,2,0,0,0,0,0,4,4,4,0,0,0,68,68,0,34,102,64,0,0,34,38,0,34,68,34,0,0
41,0,1,0.0,1,2,3480,9.919531862578879e-11,2.4442026180793164e-10,2.1786861204020624e-10,5.31814592363844e-11,2.3608892618653954e-11,5.807887504261089e-10,6.853984046983896e-11,0e0,0e0,0e0,0e0,0e0,1.7433210430795043e-10,1.6145218495466906e-10,1.4370726830748026e-10,0e0,0e0,2,4,4,2,2,4,2,0,0,0,0,0,4,4,4,0,0,0,68,68,0,34,102,64,0,0,34,38,0,34,68,34,0,0
41,0,1,0.0,1,2,3600,9.539924405999045e-12,8.596989786724407e-11,4.9846571315015353e-11,4.2246206533036457e-11,1.6537438085606482e-11,1.1689493817357288e-10,4.505196216086915e-11,0e0,0e0,0e0,0e0,0e0,8.13973333180229e-11,4.524025598584558e-11,2.034603596712259e-10,0e0,0e0,2,4,4,2,2,4,2,0,0,0,0,0,4,4,4,0,0,0,68,68,0,34,102,64,0,0,34,38,0,34,68,34,0,0
41,0,1,0.3,0,0,120,4.411644931678893e-3,1.5997722584870644e-4,2.1264841343509033e-3,3.826582833426073e-3,0e0,1.608122543530044e-3,1.151672631749534e-4,6.59757115499815e-4,5.090101649329881e-5,0e0,0e0,2.077067274512956e-4,0e0,0e0,0e0,0e0,0e0,6,2,2,2,0,8,2,4,2,0,0,4,0,0,0,0,0,26,8,34,33,0,238,68,35,34,0,0,68,0,0,0,0,0
41,0,1,0.3,0,0,240,4.394083531224169e-3,1.659068093431415e-4,2.1520567970583215e-3,3.8118123775348067e-3,0e0,1.6055140661137557e-3,1.1733315204764949e-4,6.644915556535125e-4,4.6816692702122964e-5,0e0,0e0,2.0728334857267328e-4,0e0,0e0,0e0,0e0,0e0,6,2,2,2,0,8,2,4,2,0,0,4,0,0,0,0,0,26,8,34,33,0,238,68,35,34,0,0,68,0,0,0,0,0
41,0,1,0.3,0,0,360,4.3921272408624645e-3,1.66693269420648e-4,2.1549853263422847e-3,3.8105897256173193e-3,0e0,1.604981169293751e-3,1.1762478152377298e-4,6.651259609498084e-4,4.626111103789299e-5,0e0,0e0,2.069137462967774e-4,0e0,0e0,0e0,0e0,0e0,6,2,2,2,0,8,2,4,2,0,0,4,0,0,0,0,0,26,8,34,33,0,238,68,35,34,0,0,68,0,0,0,0,0
41,0,1,0.3,0,0,480,4.392048100271495e-3,1.6672717356414068e-4,2.1551236714003608e-3,3.810521971900016e-3,0e0,1.6049560225610549e-3,1.1764035116357263e-4,6.65148334519472e-4,4.62342354694556e-5,0e0,0e0,2.06896776035137e-4,0e0,0e0,0e0,0e0,0e0,6,2,2,2,0,8,2,4,2,0,0,4,0,0,0,0,0,26,8,34,33,0,238,68,35,34,0,0,68,0,0,0,0,0
41,0,1,0.3,0,0,600,4.3920446405536495e-3,1.6672932179062627e-4,2.1551308454945683e-3,3.810521971900016e-3,0e0,1.6049554768642338e-3,1.1764058399421629e-4,6.651516960118897e-4,4.623288214133936e-5,0e0,0e0,2.0689755274361232e-4,0e0,0e0,0e0,0e0,0e0,6,2,2,2,0,8,2,4,2,0,0,4,0,0,0,0,0,26,8,34,33,0,238,68,35,34,0,0,68,0,0,0,0,0
41,0,1,0.3,0,0,720,4.392047663714038e-3,1.6672932179062627e-4,2.155130263417959e-3,3.810521971900016e-3,0e0,1.6049554768642338e-3,1.1764035116357263e-4,6.651516960118897e-4,4.6233500597736565e-5,0e0,0e0,2.068957419396611e-4,0e0,0e0,0e0,0e0,0e0,6,2,2,2,0,8,2,4,2,0,0,4,0,0,0,0,0,26,8,34,33,0,238,68,35,34,0,0,68,0,0,0,0,0
41,0,1,0.3,0,0,840,4.392043254483724e-3,1.6672752099111676e-4,2.155125723220408e-3,3.810519876424223e-3,0e0,1.6049668109872073e-3,1.1764035116357263e-4,6.651516960118897e-4,4.62342354694556e-5,0e0,0e0,2.0689626580860931e-4,0e0,0e0,0e0,0e0,0e0,6,2,2,2,0,8,2,4,2,0,0,4,0,0,0,0,0,26,8,34,33,0,238,68,35,34,0,0,68,0,0,0,0,0
41,0,1,0.3,0,0,960,4.392053266201401e-3,1.6672863785061054e-4,2.155130263417959e-3,3.810519876424223e-3,0e0,1.6049504782813528e-3,1.1763977545342641e-4,6.651498224528041e-4,4.6233500597736565e-5,0e0,0e0,2.0689325538114645e-4,0e0,0e0,0e0,0e0,0e0,6,2,2,2,0,8,2,4,2,0,0,4,0,0,0,0,0,26,8,34,33,0,238,68,35,34,0,0,68,0,0,0,0,0
41,0,1,0.3,0,0,1080,4.392043254483724e-3,1.6672752099111676e-4,2.155115711502731e-3,3.8105195271782577e-3,0e0,1.6049716631414412e-3,1.1764035116357263e-4,6.651530675299e-4,4.623411905413377e-5,0e0,0e0,2.0689703524112701e-4,0e0,0e0,0e0,0e0,0e0,6,2,2,2,0,8,2,4,2,0,0,4,0,0,0,0,0,26,8,34,33,0,238,68,35,34,0,0,68,0,0,0,0,0
41,0,1,0.3,0,0,1200,4.392055143398466e-3,1.667403612373164e-4,2.155159701942466e-3,3.810530120972544e-3,0e0,1.6049146236127854e-3,1.1763389920815825e-4,6.651521580351982e-4,4.623299855666119e-5,0e0,0e0,2.068899530058843e-4,0e0,0e0,0e0,0e0,0e0,6,2,2,2,0,8,2,4,2,0,0,4,0,0,0,0,0,26,8,34,33,0,238,68,35,34,0,0,68,0,0,0,0,0
41,0,1,0.3,0,1,1320,2.1469818893820047e-3,9.7945486959361e-4,1.577285675011808e-4,7.361587166087702e-3,4.965776824974455e-4,0e0,0e0,3.595651105570141e-4,0e0,1.5998007875168696e-3,8.417291392106563e-4,2.631755244692613e-3,0e0,0e0,4.908663795504253e-4,1.2935910599480849e-3,0e0,2,4,2,6,2,0,0,2,0,2,2,4,0,0,2,4,0,0,102,82,2,32,2,20,66,0,34,102,34,0,0,46,22,0
41,0,1,0.3,0,1,1440,2.156430418835953e-3,9.823755535762757e-4,1.5768785669934005e-4,7.351022548391484e-3,4.940304570482112e-4,0e0,0e0,3.6229476245353e-4,0e0,1.5769453893881291e-3,8.454410926788114e-4,2.6589369217617786e-3,0e0,0e0,4.8036105727078393e-4,1.2930782031617127e-3,0e0,2,4,2,6,2,0,0,2,0,2,2,4,0,0,2,4,0,0,102,82,2,32,2,20,66,0,34,102,34,0,0,46,22,0
41,0,1,0.3,0,1,1560,2.156415837816894e-3,9.823729324125452e-4,1.5769007222843356e-4,7.3510169895598665e-3,4.940299786539981e-4,0e0,0e0,3.6229474790161476e-4,0e0,1.5769671881571412e-3,8.454322596662678e-4,2.658903895280673e-3,0e0,0e0,4.8037461237981915e-4,1.2930894990859088e-3,0e0,2,4,2,6,2,0,0,2,0,2,2,4,0,0,2,4,0,0,102,82,2,32,2,20,66,0,34,102,34,0,0,46,22,0
41,0,1,0.3,0,1,1680,2.156414440833032e-3,9.823702421272174e-4,1.5769007222843356e-4,7.351010586717166e-3,4.940260805597063e-4,0e0,0e0,3.6229335091775283e-4,0e0,1.5769704477861524e-3,8.454326089122333e-4,2.658908086232259e-3,0e0,0e0,4.8038020031526685e-4,1.2930909542774316e-3,0e0,2,4,2,6,2,0,0,2,0,2,2,4,0,0,2,4,0,0,102,82,2,32,2,20,66,0,34,102,34,0,0,46,22,0
41,0,1,0.3,0,1,1800,2.156415837816894e-3,9.823718264669878e-4,1.576893209858099e-4,7.351027554250322e-3,4.940309354424244e-4,0e0,0e0,3.6229474790161476e-4,0e0,1.5769696765346453e-3,8.454326089122333e-4,2.658903895280673e-3,0e0,0e0,4.803788033314049e-4,1.2930843404319603e-3,0e0,2,4,2,6,2,0,0,2,0,2,2,4,0,0,2,4,0,0,102,82,2,32,2,20,66,0,34,102,34,0,0,46,22,0
41,0,1,0.3,0,1,1920,2.1564152266364545e-3,9.82371642749058e-4,1.5769012861710507e-4,7.351025429670699e-3,4.940309354424244e-4,0e0,0e0,3.6229474790161476e-4,0e0,1.5769655583426356e-3,8.454355192952789e-4,2.658899308698892e-3,0e0,0e0,4.803718184120953e-4,1.2930856501043309e-3,0e0,2,4,2,6,2,0,0,2,0,2,2,4,0,0,2,4,0,0,102,82,2,32,2,20,66,0,34,102,34,0,0,46,22,0
41,0,1,0.3,0,1,2040,2.15641749673523e-3,9.823729324125452e-4,1.5768975208629854e-4,7.3510189686203375e-3,4.940299786539981e-4,0e0,0e0,3.6229474790161476e-4,0e0,1.5769671881571412e-3,8.454355192952789e-4,2.65890489663434e-3,0e0,0e0,4.8037461237981915e-4,1.2930888588016387e-3,0e0,2,4,2,6,2,0,0,2,0,2,2,4,0,0,2,4,0,0,102,82,2,32,2,20,66,0,34,102,34,0,0,46,22,0
41,0,1,0.3,0,1,2160,2.156416274374351e-3,9.823707205214305e-4,1.5768975208629854e-4,7.351011809078045e-3,4.940350154356565e-4,0e0,0e0,3.6229393299436197e-4,0e0,1.5769662568345666e-3,8.454355192952789e-4,2.658903499650478e-3,0e0,0e0,4.8037461237981915e-4,1.2930901684740093e-3,0e0,2,4,2,6,2,0,0,2,0,2,2,4,0,0,2,4,0,0,102,82,2,32,2,20,66,0,34,102,34,0,0,46,22,0
41,0,1,0.3,0,1,2280,2.15641749673523e-3,9.823731506912736e-4,1.5769068340887316e-4,7.351013264269568e-3,4.94025087391492e-4,0e0,0e0,3.6229335091775283e-4,0e0,1.5769668825669214e-3,8.454322596662678e-4,2.658909483216121e-3,0e0,0e0,4.803760093636811e-4,1.2930909542774316e-3,0e0,2,4,2,6,2,0,0,2,0,2,2,4,0,0,2,4,0,0,102,82,2,32,2,20,66,0,34,102,34,0,0,46,22,0
41,0,1,0.3,0,1,2400,2.1564144117292017e-3,9.823707205214305e-4,1.576893209858099e-4,7.351020482019521e-3,4.940299786539981e-4,0e0,0e0,3.6229474790161476e-4,0e0,1.5769721940159798e-3,8.454358685412444e-4,2.6589090875859256e-3,0e0,0e0,4.8037461237981915e-4,1.2930901684740093e-3,0e0,2,4,2,6,2,0,0,2,0,2,2,4,0,0,2,4,0,0,102,82,2,32,2,20,66,0,34,102,34,0,0,46,22,0
41,0,1,0.3,0,2,2520,1.5934461553115398e-3,1.332138039288111e-3,1.077886889106594e-3,1.0241387426503934e-3,4.223371623083949e-3,2.2151476969156647e-5,3.904200391843915e-3,0e0,0e0,0e0,0e0,0e0,5.419063774752431e-3,7.025834274827503e-4,2.493589316145517e-3,0e0,0e0,2,4,4,2,2,4,2,0,0,0,0,0,4,4,4,0,0,0,68,68,0,34,102,46,0,0,34,56,0,34,68,34,0,0
41,0,1,0.3,0,2,2640,1.5959726879373193e-3,1.344989737845026e-3,1.068658231815789e-3,1.0294323437847197e-3,4.2123570456169546e-3,2.2034194216757896e-5,3.8815931184217334e-3,0e0,0e0,0e0,0e0,0e0,5.447801129776053e-3,6.928889524715487e-4,2.496507528121583e-3,0e0,0e0,2,4,4,2,2,4,2,0,0,0,0,0,4,4,4,0,0,0,68,68,0,34,102,46,0,0,34,56,0,34,68,34,0,0
41,0,1,0.3,0,2,2760,1.5959873853717e-3,1.3449761099764146e-3,1.0686736786738038e-3,1.0294425519532524e-3,4.212418629322201e-3,2.2033451159586548e-5,3.881580545566976e-3,0e0,0e0,0e0,0e0,0e0,5.447739065857604e-3,6.928979564690962e-4,2.4964727635961026e-3,0e0,0e0,2,4,4,2,2,4,2,0,0,0,0,0,4,4,4,0,0,0,68,68,0,34,102,46,0,0,34,56,0,34,68,34,0,0
41,0,1,0.3,0,2,2880,1.5959873853717e-3,1.3449761099764146e-3,1.0686736786738038e-3,1.0294425519532524e-3,4.212420753901824e-3,2.2033692403056193e-5,3.8815846492070705e-3,0e0,0e0,0e0,0e0,0e0,5.447745468700305e-3,6.928969669388607e-4,2.496475412044674e-3,0e0,0e0,2,4,4,2,2,4,2,0,0,0,0,0,4,4,4,0,0,0,68,68,0,34,102,46,0,0,34,56,0,34,68,34,0,0
41,0,1,0.3,0,2,3000,1.5959873853717e-3,1.3449761099764146e-3,1.0686754249036312e-3,1.0294425519532524e-3,4.212411411572248e-3,2.2033451159586548e-5,3.8815868319943547e-3,0e0,0e0,0e0,0e0,0e0,5.447739065857604e-3,6.928954790055286e-4,2.4964727635961026e-3,0e0,0e0,2,4,4,2,2,4,2,0,0,0,0,0,4,4,4,0,0,0,68,68,0,34,102,46,0,0,34,56,0,34,68,34,0,0
41,0,1,0.3,0,2,3120,1.5959873853717e-3,1.3449761099764146e-3,1.0686754249036312e-3,1.0294425519532524e-3,4.2124088504351676e-3,2.203375697718002e-5,3.881580545566976e-3,0e0,0e0,0e0,0e0,0e0,5.447746400022879e-3,6.928979564690962e-4,2.4964727635961026e-3,0e0,0e0,2,4,4,2,2,4,2,0,0,0,0,0,4,4,4,0,0,0,68,68,0,34,102,46,0,0,34,56,0,34,68,34,0,0
41,0,1,0.3,0,2,3240,1.5959890151862055e-3,1.3449761099764146e-3,1.0686731548048556e-3,1.029440747515764e-3,4.212414234643802e-3,2.2033610548533034e-5,3.8815846492070705e-3,0e0,0e0,0e0,0e0,0e0,5.447747331345454e-3,6.928979564690962e-4,2.496475412044674e-3,0e0,0e0,2,4,4,2,2,4,2,0,0,0,0,0,4,4,4,0,0,0,68,68,0,34,102,46,0,0,34,56,0,34,68,34,0,0
41,0,1,0.3,0,2,3360,1.5959873853717e-3,1.3449753314489499e-3,1.0686736786738038e-3,1.0294425519532524e-3,4.212410975014791e-3,2.2033692403056193e-5,3.881580545566976e-3,0e0,0e0,0e0,0e0,0e0,5.447746400022879e-3,6.928979564690962e-4,2.496475412044674e-3,0e0,0e0,2,4,4,2,2,4,2,0,0,0,0,0,4,4,4,0,0,0,68,68,0,34,102,46,0,0,34,56,0,34,68,34,0,0
41,0,1,0.3,0,2,3480,1.5959873853717e-3,1.3449757607304491e-3,1.0686736786738038e-3,1.0294425519532524e-3,4.212414234643802e-3,2.2033692403056193e-5,3.881580545566976e-3,0e0,0e0,0e0,0e0,0e0,5.447745468700305e-3,6.928979564690962e-4,2.496475412044674e-3,0e0,0e0,2,4,4,2,2,4,2,0,0,0,0,0,4,4,4,0,0,0,68,68,0,34,102,46,0,0,34,56,0,34,68,34,0,0
41,0,1,0.3,0,2,3600,1.5959873853717e-3,1.3449761099764146e-3,1.0686731548048556e-3,1.029440747515764e-3,4.212414234643802e-3,2.2033610548533034e-5,3.8815846492070705e-3,0e0,0e0,0e0,0e0,0e0,5.447745468700305e-3,6.928979564690962e-4,2.496475412044674e-3,0e0,0e0,2,4,4,2,2,4,2,0,0,0,0,0,4,4,4,0,0,0,68,68,0,34,102,46,0,0,34,56,0,34,68,34,0,0
41,0,1,0.3,1,0,120,4.411644931678893e-3,1.5997722584870644e-4,2.1264841343509033e-3,3.826582833426073e-3,0e0,1.608122543530044e-3,1.151672631749534e-4,6.59757115499815e-4,5.090101649329881e-5,0e0,0e0,2.077067274512956e-4,0e0,0e0,0e0,0e0,0e0,6,2,2,2,0,8,2,4,2,0,0,4,0,0,0,0,0,26,8,34,33,0,238,68,35,34,0,0,68,0,0,0,0,0
41,0,1,0.3,1,0,240,4.394083531224169e-3,1.659068093431415e-4,2.1520567970583215e-3,3.8118123775348067e-3,0e0,1.6055140661137557e-3,1.1733315204764949e-4,6.644915556535125e-4,4.6816692702122964e-5,0e0,0e0,2.0728334857267328e-4,0e0,0e0,0e0,0e0,0e0,6,2,2,2,0,8,2,4,2,0,0,4,0,0,0,0,0,26,8,34,33,0,238,68,35,34,0,0,68,0,0,0,0,0
41,0,1,0.3,1,0,360,4.3921272408624645e-3,1.66693269420648e-4,2.1549853263422847e-3,3.8105897256173193e-3,0e0,1.604981169293751e-3,1.1762478152377298e-4,6.651259609498084e-4,4.626111103789299e-5,0e0,0e0,2.069137462967774e-4,0e0,0e0,0e0,0e0,0e0,6,2,2,2,0,8,2,4,2,0,0,4,0,0,0,0,0,26,8,34,33,0,238,68,35,34,0,0,68,0,0,0,0,0
41,0,1,0.3,1,0,480,2.5194849295075983e-3,4.056040706927888e-4,1.4357816689880565e-3,3.1594830797985196e-3,0e0,1.590108901837084e-3,4.367928227111406e-5,9.97063059003267e-4,1.0185759720116039e-5,0e0,0e0,1.321292606917268e-4,0e0,0e0,0e0,0e0,0e0,6,2,2,2,0,8,2,4,2,0,0,4,0,0,0,0,0,32,2,34,34,0,226,81,33,34,0,0,68,0,0,0,0,0
41,0,1,0.3,1,0,600,1.830768253057613e-3,2.1144077254575677e-4,2.696514238778036e-4,5.801440420327708e-4,0e0,1.3478635705723718e-3,8.271459773823153e-5,1.0996306373272091e-3,2.1333139920898248e-4,0e0,0e0,4.140857345191762e-5,0e0,0e0,0e0,0e0,0e0,6,2,2,2,0,8,2,4,2,0,0,4,0,0,0,0,0,31,3,34,34,0,231,75,34,34,0,0,68,0,0,0,0,0
41,0,1,0.3,1,0,720,1.3053884531473159e-3,1.954741273948457e-4,1.2355706985545112e-4,5.006979481549934e-4,0e0,1.090837372430542e-3,4.882944922428578e-4,3.1513862995780073e-4,1.0238026789011201e-5,0e0,0e0,3.997396856902924e-5,0e0,0e0,0e0,0e0,0e0,6,2,2,2,0,8,2,4,2,0,0,4,0,0,0,0,0,32,2,34,34,0,238,68,34,34,0,0,68,0,0,0,0,0
41,0,1,0.3,1,0,840,1.1600271809584228e-3,2.0219836369506083e-4,7.44640592529322e-5,6.086759458412416e-5,0e0,1.0936450348708604e-3,3.6785212796530686e-4,3.266136409365572e-4,3.91793655580841e-5,0e0,0e0,9.483292501499818e-6,0e0,0e0,0e0,0e0,0e0,6,2,2,2,0,8,2,4,2,0,0,4,0,0,0,0,0,33,1,34,34,0,233,73,34,34,0,0,68,0,0,0,0,0
41,0,1,0.3,1,0,960,7.699861221226456e-4,1.2666473048739135e-4,1.0924752314167563e-4,1.048670804948415e-5,0e0,9.001806843116356e-4,4.320167499827221e-4,1.7544625734444708e-4,9.170784323941916e-6,0e0,0e0,3.076210731478568e-6,0e0,0e0,0e0,0e0,0e0,6,2,2,2,0,8,2,4,2,0,0,4,0,0,0,0,0,34,0,34,34,0,242,64,34,34,0,0,68,0,0,0,0,0
41,0,1,0.3,1,0,1080,3.763839299608662e-4,1.1412085223128088e-4,8.951407653512433e-5,1.049178968060005e-5,0e0,8.130649732720485e-4,4.438506221049465e-4,1.1084908965131035e-4,1.0253858135911287e-5,0e0,0e0,1.2259901495781378e-5,0e0,0e0,0e0,0e0,0e0,6,2,2,2,0,8,2,4,2,0,0,4,0,0,0,0,0,34,0,34,34,0,246,60,34,34,0,0,68,0,0,0,0,0
41,0,1,0.3,1,0,1200,3.732314816602411e-4,8.04673272796208e-5,1.0296247455698904e-4,1.579083209435339e-5,0e0,6.314688339443819e-4,3.59737518010661e-4,9.073212459043134e-5,9.44427415561222e-6,0e0,0e0,6.725229070525529e-6,0e0,0e0,0e0,0e0,0e0,6,2,2,2,0,8,2,4,2,0,0,4,0,0,0,0,0,34,0,34,34,0,242,64,34,34,0,0,68,0,0,0,0,0
41,0,1,0.3,1,1,1320,5.7268554883194156e-5,5.939183256487013e-4,1.2858800910180435e-3,1.8884943674493115e-3,7.459083008143352e-6,0e0,0e0,1.1653284018393606e-3,0e0,2.48981753429689e-4,2.5102523068198934e-4,6.829804374319792e-4,0e0,0e0,4.430180670169648e-4,1.2191900896141306e-3,0e0,2,4,2,6,2,0,0,2,0,2,2,4,0,0,2,4,0,0,104,100,4,34,0,0,64,0,26,117,34,0,0,34,27,0
41,0,1,0.3,1,1,1440,2.943684648926137e-6,4.713380518523991e-4,1.1609869688982144e-3,6.362037318012881e-4,9.55897178300802e-7,0e0,0e0,2.9351297962421086e-4,0e0,1.5678547424613498e-4,3.4943423088407144e-4,8.686052733537508e-4,0e0,0e0,2.5118334633589257e-4,9.214559468091466e-4,0e0,2,4,2,6,2,0,0,2,0,2,2,4,0,0,2,4,0,0,106,90,4,34,0,8,64,0,29,114,34,0,0,38,23,0
41,0,1,0.3,1,1,1560,1.5620849808328785e-5,4.59058041087701e-4,1.007606158964336e-3,3.7067785868316605e-4,6.301207548631282e-6,0e0,0e0,9.54662104959425e-5,0e0,1.2088665425835643e-4,4.3731683399528265e-4,9.90208101029566e-4,0e0,0e0,1.8958485270559322e-4,7.462769317498896e-4,0e0,2,4,2,6,2,0,0,2,0,2,2,4,0,0,2,4,0,0,106,89,4,34,0,9,64,0,30,113,34,0,0,39,22,0
41,0,1,0.3,1,1,1680,3.460572952462826e-5,4.679595699599304e-4,8.422491446253844e-4,2.9860564274919454e-4,8.035133816974849e-6,0e0,0e0,5.363000195757195e-5,0e0,1.1897463264176622e-4,4.8819129733601585e-4,1.0167121054109884e-3,0e0,0e0,1.6792597671155818e-4,6.752293302270118e-4,0e0,2,4,2,6,2,0,0,2,0,2,2,4,0,0,2,4,0,0,106,88,4,34,0,10,64,0,30,113,34,0,0,40,21,0
41,0,1,0.3,1,1,1800,5.0002674470306374e-5,4.924395498164813e-4,7.138903310988098e-4,2.619920461484071e-4,7.544563118244696e-6,0e0,0e0,3.8109444631118095e-5,0e0,1.2187848369649146e-4,5.145877657923847e-4,1.0070858133985894e-3,0e0,0e0,1.5359989902208326e-4,6.369443690346088e-4,0e0,2,4,2,6,2,0,0,2,0,2,2,4,0,0,2,4,0,0,107,86,4,34,0,11,64,0,31,112,34,0,0,40,21,0
41,0,1,0.3,1,1,1920,6.164717160572764e-5,5.230682918409002e-4,6.261437301873229e-4,2.3796477250925818e-4,6.838126466846006e-6,0e0,0e0,3.273348875154625e-5,0e0,1.241548452526331e-4,5.265061481622979e-4,9.861547932814574e-4,0e0,0e0,1.4032378703632276e-4,6.104416879679775e-4,0e0,2,4,2,6,2,0,0,2,0,2,2,4,0,0,2,4,0,0,108,85,4,34,0,11,64,0,31,112,34,0,0,41,20,0
41,0,1,0.3,1,1,2040,7.047189683362376e-5,5.546127849811455e-4,5.689647732651792e-4,2.2222697214147047e-4,6.307515718617651e-6,0e0,0e0,3.2949559681583196e-5,0e0,1.256484756595455e-4,5.284060898702592e-4,9.607633328414522e-4,0e0,0e0,1.2775005779985804e-4,5.904299723624717e-4,0e0,2,4,2,6,2,0,0,2,0,2,2,4,0,0,2,4,0,0,109,84,4,34,0,11,64,0,31,112,34,0,0,41,20,0
41,0,1,0.3,1,1,2160,7.715835999988485e-5,5.848986938872258e-4,5.324701087374706e-4,2.1275868402881315e-4,5.98105154381301e-6,0e0,0e0,3.6063286643184256e-5,0e0,1.2648805750359315e-4,5.233808769844472e-4,9.334257192676887e-4,0e0,0e0,1.1630375411186833e-4,5.751151002186816e-4,0e0,2,4,2,6,2,0,0,2,0,2,2,4,0,0,2,4,0,0,110,82,4,34,0,12,64,0,31,111,34,0,0,42,20,0
41,0,1,0.3,1,1,2280,8.227426951634698e-5,6.131098170953919e-4,5.092358478577808e-4,2.07928172812899e-4,5.818665783863253e-6,0e0,0e0,4.0336781239602715e-5,0e0,1.267337047465844e-4,5.139205168234184e-4,9.055643640749622e-4,0e0,0e0,1.0627320170897292e-4,5.633449109154753e-4,0e0,2,4,2,6,2,0,0,2,0,2,2,4,0,0,2,4,0,0,111,81,4,34,0,12,64,0,31,111,34,0,0,43,19,0
41,0,1,0.3,1,1,2400,8.632332537672482e-5,6.389682257577078e-4,4.94094561872771e-4,2.0636721853861673e-4,5.771599205672828e-6,0e0,0e0,4.4745551349478774e-5,0e0,1.264622296730522e-4,5.019897798774764e-4,8.781578108028043e-4,0e0,0e0,9.776060664989927e-5,5.542366197914816e-4,0e0,2,4,2,6,2,0,0,2,0,2,2,4,0,0,2,4,0,0,111,80,4,34,0,13,64,0,31,111,34,0,0,43,19,0
41,0,1,0.3,1,2,2520,1.296270522288978e-3,9.32160838829077e-5,1.0330142540624365e-3,4.1293687900179066e-5,3.3767606364563107e-3,4.406376278893731e-4,2.848943695425987e-4,0e0,0e0,0e0,0e0,0e0,1.1114315575468936e-3,8.867848446243443e-4,3.655713508123881e-4,0e0,0e0,2,4,4,2,2,4,2,0,0,0,0,0,4,4,4,0,0,0,68,68,0,34,102,58,0,0,34,44,0,34,68,34,0,0
41,0,1,0.3,1,2,2640,1.1838283680845052e-3,1.349233735368216e-4,7.261090504471213e-4,2.9929658012406435e-5,3.6837105872109532e-3,4.264587460056646e-4,9.145074363914318e-5,0e0,0e0,0e0,0e0,0e0,7.946666282805381e-4,2.84335159449256e-4,2.395518324647128e-4,0e0,0e0,2,4,4,2,2,4,2,0,0,0,0,0,4,4,4,0,0,0,68,68,0,34,102,58,0,0,34,44,0,34,68,34,0,0
41,0,1,0.3,1,2,2760,1.1035748175345361e-3,1.6983072404741506e-4,3.723295590134512e-4,4.181200074526714e-5,3.603679593652487e-3,4.4381305042406893e-4,1.2201593199279159e-4,0e0,0e0,0e0,0e0,0e0,7.726736384938704e-4,2.4887883500923635e-4,2.1273424158607668e-4,0e0,0e0,2,4,4,2,2,4,2,0,0,0,0,0,4,4,4,0,0,0,68,68,0,34,102,57,0,0,34,45,0,34,68,34,0,0
41,0,1,0.3,1,2,2880,1.003237150143832e-3,1.7647120409947092e-4,1.5892424909225156e-4,5.633334058074979e-5,3.3638733439147472e-3,4.7967776936275186e-4,1.49589770444436e-4,0e0,0e0,0e0,0e0,0e0,7.791624375386164e-4,2.401838514742849e-4,2.0491954546741908e-4,0e0,0e0,2,4,4,2,2,4,2,0,0,0,0,0,4,4,4,0,0,0,68,68,0,34,102,57,0,0,34,45,0,34,68,34,0,0
41,0,1,0.3,1,2,3000,9.402302093803883e-4,1.7105253937188536e-4,8.026502018765314e-5,6.97355199008598e-5,2.8465205687098205e-3,5.892426406717277e-4,1.6429414972662926e-4,0e0,0e0,0e0,0e0,0e0,7.984086769283749e-4,2.5477594294898154e-4,2.0752725595230004e-4,0e0,0e0,2,4,4,2,2,4,2,0,0,0,0,0,4,4,4,0,0,0,68,68,0,34,102,57,0,0,34,45,0,34,68,34,0,0
41,0,1,0.3,1,2,3120,9.032789093907923e-4,2.908409987867344e-4,8.82593557207656e-5,8.21417743281927e-5,1.3335432449821383e-3,7.644361066923011e-4,2.2278329561231658e-4,0e0,0e0,0e0,0e0,0e0,8.767458712100051e-4,3.3687043924146565e-4,2.3876620070950594e-4,0e0,0e0,2,4,4,2,2,4,2,0,0,0,0,0,4,4,4,0,0,0,68,68,0,34,102,56,0,0,34,46,0,34,68,34,0,0
41,0,1,0.3,1,2,3240,6.999517208896577e-4,6.400032980309334e-4,1.3108391692639998e-4,9.355013753520325e-5,3.750778000721766e-5,5.863702003807703e-4,7.588948756165337e-5,0e0,0e0,0e0,0e0,0e0,3.91784942621598e-4,2.2063772325964237e-4,1.6092130545075634e-4,0e0,0e0,2,4,4,2,2,4,2,0,0,0,0,0,4,4,4,0,0,0,60,68,0,34,110,59,0,0,34,43,0,34,68,34,0,0
41,0,1,0.3,1,2,3360,4.3832413211930543e-4,7.045838019621442e-4,1.1849817178699595e-4,1.0572034989309032e-4,3.256590525779757e-5,6.500634904114122e-4,3.920217932318337e-5,0e0,0e0,0e0,0e0,0e0,2.992819263454294e-4,1.9645694419523352e-4,1.4216644785847166e-4,0e0,0e0,2,4,4,2,2,4,2,0,0,0,0,0,4,4,4,0,0,0,68,68,0,34,102,61,0,0,34,41,0,34,68,34,0,0
41,0,1,0.3,1,2,3480,2.9721783357672393e-4,7.517607837144169e-4,1.0953098922072968e-4,1.1015999643859686e-4,2.8865536023658933e-5,6.780299218007713e-4,2.936005148512777e-5,0e0,0e0,0e0,0e0,0e0,2.724061378103215e-4,1.8819929573510308e-4,1.403510000272945e-4,0e0,0e0,2,4,4,2,2,4,2,0,0,0,0,0,4,4,4,0,0,0,68,68,0,34,102,62,0,0,34,40,0,34,68,34,0,0
41,0,1,0.3,1,2,3600,2.3498960945289582e-4,7.685326843329676e-4,9.849745765677653e-5,1.1149614510941319e-4,2.5958060405173455e-5,7.009498049228569e-4,2.479382419551257e-5,0e0,0e0,0e0,0e0,0e0,2.634715910971863e-4,1.8355025440541795e-4,1.4046222804608988e-4,0e0,0e0,2,4,4,2,2,4,2,0,0,0,0,0,4,4,4,0,0,0,68,68,0,34,102,62,0,0,34,40,0,34,68,34,0,0
41,1,0,0.0,0,0,120,9.96184338873718e-4,1.3592570030596107e-4,6.19107267993968e-4,3.7258739030221477e-4,0e0,8.774524583714083e-3,2.9476015333784744e-4,2.974464005092159e-3,9.930464584613219e-4,0e0,0e0,4.7733272731420584e-4,0e0,0e0,0e0,0e0,0e0,6,2,2,2,0,8,2,4,2,0,0,4,0,0,0,0,0,34,11,34,34,0,206,78,34,34,11,0,68,0,0,0,0,0
41,1,0,0.0,0,0,240,6.019213337822293e-4,6.740351273037959e-5,5.434087433968671e-4,5.421980313258246e-4,0e0,7.785663110553287e-3,2.1666447719326243e-4,3.546655709214974e-3,6.045375994290225e-4,0e0,0e0,1.6746806409173587e-4,0e0,0e0,0e0,0e0,0e0,6,2,2,2,0,8,2,4,2,0,0,4,0,0,0,0,0,34,10,34,34,0,203,80,34,34,13,0,68,0,0,0,0,0
41,1,0,0.0,0,0,360,5.625966696243268e-4,8.058282492129365e-5,5.447676667245105e-4,5.821025006298441e-4,0e0,7.670973944186699e-3,2.1933812968200073e-4,3.6556105769705027e-3,5.787302907265257e-4,0e0,0e0,1.274865695677363e-4,0e0,0e0,0e0,0e0,0e0,6,2,2,2,0,8,2,4,2,0,0,4,0,0,0,0,0,34,10,34,34,0,202,81,34,34,13,0,68,0,0,0,0,0
41,1,0,0.0,0,0,480,5.596287978733017e-4,8.227359103329945e-5,5.451978868222795e-4,5.86044552619569e-4,0e0,7.661270698008593e-3,2.1992577239871025e-4,3.665976837510243e-3,5.773578668595292e-4,0e0,0e0,1.2405384228486582e-4,0e0,0e0,0e0,0e0,0e0,6,2,2,2,0,8,2,4,2,0,0,4,0,0,0,0,0,34,10,34,34,0,202,81,34,34,13,0,68,0,0,0,0,0
41,1,0,0.0,0,0,600,5.594990598183358e-4,8.235164932557382e-5,5.452110199257731e-4,5.862218313268386e-4,0e0,7.660837385628838e-3,2.1994817507220432e-4,3.6664389263023622e-3,5.772956101282034e-4,0e0,0e0,1.2390080274826687e-4,0e0,0e0,0e0,0e0,0e0,6,2,2,2,0,8,2,4,2,0,0,4,0,0,0,0,0,34,10,34,34,0,202,81,34,34,13,0,68,0,0,0,0,0
41,1,0,0.0,0,0,720,5.594907406702987e-4,8.235385394073091e-5,5.452153563965112e-4,5.862233847437892e-4,0e0,7.660827177460305e-3,2.1994926646584645e-4,3.6664493454736657e-3,5.772922013420612e-4,0e0,0e0,1.238983821281181e-4,0e0,0e0,0e0,0e0,0e0,6,2,2,2,0,8,2,4,2,0,0,4,0,0,0,0,0,34,10,34,34,0,202,81,34,34,13,0,68,0,0,0,0,0
41,1,0,0.0,0,0,840,5.594934427790577e-4,8.235385394073091e-5,5.452129116747528e-4,5.862233847437892e-4,0e0,7.660833922273014e-3,2.199488881160505e-4,3.6664488798123784e-3,5.772936528956052e-4,0e0,0e0,1.2389849791816232e-4,0e0,0e0,0e0,0e0,0e0,6,2,2,2,0,8,2,4,2,0,0,4,0,0,0,0,0,34,10,34,34,0,202,81,34,34,13,0,68,0,0,0,0,0
41,1,0,0.0,0,0,960,5.594976155407494e-4,8.235357290686807e-5,5.452144832815975e-4,5.862233847437892e-4,0e0,7.66083036432974e-3,2.1994786948198453e-4,3.6664487633970566e-3,5.772946678916924e-4,0e0,0e0,1.2389667165280116e-4,0e0,0e0,0e0,0e0,0e0,6,2,2,2,0,8,2,4,2,0,0,4,0,0,0,0,0,34,10,34,34,0,202,81,34,34,13,0,68,0,0,0,0,0
41,1,0,0.0,0,0,1080,5.595001762230822e-4,8.235385394073091e-5,5.452120676636696e-4,5.862233847437892e-4,0e0,7.660843060875777e-3,2.1994907729094848e-4,3.6664459694293328e-3,5.77296919800574e-4,0e0,0e0,1.2389652977162768e-4,0e0,0e0,0e0,0e0,0e0,6,2,2,2,0,8,2,4,2,0,0,4,0,0,0,0,0,34,10,34,34,0,202,81,34,34,13,0,68,0,0,0,0,0
41,1,0,0.0,0,0,1200,5.594905478574219e-4,8.235385394073091e-5,5.452148907352239e-4,5.862233847437892e-4,0e0,7.660836206923705e-3,2.199488881160505e-4,3.6664478611783125e-3,5.772938129666727e-4,0e0,0e0,1.2389849791816232e-4,0e0,0e0,0e0,0e0,0e0,6,2,2,2,0,8,2,4,2,0,0,4,0,0,0,0,0,34,10,34,34,0,202,81,34,34,13,0,68,0,0,0,0,0
41,1,0,0.0,0,1,1320,5.594895264948718e-4,8.235349469032371e-5,5.452162004075944e-4,5.862218313268386e-4,0e0,7.66084103815956e-3,2.1994730195729062e-4,3.6664520521298982e-3,5.772938129666727e-4,0e0,0e0,1.2389849791816232e-4,0e0,0e0,0e0,0e0,0e0,6,2,2,2,0,8,2,4,2,0,0,4,0,0,0,0,0,34,10,34,34,0,202,81,34,34,13,0,68,0,0,0,0,0
41,1,0,0.0,0,1,1440,5.594794820353854e-4,8.235064251493895e-5,5.452221521409228e-4,5.862220059498213e-4,0e0,7.660828094230965e-3,2.1994535927660763e-4,3.66645265603438e-3,5.7729507170734e-4,0e0,0e0,1.2389965917236623e-4,0e0,0e0,0e0,0e0,0e0,6,2,2,2,0,8,2,4,2,0,0,4,0,0,0,0,0,34,10,34,34,0,202,81,34,34,13,0,68,0,0,0,0,0
41,1,0,0.0,0,1,1560,5.595010748038476e-4,8.235320638050325e-5,5.452140467241406e-4,5.862263351446018e-4,0e0,7.660834708076436e-3,2.1994768030708656e-4,3.666449054435361e-3,5.77296919800574e-4,0e0,0e0,1.2389718460781296e-4,0e0,0e0,0e0,0e0,0e0,6,2,2,2,0,8,2,4,2,0,0,4,0,0,0,0,0,34,10,34,34,0,202,81,34,34,13,0,68,0,0,0,0,0
41,1,0,0.0,0,1,1680,5.595035268015636e-4,8.235320638050325e-5,5.452124460134655e-4,5.862263351446018e-4,0e0,7.660828217922244e-3,2.1994804410496727e-4,3.6664455619757064e-3,5.77296919800574e-4,0e0,0e0,1.2389618888164478e-4,0e0,0e0,0e0,0e0,0e0,6,2,2,2,0,8,2,4,2,0,0,4,0,0,0,0,0,34,10,34,34,0,202,81,34,34,13,0,68,0,0,0,0,0
41,1,0,0.0,0,1,1800,5.594522262981627e-4,8.234880442614667e-5,5.452318000607193e-4,5.862216930836439e-4,0e0,7.660851209948305e-3,2.1993746486259624e-4,3.666470671305433e-3,5.772989024990238e-4,0e0,0e0,1.2390170084586316e-4,0e0,0e0,0e0,0e0,0e0,6,2,2,2,0,8,2,4,2,0,0,4,0,0,0,0,0,34,10,34,34,0,202,81,34,34,13,0,68,0,0,0,0,0
41,1,0,0.0,0,1,1920,5.534713577617367e-4,8.132784296321915e-5,5.46763047168497e-4,5.864609593118075e-4,0e0,7.6648145040962845e-3,2.182996176998131e-4,3.667092023533769e-3,5.789871720480733e-4,0e0,0e0,1.248834095690654e-4,0e0,0e0,0e0,0e0,0e0,6,2,2,2,0,8,2,4,2,0,0,4,0,0,0,0,0,34,10,34,34,0,202,81,34,34,13,0,68,0,0,0,0,0
41,1,0,0.0,0,1,2040,5.594639410446689e-4,8.234994311351329e-5,5.452201730804518e-4,5.86230875342153e-4,0e0,7.660847652005032e-3,2.199430382461287e-4,3.6664537401520647e-3,5.773034208687022e-4,0e0,0e0,1.2390369991521766e-4,0e0,0e0,0e0,0e0,0e0,6,2,2,2,0,8,2,4,2,0,0,4,0,0,0,0,0,34,10,34,34,0,202,81,34,34,13,0,68,0,0,0,0,0
41,1,0,0.0,0,1,2160,5.596458895524847e-4,8.24068920337595e-5,5.451782199088484e-4,5.861836143594701e-4,0e0,7.660678071260918e-3,2.2003471531206742e-4,3.666519762191456e-3,5.77197195525514e-4,0e0,0e0,1.2386953602572248e-4,0e0,0e0,0e0,0e0,0e0,6,2,2,2,0,8,2,4,2,0,0,4,0,0,0,0,0,34,10,34,34,0,202,81,34,34,13,0,68,0,0,0,0,0
41,1,0,0.0,0,1,2280,5.563292825172539e-4,8.156174499163171e-5,5.458862287923694e-4,5.867121981282253e-4,0e0,7.6637178572127596e-3,2.1876657410757616e-4,3.665608790470287e-3,5.788733360532206e-4,0e0,0e0,1.2440024846682718e-4,0e0,0e0,0e0,0e0,0e0,6,2,2,2,0,8,2,4,2,0,0,4,0,0,0,0,0,34,10,34,34,0,202,81,34,34,13,0,68,0,0,0,0,0
41,1,0,0.0,0,1,2400,5.596697101282189e-4,8.241492560046026e-5,5.451799079310149e-4,5.86172904149862e-4,0e0,7.660618037334643e-3,2.200434246333316e-4,3.6665621009888127e-3,5.77162947593024e-4,0e0,0e0,1.23873250942097e-4,0e0,0e0,0e0,0e0,0e0,6,2,2,2,0,8,2,4,2,0,0,4,0,0,0,0,0,34,10,34,34,0,202,81,34,34,13,0,68,0,0,0,0,0
41,1,0,0.0,0,2,2520,5.594836075033527e-4,8.235129007516662e-5,5.452157638501376e-4,5.862218313268386e-4,0e0,7.660840419703163e-3,2.1994694543536752e-4,3.666444041300565e-3,5.7730327534955e-4,0e0,0e0,1.239003140085515e-4,0e0,0e0,0e0,0e0,0e0,6,2,2,2,0,8,2,4,2,0,0,4,0,0,0,0,0,34,10,34,34,0,202,81,34,34,13,0,68,0,0,0,0,0
41,1,0,0.0,0,2,2640,5.602751962214825e-4,8.271388287539594e-5,5.451528413686901e-4,5.858494841959327e-4,0e0,7.659626469830982e-3,2.2044635989004746e-4,3.667373428470455e-3,5.764896595792379e-4,0e0,0e0,1.2378651774724858e-4,0e0,0e0,0e0,0e0,0e0,6,2,2,2,0,8,2,4,2,0,0,4,0,0,0,0,0,34,10,34,34,0,202,81,34,34,13,0,68,0,0,0,0,0
41,1,0,0.0,0,2,2760,5.594726244453341e-4,8.234806227847002e-5,5.452182813314721e-4,5.862292455276474e-4,0e0,7.6608548406511545e-3,2.199406226282008e-4,3.666439399239607e-3,5.77306876948569e-4,0e0,0e0,1.239010532856355e-4,0e0,0e0,0e0,0e0,0e0,6,2,2,2,0,8,2,4,2,0,0,4,0,0,0,0,0,34,10,34,34,0,202,81,34,34,13,0,68,0,0,0,0,0
41,1,0,0.0,0,2,2880,5.61738320357108e-4,8.341673492395785e-5,5.451395918498747e-4,5.850131165061612e-4,0e0,7.657354712137021e-3,2.2141943190945312e-4,3.669260666356422e-3,5.75019781535957e-4,0e0,0e0,1.235503013390371e-4,0e0,0e0,0e0,0e0,0e0,6,2,2,2,0,8,2,4,2,0,0,4,0,0,0,0,0,34,10,34,34,0,202,81,34,34,13,0,68,0,0,0,0,0
41,1,0,0.0,0,2,3000,5.59495826564671e-4,8.235100904130377e-5,5.452130280900747e-4,5.862297111889347e-4,0e0,7.660845141799655e-3,2.199467780883424e-4,3.6664489307440817e-3,5.77298258576775e-4,0e0,0e0,1.238958712974636e-4,0e0,0e0,0e0,0e0,0e0,6,2,2,2,0,8,2,4,2,0,0,4,0,0,0,0,0,34,10,34,34,0,202,81,34,34,13,0,68,0,0,0,0,0
41,1,0,0.0,0,2,3120,5.754833910032175e-4,8.919771062210202e-5,5.457625884446315e-4,5.782381158496719e-4,0e0,7.638649869477376e-3,2.2924253426026553e-4,3.6881802807329223e-3,5.617345777864102e-4,0e0,0e0,1.222839782428764e-4,0e0,0e0,0e0,0e0,0e0,6,2,2,2,0,8,2,4,2,0,0,4,0,0,0,0,0,34,10,34,34,0,202,81,34,34,13,0,68,0,0,0,0,0
41,1,0,0.0,0,2,3240,5.595171310233127e-4,8.235838231485104e-5,5.452155310194939e-4,5.862190773768816e-4,0e0,7.660807699721772e-3,2.1995389397488907e-4,3.666460092063062e-3,5.772810909547843e-4,0e0,0e0,1.2389515802624373e-4,0e0,0e0,0e0,0e0,0e0,6,2,2,2,0,8,2,4,2,0,0,4,0,0,0,0,0,34,10,34,34,0,202,81,34,34,13,0,68,0,0,0,0,0
41,1,0,0.0,0,2,3360,5.595003076450666e-4,8.235284713009605e-5,5.452144832815975e-4,5.862263351446018e-4,0e0,7.6608384333667345e-3,2.1994730195729062e-4,3.6664478611783125e-3,5.77296919800574e-4,0e0,0e0,1.2389849791816232e-4,0e0,0e0,0e0,0e0,0e0,6,2,2,2,0,8,2,4,2,0,0,4,0,0,0,0,0,34,10,34,34,0,202,81,34,34,13,0,68,0,0,0,0,0
41,1,0,0.0,0,2,3480,5.359579658943403e-4,7.232075313368114e-5,5.448756128316745e-4,5.987701479170937e-4,0e0,7.711280370131135e-3,2.081722705042921e-4,3.63592836947646e-3,6.029971191310324e-4,0e0,0e0,1.2845491437474266e-4,0e0,0e0,0e0,0e0,0e0,6,2,2,2,0,8,2,4,2,0,0,4,0,0,0,0,0,34,9,34,34,0,203,81,34,34,13,0,68,0,0,0,0,0
41,1,0,0.0,0,2,3600,5.596562309619912e-4,8.242044168582652e-5,5.45224298548419e-4,5.86145313718589e-4,0e0,7.660538896743674e-3,2.2003561025485396e-4,3.666656804853119e-3,5.771366886619944e-4,0e0,0e0,1.238744998772745e-4,0e0,0e0,0e0,0e0,0e0,6,2,2,2,0,8,2,4,2,0,0,4,0,0,0,0,0,34,10,34,34,0,202,81,34,34,13,0,68,0,0,0,0,0
41,1,0,0.0,1,0,120,9.96184338873718e-4,1.3592570030596107e-4,6.19107267993968e-4,3.7258739030221477e-4,0e0,8.774524583714083e-3,2.9476015333784744e-4,2.974464005092159e-3,9.930464584613219e-4,0e0,0e0,4.7733272731420584e-4,0e0,0e0,0e0,0e0,0e0,6,2,2,2,0,8,2,4,2,0,0,4,0,0,0,0,0,34,11,34,34,0,206,78,34,34,11,0,68,0,0,0,0,0
41,1,0,0.0,1,0,240,6.019213337822293e-4,6.740351273037959e-5,5.434087433968671e-4,5.421980313258246e-4,0e0,7.785663110553287e-3,2.1666447719326243e-4,3.546655709214974e-3,6.045375994290225e-4,0e0,0e0,1.6746806409173587e-4,0e0,0e0,0e0,0e0,0e0,6,2,2,2,0,8,2,4,2,0,0,4,0,0,0,0,0,34,10,34,34,0,203,80,34,34,13,0,68,0,0,0,0,0
41,1,0,0.0,1,0,360,5.625966696243268e-4,8.058282492129365e-5,5.447676667245105e-4,5.821025006298441e-4,0e0,7.670973944186699e-3,2.1933812968200073e-4,3.6556105769705027e-3,5.787302907265257e-4,0e0,0e0,1.274865695677363e-4,0e0,0e0,0e0,0e0,0e0,6,2,2,2,0,8,2,4,2,0,0,4,0,0,0,0,0,34,10,34,34,0,202,81,34,34,13,0,68,0,0,0,0,0
41,1,0,0.0,1,0,480,1.8292631193617126e-4,6.62587781334878e-5,1.2872570005129091e-4,2.1725372334913118e-5,0e0,5.786269477425776e-4,2.8367547315610864e-5,4.0483224711351795e-4,7.610549073433504e-4,0e0,0e0,2.2894836422437947e-4,0e0,0e0,0e0,0e0,0e0,6,2,2,2,0,8,2,4,2,0,0,4,0,0,0,0,0,34,9,34,34,16,170,104,27,30,18,0,68,0,0,0,0,0
41,1,0,0.0,1,0,600,4.5280924041435355e-5,7.239733065489418e-6,2.0091644501007977e-5,3.49088111306628e-6,0e0,3.693972249863009e-5,1.7290061382624344e-7,1.1754805427699466e-5,3.419645651092651e-6,0e0,0e0,5.278059262536772e-6,0e0,0e0,0e0,0e0,0e0,6,2,2,2,0,8,2,4,2,0,0,4,0,0,0,0,0,34,9,34,34,14,170,106,25,34,16,1,67,0,0,0,0,0
41,1,0,0.0,1,0,720,2.5500160099056757e-6,2.688600162059629e-6,9.257988040189957e-6,8.152798187666122e-7,0e0,5.727803152666411e-6,2.7349222619932334e-6,5.784107315776055e-6,2.2841184588173746e-7,0e0,0e0,2.634686893543403e-6,0e0,0e0,0e0,0e0,0e0,6,2,2,2,0,8,2,4,2,0,0,4,0,0,0,0,0,34,10,34,34,12,170,106,26,34,16,1,67,0,0,0,0,0
41,1,0,0.0,1,0,840,1.6143512979738261e-6,3.197595788151375e-6,7.852034258348795e-7,4.8479855685457096e-8,0e0,3.200469507191883e-6,7.821978584843237e-7,3.272456126524048e-6,1.6537730473942247e-7,0e0,0e0,1.748931467204784e-6,0e0,0e0,0e0,0e0,0e0,6,2,2,2,0,8,2,4,2,0,0,4,0,0,0,0,0,34,10,34,34,12,170,105,27,34,16,1,67,0,0,0,0,0
41,1,0,0.0,1,0,960,1.5438848777193925e-6,1.85938566232835e-6,5.916898828672856e-7,1.6404144531634302e-7,0e0,2.7311925450135277e-6,8.335873928899673e-7,2.013747121054621e-6,8.936458684161153e-8,0e0,0e0,1.7115184220983792e-6,0e0,0e0,0e0,0e0,0e0,6,2,2,2,0,8,2,4,2,0,0,4,0,0,0,0,0,34,10,34,34,12,170,105,27,34,16,1,67,0,0,0,0,0
41,1,0,0.0,1,0,1080,1.2900917703007053e-6,1.5206761077024566e-6,4.76321062592433e-7,1.4337105724848698e-7,0e0,2.2607536891428026e-6,6.929485465434482e-7,1.6414380468177114e-6,7.472674923292288e-8,0e0,0e0,1.4119121800604262e-6,0e0,0e0,0e0,0e0,0e0,6,2,2,2,0,8,2,4,2,0,0,4,0,0,0,0,0,34,10,34,34,12,170,105,27,34,16,1,67,0,0,0,0,0
41,1,0,0.0,1,0,1200,1.0435507320494253e-6,1.228502156891409e-6,3.8323644702131787e-7,1.1579487413371226e-7,0e0,1.8311484248911825e-6,5.590564775559415e-7,1.3255211968044023e-6,6.063569557568371e-8,0e0,0e0,1.1452098505060349e-6,0e0,0e0,0e0,0e0,0e0,6,2,2,2,0,8,2,4,2,0,0,4,0,0,0,0,0,34,10,34,34,12,170,105,27,34,16,1,67,0,0,0,0,0
41,1,0,0.0,1,1,1320,2.7234313906276952e-6,6.935808585240011e-7,1.2406382055019094e-7,4.63461114819097e-7,0e0,3.529393578283191e-6,1.4180941310115713e-7,4.972456508767209e-6,3.2190503773676937e-7,0e0,0e0,1.7359357400437148e-6,0e0,0e0,0e0,0e0,0e0,6,2,2,2,0,8,2,4,2,0,0,4,0,0,0,0,0,34,10,34,34,12,170,106,26,34,16,2,66,0,0,0,0,0
41,1,0,0.0,1,1,1440,4.725007789474489e-7,4.604119681062002e-7,8.328044254213296e-9,7.137856616878935e-8,0e0,3.0777844157725553e-6,1.0164354780073381e-7,9.645216891840391e-7,4.336136072424779e-8,0e0,0e0,7.265131927169932e-7,0e0,0e0,0e0,0e0,0e0,6,2,2,2,0,8,2,4,2,0,0,4,0,0,0,0,0,34,10,34,34,12,170,104,28,34,16,1,67,0,0,0,0,0
41,1,0,0.0,1,1,1560,4.3195221288705454e-7,1.9895500003030975e-7,5.405093617127932e-8,3.821571525897127e-8,0e0,8.403626674535758e-7,1.0363716373973375e-7,2.9398212930686896e-7,1.1322763882049003e-7,0e0,0e0,3.2031474717086894e-7,0e0,0e0,0e0,0e0,0e0,6,2,2,2,0,8,2,4,2,0,0,4,0,0,0,0,0,34,10,34,34,12,170,104,28,34,16,1,67,0,0,0,0,0
41,1,0,0.0,1,1,1680,4.160312281342726e-7,8.16830949545988e-8,7.682925584617806e-8,2.6598215185913432e-8,0e0,5.1097037800929e-7,5.9536755969702426e-8,1.2427112139334895e-7,1.452004738666801e-7,0e0,0e0,1.0840432551617596e-7,0e0,0e0,0e0,0e0,0e0,6,2,2,2,0,8,2,4,2,0,0,4,0,0,0,0,0,34,10,34,34,12,170,104,28,34,16,1,67,0,0,0,0,0
41,1,0,0.0,1,1,1800,3.701619366580644e-7,8.685704244726367e-8,7.35590237610495e-8,1.6903838329085374e-8,0e0,3.980083764787423e-7,4.390136254528443e-8,8.716691013432865e-8,1.0606983558147931e-7,0e0,0e0,6.297636190311096e-8,0e0,0e0,0e0,0e0,0e0,6,2,2,2,0,8,2,4,2,0,0,4,0,0,0,0,0,34,10,34,34,12,170,104,28,34,16,2,66,0,0,0,0,0
41,1,0,0.0,1,1,1920,3.5540289644586665e-7,8.151285246782436e-8,6.423044851544546e-8,1.1716290160279641e-8,0e0,3.3347807271155716e-7,3.7813805420228164e-8,6.950800202076834e-8,7.950378133614322e-8,0e0,0e0,4.4197996373895876e-8,0e0,0e0,0e0,0e0,0e0,6,2,2,2,0,8,2,4,2,0,0,4,0,0,0,0,0,34,10,34,34,12,170,104,28,34,16,2,66,0,0,0,0,0
41,1,0,0.0,1,1,2040,3.5382571272890573e-7,7.103321042478683e-8,5.4869119026079716e-8,9.000215905885511e-9,0e0,2.911457990251165e-7,3.405120185817623e-8,5.845167905249582e-8,6.187477197272528e-8,0e0,0e0,3.543850723985997e-8,0e0,0e0,0e0,0e0,0e0,6,2,2,2,0,8,2,4,2,0,0,4,0,0,0,0,0,34,10,34,34,13,169,104,28,34,16,2,66,0,0,0,0,0
41,1,0,0.0,1,1,2160,3.4639126145208365e-7,7.235951215989189e-8,4.331940672841483e-8,9.254485400234103e-9,0e0,3.6593258112560534e-7,1.4606264642225142e-8,6.015390230373896e-8,3.478617216501334e-8,0e0,0e0,3.530725223299669e-8,0e0,0e0,0e0,0e0,0e0,6,2,2,2,0,8,2,4,2,0,0,4,0,0,0,0,0,34,10,34,34,13,169,104,28,34,16,1,67,0,0,0,0,0
41,1,0,0.0,1,1,2280,3.87596264639356e-6,2.1013599678099126e-6,9.905032243295864e-7,1.8122196081549191e-6,0e0,1.8442699584397815e-5,1.6037264174428856e-6,2.535529084468635e-6,1.923325427810596e-7,0e0,0e0,1.4470270315314337e-6,0e0,0e0,0e0,0e0,0e0,6,2,2,2,0,8,2,4,2,0,0,4,0,0,0,0,0,34,10,34,34,12,170,104,28,34,16,1,67,0,0,0,0,0
41,1,0,0.0,1,1,2400,1.5718011248111452e-6,8.136272029446445e-7,3.0118226135300574e-7,1.3498641937559341e-7,0e0,1.4124471533705218e-5,6.053033025921195e-7,1.462570395460716e-6,4.3339025523891905e-7,0e0,0e0,1.9646510125426175e-6,0e0,0e0,0e0,0e0,0e0,6,2,2,2,0,8,2,4,2,0,0,4,0,0,0,0,0,34,10,34,34,13,170,102,29,34,16,1,67,0,0,0,0,0
41,1,0,0.0,1,2,2520,1.3932865856602916e-6,6.595382231466829e-7,2.3441255336820177e-7,4.558773714080644e-8,0e0,9.513093608859435e-6,1.0933323935091721e-6,1.229991710260947e-6,6.176640603428041e-7,0e0,0e0,1.801969329306985e-6,0e0,0e0,0e0,0e0,0e0,6,2,2,2,0,8,2,4,2,0,0,4,0,0,0,0,0,34,10,34,34,12,170,105,27,34,16,2,66,0,0,0,0,0
41,1,0,0.0,1,2,2640,3.23992469297707e-7,1.3923519226466397e-8,5.145402504069807e-8,3.271393489434615e-8,0e0,4.039064700478434e-7,2.5195749486783825e-8,6.531591711933515e-8,2.682536148768122e-8,0e0,0e0,3.4346093968906644e-8,0e0,0e0,0e0,0e0,0e0,6,2,2,2,0,8,2,4,2,0,0,4,0,0,0,0,0,34,10,34,34,13,169,104,28,34,16,2,66,0,0,0,0,0
41,1,0,0.0,1,2,2760,7.955896741407287e-7,2.8720550560024094e-7,1.0417877049917479e-7,4.034587863799288e-8,0e0,3.1428963964685863e-6,2.840130051140477e-7,1.6890100429378663e-7,1.4941987758199105e-7,0e0,0e0,4.1858843147224434e-7,0e0,0e0,0e0,0e0,0e0,6,2,2,2,0,8,2,4,2,0,0,4,0,0,0,0,0,34,10,34,34,12,170,104,28,34,16,2,66,0,0,0,0,0
41,1,0,0.0,1,2,2880,1.375868692088389e-6,6.696600038935685e-7,2.5683347359972686e-7,5.394798279212409e-7,0e0,6.205233646028319e-6,6.041051676675124e-7,1.2661500790045466e-6,1.7080649783451918e-7,0e0,0e0,8.515472273984415e-7,0e0,0e0,0e0,0e0,0e0,6,2,2,2,0,8,2,4,2,0,0,4,0,0,0,0,0,34,10,34,34,12,170,104,28,34,16,1,67,0,0,0,0,0
41,1,0,0.0,1,2,3000,3.274350586224273e-7,7.84326488201259e-8,3.671619630551959e-8,4.426476962748893e-9,0e0,4.5537245974003326e-7,8.88609825722142e-8,3.966837258673195e-8,4.4618816197328215e-8,0e0,0e0,8.819187158337627e-8,0e0,0e0,0e0,0e0,0e0,6,2,2,2,0,8,2,4,2,0,0,4,0,0,0,0,0,34,10,34,34,12,170,104,28,34,16,2,66,0,0,0,0,0
41,1,0,0.0,1,2,3120,1.2627076604321275e-6,7.271417317156192e-7,1.9572550158386548e-7,1.4763965161534998e-8,0e0,1.3680834001661424e-5,2.287618855234541e-6,3.511571797787383e-6,1.2449495585542536e-6,0e0,0e0,3.3642482009099695e-6,0e0,0e0,0e0,0e0,0e0,6,2,2,2,0,8,2,4,2,0,0,4,0,0,0,0,0,34,10,34,34,12,170,105,27,34,16,2,66,0,0,0,0,0
41,1,0,0.0,1,2,3240,3.825630923159906e-7,7.600202422963775e-8,5.4438972441062106e-8,2.852375069473112e-8,0e0,1.6945071799057132e-6,2.9459280348476113e-8,1.9317505195459717e-7,3.2636311431133436e-8,0e0,0e0,1.82526989078724e-7,0e0,0e0,0e0,0e0,0e0,6,2,2,2,0,8,2,4,2,0,0,4,0,0,0,0,0,34,10,34,34,13,169,104,28,34,16,1,67,0,0,0,0,0
41,1,0,0.0,1,2,3360,2.2307576941216212e-7,2.463663406615524e-8,2.9345567753580326e-8,7.265036572334793e-9,0e0,1.3567792933599776e-7,2.349043359828329e-8,2.8100926030560913e-8,2.0081234453073193e-8,0e0,0e0,2.7800950874734554e-8,0e0,0e0,0e0,0e0,0e0,6,2,2,2,0,8,2,4,2,0,0,4,0,0,0,0,0,34,10,34,34,13,169,104,28,34,16,2,66,0,0,0,0,0
41,1,0,0.0,1,2,3480,2.0890379825999617e-7,2.500389673087966e-8,2.640353802263462e-8,1.0109223902432518e-8,0e0,1.445159396595841e-7,4.1191122512884704e-8,3.416239113818165e-8,2.473938942593179e-8,0e0,0e0,4.447260693041244e-8,0e0,0e0,0e0,0e0,0e0,6,2,2,2,0,8,2,4,2,0,0,4,0,0,0,0,0,34,10,34,34,12,170,104,28,34,16,2,66,0,0,0,0,0
41,1,0,0.0,1,2,3600,2.725969079619972e-5,7.88979184562777e-6,6.90700898076102e-6,1.228067742431449e-5,0e0,1.4331342197237973e-4,7.80000436861883e-6,1.6405112020834167e-5,2.028734940040522e-6,0e0,0e0,9.608787223669424e-6,0e0,0e0,0e0,0e0,0e0,6,2,2,2,0,8,2,4,2,0,0,4,0,0,0,0,0,34,10,34,34,14,171,100,29,34,16,2,66,0,0,0,0,0
41,1,0,0.3,0,0,120,9.000586986076087e-3,2.176868038077373e-4,3.888469858793542e-3,5.154679005499929e-3,0e0,1.2247904895048123e-2,8.334902813658118e-4,2.85745324799791e-3,9.682854870334268e-4,0e0,0e0,5.755662677984219e-4,0e0,0e0,0e0,0e0,0e0,6,2,2,2,0,8,2,4,2,0,0,4,0,0,0,0,0,28,21,34,28,0,197,83,40,34,11,8,60,0,0,0,0,0
41,1,0,0.3,0,0,240,9.008409266243689e-3,7.650291445315816e-5,3.5320397291798145e-3,5.615232163108885e-3,0e0,1.1391691106837243e-2,6.459072610596195e-4,3.3970955410040915e-3,8.794700843282044e-4,0e0,0e0,6.195014120748965e-4,0e0,0e0,0e0,0e0,0e0,6,2,2,2,0,8,2,4,2,0,0,4,0,0,0,0,0,27,22,34,27,0,195,84,41,34,12,10,58,0,0,0,0,0
41,1,0,0.3,0,0,360,9.009151573991403e-3,6.720623423461802e-5,3.4936984011437744e-3,5.67255902569741e-3,0e0,1.130980590096442e-2,6.274094339460135e-4,3.4620228107087314e-3,8.848309880704619e-4,0e0,0e0,6.322524805000285e-4,0e0,0e0,0e0,0e0,0e0,6,2,2,2,0,8,2,4,2,0,0,4,0,0,0,0,0,26,23,34,27,0,195,84,41,34,12,11,57,0,0,0,0,0
41,1,0,0.3,0,0,480,9.009197019622661e-3,6.685527114314027e-5,3.4921172191388905e-3,5.67491416586563e-3,0e0,1.1306550382869318e-2,6.266651616897434e-4,3.4646638232516125e-3,8.851235252222978e-4,0e0,0e0,6.32807583315298e-4,0e0,0e0,0e0,0e0,0e0,6,2,2,2,0,8,2,4,2,0,0,4,0,0,0,0,0,26,23,34,27,0,195,84,41,34,12,11,57,0,0,0,0,0
41,1,0,0.3,0,0,600,9.009202200104482e-3,6.685089283564594e-5,3.4920924808830023e-3,5.674939427990466e-3,0e0,1.1306535452604294e-2,6.266582349780947e-4,3.464689216343686e-3,8.851238235365599e-4,0e0,0e0,6.328054951154627e-4,0e0,0e0,0e0,0e0,0e0,6,2,2,2,0,8,2,4,2,0,0,4,0,0,0,0,0,26,23,34,27,0,195,84,41,34,12,11,57,0,0,0,0,0
41,1,0,0.3,0,0,720,9.009210203657858e-3,6.685089283564594e-5,3.4921060141641647e-3,5.674926040228456e-3,0e0,1.130652357096551e-2,6.266582349780947e-4,3.4646831481950358e-3,8.851238235365599e-4,0e0,0e0,6.328084091364872e-4,0e0,0e0,0e0,0e0,0e0,6,2,2,2,0,8,2,4,2,0,0,4,0,0,0,0,0,26,23,34,27,0,195,84,41,34,12,11,57,0,0,0,0,0
41,1,0,0.3,0,0,840,9.009217232232913e-3,6.685019798169378e-5,3.4921054902952164e-3,5.674929183442146e-3,0e0,1.1306511551083531e-2,6.266567797865719e-4,3.464704888756387e-3,8.851210441207513e-4,0e0,0e0,6.327997125481488e-4,0e0,0e0,0e0,0e0,0e0,6,2,2,2,0,8,2,4,2,0,0,4,0,0,0,0,0,26,23,34,27,0,195,84,41,34,12,11,57,0,0,0,0,0
41,1,0,0.3,0,0,960,8.946648929850198e-3,6.703538383590057e-5,3.4818482236005366e-3,5.685050622560084e-3,0e0,1.1351621302310377e-2,6.408652116078883e-4,3.4580526844365522e-3,8.854423649609089e-4,0e0,0e0,6.432877398765413e-4,0e0,0e0,0e0,0e0,0e0,6,2,2,2,0,8,2,4,2,0,0,4,0,0,0,0,0,26,23,34,27,0,194,84,41,34,13,11,57,0,0,0,0,0
41,1,0,0.3,0,0,1080,9.009134068037383e-3,6.68475913698785e-5,3.492081043077633e-3,5.674924002960324e-3,0e0,1.130658505280735e-2,6.266688578762114e-4,3.4647021093405783e-3,8.851176608004607e-4,0e0,0e0,6.328078125079628e-4,0e0,0e0,0e0,0e0,0e0,6,2,2,2,0,8,2,4,2,0,0,4,0,0,0,0,0,26,23,34,27,0,195,84,41,34,12,11,57,0,0,0,0,0
41,1,0,0.3,0,0,1200,9.00922621076461e-3,6.68519514874788e-5,3.492115531116724e-3,5.674928484950215e-3,0e0,1.1306511136353947e-2,6.266582349780947e-4,3.4646760468604043e-3,8.851281017996371e-4,0e0,0e0,6.328105555439834e-4,0e0,0e0,0e0,0e0,0e0,6,2,2,2,0,8,2,4,2,0,0,4,0,0,0,0,0,26,23,34,27,0,195,84,41,34,12,11,57,0,0,0,0,0
41,1,0,0.3,0,1,1320,9.000354999443516e-3,6.694687726849224e-5,3.4909933456219733e-3,5.676608765497804e-3,0e0,1.1311844369629398e-2,6.285906420089304e-4,3.463530127191916e-3,8.853021572576836e-4,0e0,0e0,6.346984155243263e-4,0e0,0e0,0e0,0e0,0e0,6,2,2,2,0,8,2,4,2,0,0,4,0,0,0,0,0,26,23,34,27,0,194,84,41,34,13,11,57,0,0,0,0,0
41,1,0,0.3,0,1,1440,9.009205576148815e-3,6.685103471681941e-5,3.4921152982860804e-3,5.674913933034986e-3,0e0,1.1306530635920353e-2,6.266571290325373e-4,3.464706795057282e-3,8.851223901729099e-4,0e0,0e0,6.328002073132666e-4,0e0,0e0,0e0,0e0,0e0,6,2,2,2,0,8,2,4,2,0,0,4,0,0,0,0,0,26,23,34,27,0,195,84,41,34,12,11,57,0,0,0,0,0
41,1,0,0.3,0,1,1560,9.022452839417383e-3,6.665476939815562e-5,3.493491152767092e-3,5.672222643624991e-3,0e0,1.1299139565380756e-2,6.238719215616584e-4,3.466470225248486e-3,8.847836434142664e-4,0e0,0e0,6.29851969279116e-4,0e0,0e0,0e0,0e0,0e0,6,2,2,2,0,8,2,4,2,0,0,4,0,0,0,0,0,26,23,34,27,0,195,84,41,34,12,11,57,0,0,0,0,0
41,1,0,0.3,0,1,1680,9.010786394355819e-3,6.679944999632426e-5,3.492168238153681e-3,5.674540007021278e-3,0e0,1.1305880660074763e-2,6.263492978177965e-4,3.4649926237761974e-3,8.850330414134078e-4,0e0,0e0,6.323543093458284e-4,0e0,0e0,0e0,0e0,0e0,6,2,2,2,0,8,2,4,2,0,0,4,0,0,0,0,0,26,23,34,27,0,195,84,41,34,12,11,57,0,0,0,0,0
41,1,0,0.3,0,1,1800,8.865955474902876e-3,7.341438686125912e-5,3.4878392762038857e-3,5.713225051295012e-3,0e0,1.136372949986253e-2,6.562097405549139e-4,3.4310027840547264e-3,8.970605995273218e-4,0e0,0e0,6.810743670939701e-4,0e0,0e0,0e0,0e0,0e0,6,2,2,2,0,8,2,4,2,0,0,4,0,0,0,0,0,26,23,34,27,0,194,84,41,34,13,11,57,0,0,0,0,0
41,1,0,0.3,0,1,1920,9.009572182549164e-3,6.68253269395791e-5,3.4920864563900977e-3,5.674805724993348e-3,0e0,1.1306476044410374e-2,6.265994161367416e-4,3.464841516688466e-3,8.850714802974835e-4,0e0,0e0,6.326570073724724e-4,0e0,0e0,0e0,0e0,0e0,6,2,2,2,0,8,2,4,2,0,0,4,0,0,0,0,0,26,23,34,27,0,195,84,41,34,12,11,57,0,0,0,0,0
41,1,0,0.3,0,1,2040,8.79144477949012e-3,8.071280717558693e-5,3.495884157018736e-3,5.742972658481449e-3,0e0,1.1374174158845562e-2,6.707831635139883e-4,3.4048162488033995e-3,9.107393707381561e-4,0e0,0e0,7.190732558228774e-4,0e0,0e0,0e0,0e0,0e0,6,2,2,2,0,8,2,4,2,0,0,4,0,0,0,0,0,27,21,34,27,0,195,84,41,34,13,11,57,0,0,0,0,0
41,1,0,0.3,0,1,2160,9.008808541693725e-3,6.687707900709938e-5,3.492118907161057e-3,5.675037391483784e-3,0e0,1.1306586777209304e-2,6.267230492085218e-4,3.464573892415501e-3,8.851725142449141e-4,0e0,0e0,6.329760853986954e-4,0e0,0e0,0e0,0e0,0e0,6,2,2,2,0,8,2,4,2,0,0,4,0,0,0,0,0,26,23,34,27,0,195,84,41,34,12,11,57,0,0,0,0,0
41,1,0,0.3,0,1,2280,9.177435902529396e-3,5.41568315384211e-5,3.474764322163537e-3,5.610059364698827e-3,0e0,1.131975009047892e-2,6.029446085449308e-4,3.5247789637651294e-3,8.614119578851387e-4,0e0,0e0,5.601607990683988e-4,0e0,0e0,0e0,0e0,0e0,6,2,2,2,0,8,2,4,2,0,0,4,0,0,0,0,0,26,23,34,27,0,195,84,41,34,12,10,58,0,0,0,0,0
41,1,0,0.3,0,1,2400,9.009644913021475e-3,6.680732622044161e-5,3.4920477482955903e-3,5.674750718753785e-3,0e0,1.1306562155368738e-2,6.265929550863802e-4,3.4648794680833817e-3,8.85048124473542e-4,0e0,0e0,6.325908270810032e-4,0e0,0e0,0e0,0e0,0e0,6,2,2,2,0,8,2,4,2,0,0,4,0,0,0,0,0,26,23,34,27,0,195,84,41,34,12,11,57,0,0,0,0,0
41,1,0,0.3,0,2,2520,8.967639994807541e-3,7.08576317265397e-5,3.498080826830119e-3,5.692985490895808e-3,0e0,1.1305251529847737e-2,6.329680909402668e-4,3.4505003422964364e-3,8.910584874683991e-4,0e0,0e0,6.513776042993413e-4,0e0,0e0,0e0,0e0,0e0,6,2,2,2,0,8,2,4,2,0,0,4,0,0,0,0,0,26,23,34,27,0,194,84,41,34,13,11,57,0,0,0,0,0
41,1,0,0.3,0,2,2640,9.00933078082744e-3,6.683593164780177e-5,3.492068382911384e-3,5.674856307450682e-3,0e0,1.1306572727335151e-2,6.266440032050014e-4,3.4647656575543806e-3,8.850925078149885e-4,0e0,0e0,6.327380760922097e-4,0e0,0e0,0e0,0e0,0e0,6,2,2,2,0,8,2,4,2,0,0,4,0,0,0,0,0,26,23,34,27,0,195,84,41,34,12,11,57,0,0,0,0,0
41,1,0,0.3,0,2,2760,8.744383725570515e-3,9.383828546560835e-5,3.5213592636864632e-3,5.785581772215664e-3,0e0,1.134320862183813e-2,6.773697969038039e-4,3.3727975969668478e-3,9.320492608821951e-4,0e0,0e0,7.629087140230695e-4,0e0,0e0,0e0,0e0,0e0,6,2,2,2,0,8,2,4,2,0,0,4,0,0,0,0,0,27,21,34,27,0,195,84,41,34,13,11,57,0,0,0,0,0
41,1,0,0.3,0,2,2880,9.009765257360414e-3,6.679937723674811e-5,3.4920460893772542e-3,5.674686864949763e-3,0e0,1.1306545020488556e-2,6.265729170991108e-4,3.464901397819631e-3,8.850339945638552e-4,0e0,0e0,6.325483300315682e-4,0e0,0e0,0e0,0e0,0e0,6,2,2,2,0,8,2,4,2,0,0,4,0,0,0,0,0,26,23,34,27,0,195,84,41,34,12,11,57,0,0,0,0,0
41,1,0,0.3,0,2,3000,9.257723242626525e-3,4.768248982145451e-5,3.4635881311260164e-3,5.5697583593428135e-3,0e0,1.1354364491126034e-2,5.962096911389381e-4,3.5566583392210305e-3,8.510189800290391e-4,0e0,0e0,5.251014554232825e-4,0e0,0e0,0e0,0e0,0e0,6,2,2,2,0,8,2,4,2,0,0,4,0,0,0,0,0,26,23,34,27,0,195,84,41,34,12,10,58,0,0,0,0,0
41,1,0,0.3,0,2,3120,9.009220273583196e-3,6.684970685455482e-5,3.4920827310997993e-3,5.674910673405975e-3,0e0,1.1306561042147223e-2,6.266600103117526e-4,3.4646774438442662e-3,8.851215752656572e-4,0e0,0e0,6.327959581540199e-4,0e0,0e0,0e0,0e0,0e0,6,2,2,2,0,8,2,4,2,0,0,4,0,0,0,0,0,26,23,34,27,0,195,84,41,34,12,11,57,0,0,0,0,0
41,1,0,0.3,0,2,3240,9.009361441712826e-3,6.683710307697766e-5,3.4920705656986684e-3,5.674849089700729e-3,0e0,1.1306534957839176e-2,6.266351701924577e-4,3.4647656575543806e-3,8.850956510286778e-4,0e0,0e0,6.327323571895249e-4,0e0,0e0,0e0,0e0,0e0,6,2,2,2,0,8,2,4,2,0,0,4,0,0,0,0,0,26,23,34,27,0,195,84,41,34,12,11,57,0,0,0,0,0
41,1,0,0.3,0,2,3360,9.007983942865394e-3,6.696118362015113e-5,3.49225802347064e-3,5.675444030202925e-3,0e0,1.130647770332871e-2,6.2683476426173e-4,3.464309425908141e-3,8.853046892909333e-4,0e0,0e0,6.333440614980645e-4,0e0,0e0,0e0,0e0,0e0,6,2,2,2,0,8,2,4,2,0,0,4,0,0,0,0,0,26,23,34,27,0,195,84,41,34,12,11,57,0,0,0,0,0
41,1,0,0.3,0,2,3480,9.009172455989756e-3,6.685056177957449e-5,3.492091258522123e-3,5.67493011476472e-3,0e0,1.130653778091073e-2,6.266639393288642e-4,3.4646886051632464e-3,8.851258098729886e-4,0e0,0e0,6.328192812361522e-4,0e0,0e0,0e0,0e0,0e0,6,2,2,2,0,8,2,4,2,0,0,4,0,0,0,0,0,26,23,34,27,0,195,84,41,34,12,11,57,0,0,0,0,0
41,1,0,0.3,0,2,3600,9.002088932902552e-3,6.748571468051523e-5,3.492892807116732e-3,5.678016517776996e-3,0e0,1.1306196465739049e-2,6.277389329625294e-4,3.462257722276263e-3,8.861902679200284e-4,0e0,0e0,6.360200295603136e-4,0e0,0e0,0e0,0e0,0e0,6,2,2,2,0,8,2,4,2,0,0,4,0,0,0,0,0,26,23,34,27,0,194,84,41,34,13,11,57,0,0,0,0,0
41,1,0,0.3,1,0,120,9.000586986076087e-3,2.176868038077373e-4,3.888469858793542e-3,5.154679005499929e-3,0e0,1.2247904895048123e-2,8.334902813658118e-4,2.85745324799791e-3,9.682854870334268e-4,0e0,0e0,5.755662677984219e-4,0e0,0e0,0e0,0e0,0e0,6,2,2,2,0,8,2,4,2,0,0,4,0,0,0,0,0,28,21,34,28,0,197,83,40,34,11,8,60,0,0,0,0,0
41,1,0,0.3,1,0,240,9.008409266243689e-3,7.650291445315816e-5,3.5320397291798145e-3,5.615232163108885e-3,0e0,1.1391691106837243e-2,6.459072610596195e-4,3.3970955410040915e-3,8.794700843282044e-4,0e0,0e0,6.195014120748965e-4,0e0,0e0,0e0,0e0,0e0,6,2,2,2,0,8,2,4,2,0,0,4,0,0,0,0,0,27,22,34,27,0,195,84,41,34,12,10,58,0,0,0,0,0
41,1,0,0.3,1,0,360,9.009151573991403e-3,6.720623423461802e-5,3.4936984011437744e-3,5.67255902569741e-3,0e0,1.130980590096442e-2,6.274094339460135e-4,3.4620228107087314e-3,8.848309880704619e-4,0e0,0e0,6.322524805000285e-4,0e0,0e0,0e0,0e0,0e0,6,2,2,2,0,8,2,4,2,0,0,4,0,0,0,0,0,26,23,34,27,0,195,84,41,34,12,11,57,0,0,0,0,0
41,1,0,0.3,1,0,480,5.67037003202131e-3,2.5293124781455845e-4,1.2625411327462643e-3,4.282132838852704e-3,0e0,2.647453780809883e-3,5.8293389884056523e-5,8.113921212498099e-4,2.1417936659418046e-3,0e0,0e0,3.588064491850673e-4,0e0,0e0,0e0,0e0,0e0,6,2,2,2,0,8,2,4,2,0,0,4,0,0,0,0,0,25,23,34,32,12,176,98,36,22,18,8,60,0,0,0,0,0
41,1,0,0.3,1,0,600,5.228310837992467e-3,1.150571724792826e-4,4.7424623335245997e-4,7.098323112586513e-4,0e0,2.2942689615774725e-3,3.4208786746603437e-4,6.429382192436606e-4,9.315987481386401e-4,0e0,0e0,1.0036738876806339e-4,0e0,0e0,0e0,0e0,0e0,6,2,2,2,0,8,2,4,2,0,0,4,0,0,0,0,0,29,21,34,34,6,175,97,34,28,18,0,68,0,0,0,0,0
41,1,0,0.3,1,0,720,1.7312828786089085e-3,1.0415530778118409e-4,7.643192020623246e-5,4.3816992547363043e-4,0e0,2.0177402117269594e-3,3.4065426734741777e-4,8.805404795566574e-4,3.3397533115930855e-5,0e0,0e0,4.012965280253411e-5,0e0,0e0,0e0,0e0,0e0,6,2,2,2,0,8,2,4,2,0,0,4,0,0,0,0,0,32,17,34,34,20,156,100,34,34,15,3,65,0,0,0,0,0
41,1,0,0.3,1,0,840,1.5811414523341227e-3,1.0222339824395021e-5,6.169926928123459e-5,3.589513580664061e-4,0e0,1.6208872212928327e-3,4.2343024688307196e-4,4.7435861779376864e-4,4.764527830047882e-6,0e0,0e0,2.0330772713350598e-5,0e0,0e0,0e0,0e0,0e0,6,2,2,2,0,8,2,4,2,0,0,4,0,0,0,0,0,34,16,34,34,22,154,99,34,34,15,0,68,0,0,0,0,0
41,1,0,0.3,1,0,960,7.720541252638213e-4,2.525535296626913e-5,1.2934798724018037e-4,3.244796098442748e-4,0e0,1.4647510743088787e-3,2.8631680106627755e-4,2.3124228209780995e-4,2.0240111666680605e-6,0e0,0e0,2.192507463405491e-5,0e0,0e0,0e0,0e0,0e0,6,2,2,2,0,8,2,4,2,0,0,4,0,0,0,0,0,34,14,34,34,22,159,99,31,34,15,0,68,0,0,0,0,0
41,1,0,0.3,1,0,1080,5.053488484918489e-4,2.5267396495110006e-5,2.1713757814723067e-4,1.6841696196934208e-4,0e0,1.4909945641647937e-3,2.9944586276542395e-4,2.604867931950139e-4,2.892093903028581e-6,0e0,0e0,2.1257145874642447e-5,0e0,0e0,0e0,0e0,0e0,6,2,2,2,0,8,2,4,2,0,0,4,0,0,0,0,0,34,12,34,34,20,163,99,32,34,14,0,68,0,0,0,0,0
41,1,0,0.3,1,0,1200,4.891369489996578e-4,1.8960210127261234e-5,2.171885826101061e-4,1.3151480379747227e-4,0e0,1.5359226249529456e-3,3.0859257094562054e-4,2.257969754282385e-4,7.074827180986176e-6,0e0,0e0,2.6248200811096467e-5,0e0,0e0,0e0,0e0,0e0,6,2,2,2,0,8,2,4,2,0,0,4,0,0,0,0,0,34,11,34,34,20,164,99,32,34,14,0,68,0,0,0,0,0
41,1,0,0.3,1,1,1320,4.891791140835267e-4,1.7901267483466654e-5,2.146331789845135e-4,1.2999712635064498e-4,0e0,1.538659706056933e-3,3.0880771555530373e-4,2.190270970459096e-4,8.760433047427796e-6,0e0,0e0,2.722959675338643e-5,0e0,0e0,0e0,0e0,0e0,6,2,2,2,0,8,2,4,2,0,0,4,0,0,0,0,0,34,11,34,34,20,164,99,32,34,14,0,68,0,0,0,0,0
41,1,0,0.3,1,1,1440,4.889613330760767e-4,1.734078182380472e-5,2.108819826389663e-4,1.3291669529280625e-4,0e0,1.5378285539782155e-3,3.073332263738848e-4,2.1629775437759236e-4,1.018357761495281e-5,0e0,0e0,2.7867776566381508e-5,0e0,0e0,0e0,0e0,0e0,6,2,2,2,0,8,2,4,2,0,0,4,0,0,0,0,0,34,11,34,34,20,164,99,32,34,14,0,68,0,0,0,0,0
41,1,0,0.3,1,1,1560,4.890944278486131e-4,1.699417362033273e-5,2.075167722068727e-4,1.362874245387502e-4,0e0,1.5365559549991303e-3,3.0563463224098086e-4,2.146850893041119e-4,1.1253792308707489e-5,0e0,0e0,2.836728106103692e-5,0e0,0e0,0e0,0e0,0e0,6,2,2,2,0,8,2,4,2,0,0,4,0,0,0,0,0,34,11,34,34,20,164,99,32,34,14,0,68,0,0,0,0,0
41,1,0,0.3,1,1,1680,4.901101756331627e-4,1.674973623266851e-5,2.0494003911153413e-4,1.3961492368252948e-4,0e0,1.5367879872769663e-3,3.0279897146101575e-4,2.1184823708608747e-4,1.1987632660748204e-5,0e0,0e0,2.9077815156597353e-5,0e0,0e0,0e0,0e0,0e0,6,2,2,2,0,8,2,4,2,0,0,4,0,0,0,0,0,34,11,34,34,20,164,99,32,34,14,0,68,0,0,0,0,0
41,1,0,0.3,1,1,1800,4.8939046155283e-4,1.642129200263298e-5,2.0170256175333634e-4,1.415140723111108e-4,0e0,1.5357161178144452e-3,3.0278297344921157e-4,2.122599798894953e-4,1.2682479791692458e-5,0e0,0e0,2.9161467011817876e-5,0e0,0e0,0e0,0e0,0e0,6,2,2,2,0,8,2,4,2,0,0,4,0,0,0,0,0,34,11,34,34,20,164,99,32,34,14,0,68,0,0,0,0,0
41,1,0,0.3,1,1,1920,4.879766493104398e-4,1.6616995935692103e-5,1.9977476767962798e-4,1.432169010513462e-4,0e0,1.5340929617195798e-3,3.0344375045388006e-4,2.1270625620672945e-4,1.2928826436109375e-5,0e0,0e0,2.93405487354903e-5,0e0,0e0,0e0,0e0,0e0,6,2,2,2,0,8,2,4,2,0,0,4,0,0,0,0,0,34,11,34,34,20,164,99,32,34,14,0,68,0,0,0,0,0
41,1,0,0.3,1,1,2040,5.107433012199181e-4,1.113715961764683e-5,1.975671693799086e-4,1.452509495720733e-4,0e0,1.5715781905782933e-3,2.774176919047022e-4,1.917932695505442e-4,1.9193850221199682e-5,0e0,0e0,3.233872098462598e-5,0e0,0e0,0e0,0e0,0e0,6,2,2,2,0,8,2,4,2,0,0,4,0,0,0,0,0,34,11,34,34,20,164,99,32,34,14,0,68,0,0,0,0,0
41,1,0,0.3,1,1,2160,4.887416289420798e-4,1.6091893485281616e-5,1.960271802090574e-4,1.4596162873203866e-4,0e0,1.5355311049916054e-3,3.009238716913387e-4,2.1065974397060927e-4,1.3275910987431416e-5,0e0,0e0,2.9946197628305526e-5,0e0,0e0,0e0,0e0,0e0,6,2,2,2,0,8,2,4,2,0,0,4,0,0,0,0,0,34,11,34,34,20,164,99,32,34,14,0,68,0,0,0,0,0
41,1,0,0.3,1,1,2280,4.928224473133014e-4,1.6255958144029137e-5,1.9562698616937269e-4,1.475665339967236e-4,0e0,1.5337850509240525e-3,2.9765649014734663e-4,2.0939295063726604e-4,1.3236025552032515e-5,0e0,0e0,3.013578594845967e-5,0e0,0e0,0e0,0e0,0e0,6,2,2,2,0,8,2,4,2,0,0,4,0,0,0,0,0,34,11,34,34,20,164,100,31,34,14,0,68,0,0,0,0,0
41,1,0,0.3,1,1,2400,4.921242241380241e-4,1.4943499536457239e-5,1.9303815679450054e-4,1.4788850967306644e-4,0e0,1.541257930739448e-3,2.9531828840845264e-4,2.0668407523771748e-4,1.372443057334749e-5,0e0,0e0,3.070925384918155e-5,0e0,0e0,0e0,0e0,0e0,6,2,2,2,0,8,2,4,2,0,0,4,0,0,0,0,0,34,11,34,34,20,164,99,32,34,14,0,68,0,0,0,0,0
41,1,0,0.3,1,2,2520,4.875025285855372e-4,1.6141963669724646e-5,1.9226205222366843e-4,1.4841165466350503e-4,0e0,1.5351113855786025e-3,3.00755760690663e-4,2.1049536189821083e-4,1.3003293133806437e-5,0e0,0e0,3.0422963902765332e-5,0e0,0e0,0e0,0e0,0e0,6,2,2,2,0,8,2,4,2,0,0,4,0,0,0,0,0,34,11,34,34,20,164,99,32,34,14,0,68,0,0,0,0,0
41,1,0,0.3,1,2,2640,5.126767036927049e-4,1.6917774701141752e-5,1.9374766998225823e-4,1.5190103295026347e-4,0e0,1.5281952596808424e-3,2.8636547358473763e-4,2.0773395408468787e-4,1.3110015061101876e-5,0e0,0e0,3.077761698477843e-5,0e0,0e0,0e0,0e0,0e0,6,2,2,2,0,8,2,4,2,0,0,4,0,0,0,0,0,34,11,34,34,20,164,100,31,34,14,0,68,0,0,0,0,0
41,1,0,0.3,1,2,2760,4.864692468800058e-4,1.5274387806130107e-5,1.8969617849506903e-4,1.4939066022634506e-4,0e0,1.540482972643531e-3,2.9882318995078094e-4,2.0845386825385503e-4,1.2975888239452615e-5,0e0,0e0,3.0959207208525186e-5,0e0,0e0,0e0,0e0,0e0,6,2,2,2,0,8,2,4,2,0,0,4,0,0,0,0,0,34,11,34,34,20,164,99,32,34,14,0,68,0,0,0,0,0
41,1,0,0.3,1,2,2880,4.8726275645094574e-4,1.594248624314787e-5,1.891703468572814e-4,1.5022019215393811e-4,0e0,1.5364487337024002e-3,2.994768165081041e-4,2.0965240764780901e-4,1.2586365301103797e-5,0e0,0e0,3.088857869215644e-5,0e0,0e0,0e0,0e0,0e0,6,2,2,2,0,8,2,4,2,0,0,4,0,0,0,0,0,34,11,34,34,20,164,99,32,34,14,0,68,0,0,0,0,0
41,1,0,0.3,1,2,3000,4.8663997904441203e-4,1.586483085702639e-5,1.882809192466084e-4,1.5051519585540518e-4,0e0,1.5371140401612138e-3,2.9961597101646475e-4,2.0954176397935953e-4,1.242345706486958e-5,0e0,0e0,3.103692381500878e-5,0e0,0e0,0e0,0e0,0e0,6,2,2,2,0,8,2,4,2,0,0,4,0,0,0,0,0,34,11,34,34,20,164,99,32,34,14,0,68,0,0,0,0,0
41,1,0,0.3,1,2,3120,4.82749409002281e-4,1.3357663647184381e-5,1.873273777164286e-4,1.498076890129596e-4,0e0,1.5567333744570533e-3,2.947804059658665e-4,2.031218846241245e-4,1.343280064247665e-5,0e0,0e0,3.2203675175423996e-5,0e0,0e0,0e0,0e0,0e0,6,2,2,2,0,8,2,4,2,0,0,4,0,0,0,0,0,34,11,34,34,20,164,99,32,34,14,0,68,0,0,0,0,0
41,1,0,0.3,1,2,3240,4.856823102272756e-4,1.6025054264900973e-5,1.8675952378544025e-4,1.5137122318265028e-4,0e0,1.5367405968049752e-3,3.001012355525745e-4,2.1002629364375025e-4,1.20333634185954e-5,0e0,0e0,3.117661378837511e-5,0e0,0e0,0e0,0e0,0e0,6,2,2,2,0,8,2,4,2,0,0,4,0,0,0,0,0,34,11,34,34,20,164,99,32,34,14,0,68,0,0,0,0,0
41,1,0,0.3,1,2,3360,4.7881661339488346e-4,1.73349626493291e-5,1.861682703747647e-4,1.5145102224778384e-4,0e0,1.5312820739836752e-3,3.0782246903982013e-4,2.1520763402804732e-4,1.1794593319791602e-5,0e0,0e0,3.097989014122504e-5,0e0,0e0,0e0,0e0,0e0,6,2,2,2,0,8,2,4,2,0,0,4,0,0,0,0,0,34,11,34,34,20,164,99,32,34,14,0,68,0,0,0,0,0
41,1,0,0.3,1,2,3480,5.178629439797078e-4,2.0093717012059642e-5,1.9014732788491528e-4,1.569685118738562e-4,0e0,1.5157605578508537e-3,2.887864611693658e-4,2.116902051056968e-4,1.131205362980836e-5,0e0,0e0,3.078305292092409e-5,0e0,0e0,0e0,0e0,0e0,6,2,2,2,0,8,2,4,2,0,0,4,0,0,0,0,0,34,11,34,34,18,166,100,31,34,14,0,68,0,0,0,0,0
41,1,0,0.3,1,2,3600,4.8586321759103157e-4,1.5822244222363224e-5,1.8516720228944905e-4,1.5240573702612892e-4,0e0,1.5387730664429e-3,2.983801605296321e-4,2.090330744977109e-4,1.1674693269014824e-5,0e0,0e0,3.15166223003871e-5,0e0,0e0,0e0,0e0,0e0,6,2,2,2,0,8,2,4,2,0,0,4,0,0,0,0,0,34,11,34,34,20,164,99,32,34,14,0,68,0,0,0,0,0
41,1,1,0.0,0,0,120,9.96184338873718e-4,1.3592570030596107e-4,6.19107267993968e-4,3.7258739030221477e-4,0e0,8.774524583714083e-3,2.9476015333784744e-4,2.974464005092159e-3,9.930464584613219e-4,0e0,0e0,4.7733272731420584e-4,0e0,0e0,0e0,0e0,0e0,6,2,2,2,0,8,2,4,2,0,0,4,0,0,0,0,0,34,11,34,34,0,206,78,34,34,11,0,68,0,0,0,0,0
41,1,1,0.0,0,0,240,6.019213337822293e-4,6.740351273037959e-5,5.434087433968671e-4,5.421980313258246e-4,0e0,7.785663110553287e-3,2.1666447719326243e-4,3.546655709214974e-3,6.045375994290225e-4,0e0,0e0,1.6746806409173587e-4,0e0,0e0,0e0,0e0,0e0,6,2,2,2,0,8,2,4,2,0,0,4,0,0,0,0,0,34,10,34,34,0,203,80,34,34,13,0,68,0,0,0,0,0
41,1,1,0.0,0,0,360,5.625966696243268e-4,8.058282492129365e-5,5.447676667245105e-4,5.821025006298441e-4,0e0,7.670973944186699e-3,2.1933812968200073e-4,3.6556105769705027e-3,5.787302907265257e-4,0e0,0e0,1.274865695677363e-4,0e0,0e0,0e0,0e0,0e0,6,2,2,2,0,8,2,4,2,0,0,4,0,0,0,0,0,34,10,34,34,0,202,81,34,34,13,0,68,0,0,0,0,0
41,1,1,0.0,0,0,480,5.596287978733017e-4,8.227359103329945e-5,5.451978868222795e-4,5.86044552619569e-4,0e0,7.661270698008593e-3,2.1992577239871025e-4,3.665976837510243e-3,5.773578668595292e-4,0e0,0e0,1.2405384228486582e-4,0e0,0e0,0e0,0e0,0e0,6,2,2,2,0,8,2,4,2,0,0,4,0,0,0,0,0,34,10,34,34,0,202,81,34,34,13,0,68,0,0,0,0,0
41,1,1,0.0,0,0,600,5.594990598183358e-4,8.235164932557382e-5,5.452110199257731e-4,5.862218313268386e-4,0e0,7.660837385628838e-3,2.1994817507220432e-4,3.6664389263023622e-3,5.772956101282034e-4,0e0,0e0,1.2390080274826687e-4,0e0,0e0,0e0,0e0,0e0,6,2,2,2,0,8,2,4,2,0,0,4,0,0,0,0,0,34,10,34,34,0,202,81,34,34,13,0,68,0,0,0,0,0
41,1,1,0.0,0,0,720,5.594907406702987e-4,8.235385394073091e-5,5.452153563965112e-4,5.862233847437892e-4,0e0,7.660827177460305e-3,2.1994926646584645e-4,3.6664493454736657e-3,5.772922013420612e-4,0e0,0e0,1.238983821281181e-4,0e0,0e0,0e0,0e0,0e0,6,2,2,2,0,8,2,4,2,0,0,4,0,0,0,0,0,34,10,34,34,0,202,81,34,34,13,0,68,0,0,0,0,0
41,1,1,0.0,0,0,840,5.594934427790577e-4,8.235385394073091e-5,5.452129116747528e-4,5.862233847437892e-4,0e0,7.660833922273014e-3,2.199488881160505e-4,3.6664488798123784e-3,5.772936528956052e-4,0e0,0e0,1.2389849791816232e-4,0e0,0e0,0e0,0e0,0e0,6,2,2,2,0,8,2,4,2,0,0,4,0,0,0,0,0,34,10,34,34,0,202,81,34,34,13,0,68,0,0,0,0,0
41,1,1,0.0,0,0,960,5.594976155407494e-4,8.235357290686807e-5,5.452144832815975e-4,5.862233847437892e-4,0e0,7.66083036432974e-3,2.1994786948198453e-4,3.6664487633970566e-3,5.772946678916924e-4,0e0,0e0,1.2389667165280116e-4,0e0,0e0,0e0,0e0,0e0,6,2,2,2,0,8,2,4,2,0,0,4,0,0,0,0,0,34,10,34,34,0,202,81,34,34,13,0,68,0,0,0,0,0
41,1,1,0.0,0,0,1080,5.595001762230822e-4,8.235385394073091e-5,5.452120676636696e-4,5.862233847437892e-4,0e0,7.660843060875777e-3,2.1994907729094848e-4,3.6664459694293328e-3,5.77296919800574e-4,0e0,0e0,1.2389652977162768e-4,0e0,0e0,0e0,0e0,0e0,6,2,2,2,0,8,2,4,2,0,0,4,0,0,0,0,0,34,10,34,34,0,202,81,34,34,13,0,68,0,0,0,0,0
41,1,1,0.0,0,0,1200,5.594905478574219e-4,8.235385394073091e-5,5.452148907352239e-4,5.862233847437892e-4,0e0,7.660836206923705e-3,2.199488881160505e-4,3.6664478611783125e-3,5.772938129666727e-4,0e0,0e0,1.2389849791816232e-4,0e0,0e0,0e0,0e0,0e0,6,2,2,2,0,8,2,4,2,0,0,4,0,0,0,0,0,34,10,34,34,0,202,81,34,34,13,0,68,0,0,0,0,0
41,1,1,0.0,0,1,1320,1.3913920611230424e-4,6.606633724004496e-5,5.341627947927918e-4,6.31971128314035e-4,2.190990504459478e-3,0e0,0e0,5.35653016413562e-5,0e0,1.4425699337152764e-3,2.7395886718295515e-4,2.4820712442306103e-3,0e0,0e0,2.3081925901351497e-3,2.3554644067189656e-3,0e0,2,4,2,6,2,0,0,2,0,2,2,4,0,0,2,4,0,0,102,87,4,29,5,15,64,0,16,127,34,0,0,47,14,0
41,1,1,0.0,0,1,1440,1.5563990382361226e-4,6.259533074626233e-5,5.272455273370724e-4,6.001490251037467e-4,2.2396020067390054e-3,0e0,0e0,4.609627831086982e-5,0e0,1.457723556086421e-3,2.8321563149802387e-4,2.4689091769687366e-3,0e0,0e0,2.2853744158055633e-3,2.3422148660756648e-3,0e0,2,4,2,6,2,0,0,2,0,2,2,4,0,0,2,4,0,0,102,87,4,28,6,15,64,0,16,128,34,0,0,46,14,0
41,1,1,0.0,0,1,1560,1.5581043226120528e-4,6.258001803871593e-5,5.271690570225473e-4,5.998462515890424e-4,2.240074652945623e-3,0e0,0e0,4.603291927196551e-5,0e0,1.4578498667106032e-3,2.833268226822838e-4,2.4688770527063753e-3,0e0,0e0,2.28511773457285e-3,2.3420910983986687e-3,0e0,2,4,2,6,2,0,0,2,0,2,2,4,0,0,2,4,0,0,102,87,4,28,6,15,64,0,16,128,34,0,0,46,14,0
41,1,1,0.0,0,1,1680,1.5581076695525553e-4,6.257992913560884e-5,5.271690570225473e-4,5.998463516334596e-4,2.240077214082703e-3,0e0,0e0,4.603355409926735e-5,0e0,1.4578499394701794e-3,2.833268226822838e-4,2.4688752409929293e-3,0e0,0e0,2.28511773457285e-3,2.342090865568025e-3,0e0,2,4,2,6,2,0,0,2,0,2,2,4,0,0,2,4,0,0,102,87,4,28,6,15,64,0,16,128,34,0,0,46,14,0
41,1,1,0.0,0,1,1800,1.5581108709739055e-4,6.258007078940864e-5,5.271689115033951e-4,5.998474375701335e-4,2.240077214082703e-3,0e0,0e0,4.603355409926735e-5,0e0,1.4578498667106032e-3,2.8332602232694626e-4,2.4688752409929293e-3,0e0,0e0,2.28511773457285e-3,2.342090865568025e-3,0e0,2,4,2,6,2,0,0,2,0,2,2,4,0,0,2,4,0,0,102,87,4,28,6,15,64,0,16,128,34,0,0,46,14,0
41,1,1,0.0,0,1,1920,1.5581043408019468e-4,6.258023290683923e-5,5.271690570225473e-4,5.998463516334596e-4,2.2400759626179934e-3,0e0,0e0,4.603355409926735e-5,0e0,1.4578498667106032e-3,2.833268226822838e-4,2.4688752409929293e-3,0e0,0e0,2.28511773457285e-3,2.3420959296345245e-3,0e0,2,4,2,6,2,0,0,2,0,2,2,4,0,0,2,4,0,0,102,87,4,28,6,15,64,0,16,128,34,0,0,46,14,0
41,1,1,0.0,0,1,2040,1.5581043408019468e-4,6.257971813283802e-5,5.271690570225473e-4,5.998463516334596e-4,2.2400762827601284e-3,0e0,0e0,4.603355409926735e-5,0e0,1.4578499394701794e-3,2.833268226822838e-4,2.4688752409929293e-3,0e0,0e0,2.28511773457285e-3,2.3420910983986687e-3,0e0,2,4,2,6,2,0,0,2,0,2,2,4,0,0,2,4,0,0,102,87,4,28,6,15,64,0,16,128,34,0,0,46,14,0
41,1,1,0.0,0,1,2160,1.5581076695525553e-4,6.258001803871593e-5,5.271689115033951e-4,5.998442852614971e-4,2.240077592432499e-3,0e0,0e0,4.603300567396218e-5,0e0,1.4578499394701794e-3,2.833268226822838e-4,2.468876150487631e-3,0e0,0e0,2.28511773457285e-3,2.3420910983986687e-3,0e0,2,4,2,6,2,0,0,2,0,2,2,4,0,0,2,4,0,0,102,87,4,28,6,15,64,0,16,128,34,0,0,46,14,0
41,1,1,0.0,0,1,2280,1.5581043226120528e-4,6.257992913560884e-5,5.271690570225473e-4,5.998463516334596e-4,2.240076893940568e-3,0e0,0e0,4.603300567396218e-5,0e0,1.4578498667106032e-3,2.833268226822838e-4,2.4688752409929293e-3,0e0,0e0,2.28511773457285e-3,2.3420910983986687e-3,0e0,2,4,2,6,2,0,0,2,0,2,2,4,0,0,2,4,0,0,102,87,4,28,6,15,64,0,16,128,34,0,0,46,14,0
41,1,1,0.0,0,1,2400,1.5581043226120528e-4,6.258007829273993e-5,5.271690570225473e-4,5.998463516334596e-4,2.2400788438972086e-3,0e0,0e0,4.6033906983211637e-5,0e0,1.4578457485185936e-3,2.833268226822838e-4,2.4688752409929293e-3,0e0,0e0,2.28511773457285e-3,2.3420910983986687e-3,0e0,2,4,2,6,2,0,0,2,0,2,2,4,0,0,2,4,0,0,102,87,4,28,6,15,64,0,16,128,34,0,0,46,14,0
41,1,1,0.0,0,2,2520,2.1939061698503792e-3,8.808182519715047e-4,9.870478679658845e-4,7.02229343005456e-4,1.0595694111543708e-3,5.856726900674403e-3,4.983037826605141e-3,0e0,0e0,0e0,0e0,0e0,1.6460341357742436e-3,3.793666091951309e-4,4.636308804037981e-3,0e0,0e0,2,4,4,2,2,4,2,0,0,0,0,0,4,4,4,0,0,0,68,68,0,34,95,67,0,0,10,51,0,34,92,25,0,0
41,1,1,0.0,0,2,2640,2.1917139238212258e-3,8.8171250627056e-4,9.88292355032172e-4,7.003813589108177e-4,1.0604198469081894e-3,5.858138873009011e-3,4.985979292541742e-3,0e0,0e0,0e0,0e0,0e0,1.6433164273621514e-3,3.788093672483228e-4,4.636285484593827e-3,0e0,0e0,2,4,4,2,2,4,2,0,0,0,0,0,4,4,4,0,0,0,68,68,0,34,95,67,0,0,10,51,0,34,92,25,0,0
41,1,1,0.0,0,2,2760,2.1917237027082592e-3,8.817111711323378e-4,9.882896338240243e-4,7.00378448527772e-4,1.0604212438920513e-3,5.858130200067535e-3,4.985974635928869e-3,0e0,0e0,0e0,0e0,0e0,1.6433243290521204e-3,3.7881158641539514e-4,4.636288511392195e-3,0e0,0e0,2,4,4,2,2,4,2,0,0,0,0,0,4,4,4,0,0,0,68,68,0,34,95,67,0,0,10,51,0,34,92,25,0,0
41,1,1,0.0,0,2,2880,2.1917154954280704e-3,8.817079251457471e-4,9.882896338240243e-4,7.003764985711314e-4,1.0604212438920513e-3,5.8581305493135005e-3,4.985974635928869e-3,0e0,0e0,0e0,0e0,0e0,1.6433276468887925e-3,3.7881134630879387e-4,4.6362900247913785e-3,0e0,0e0,2,4,4,2,2,4,2,0,0,0,0,0,4,4,4,0,0,0,68,68,0,34,95,67,0,0,10,51,0,34,92,25,0,0
41,1,1,0.0,0,2,3000,2.1917188714724034e-3,8.817095995254931e-4,9.882896338240243e-4,7.003764985711314e-4,1.0604212438920513e-3,5.8581305493135005e-3,4.985974635928869e-3,0e0,0e0,0e0,0e0,0e0,1.6433268974651583e-3,3.7881158641539514e-4,4.6362900247913785e-3,0e0,0e0,2,4,4,2,2,4,2,0,0,0,0,0,4,4,4,0,0,0,68,68,0,34,95,67,0,0,10,51,0,34,92,25,0,0
41,1,1,0.0,0,2,3120,2.1917188714724034e-3,8.817078123684041e-4,9.882903977995738e-4,7.00378448527772e-4,1.0604206618154421e-3,5.8581251942086965e-3,4.985974635928869e-3,0e0,0e0,0e0,0e0,0e0,1.6433276468887925e-3,3.7881134630879387e-4,4.636286765162367e-3,0e0,0e0,2,4,4,2,2,4,2,0,0,0,0,0,4,4,4,0,0,0,68,68,0,34,95,67,0,0,10,51,0,34,92,25,0,0
41,1,1,0.0,0,2,3240,2.1917222475167364e-3,8.817111711323378e-4,9.882896338240243e-4,7.003764985711314e-4,1.0604212438920513e-3,5.8581305493135005e-3,4.985974635928869e-3,0e0,0e0,0e0,0e0,0e0,1.6433276468887925e-3,3.7881158641539514e-4,4.636288511392195e-3,0e0,0e0,2,4,4,2,2,4,2,0,0,0,0,0,4,4,4,0,0,0,68,68,0,34,95,67,0,0,10,51,0,34,92,25,0,0
41,1,1,0.0,0,2,3360,2.1917174744885415e-3,8.817111711323378e-4,9.882896338240243e-4,7.00378448527772e-4,1.0604212438920513e-3,5.858130200067535e-3,4.985974635928869e-3,0e0,0e0,0e0,0e0,0e0,1.6433276468887925e-3,3.7881134630879387e-4,4.636285484593827e-3,0e0,0e0,2,4,4,2,2,4,2,0,0,0,0,0,4,4,4,0,0,0,68,68,0,34,95,67,0,0,10,51,0,34,92,25,0,0
41,1,1,0.0,0,2,3480,2.191713050706312e-3,8.81705796928145e-4,9.88287887594197e-4,7.003764985711314e-4,1.0604206618154421e-3,5.858124088263139e-3,4.985974635928869e-3,0e0,0e0,0e0,0e0,0e0,1.6433268974651583e-3,3.7881158641539514e-4,4.636288511392195e-3,0e0,0e0,2,4,4,2,2,4,2,0,0,0,0,0,4,4,4,0,0,0,68,68,0,34,95,67,0,0,10,51,0,34,92,25,0,0
41,1,1,0.0,0,2,3600,2.1917260310146958e-3,8.817093257675879e-4,9.882911654131021e-4,7.00378448527772e-4,1.0604192648315802e-3,5.858126183738932e-3,4.985974635928869e-3,0e0,0e0,0e0,0e0,0e0,1.6433276468887925e-3,3.7881158641539514e-4,4.6362900247913785e-3,0e0,0e0,2,4,4,2,2,4,2,0,0,0,0,0,4,4,4,0,0,0,68,68,0,34,95,67,0,0,10,51,0,34,92,25,0,0
41,1,1,0.0,1,0,120,9.96184338873718e-4,1.3592570030596107e-4,6.19107267993968e-4,3.7258739030221477e-4,0e0,8.774524583714083e-3,2.9476015333784744e-4,2.974464005092159e-3,9.930464584613219e-4,0e0,0e0,4.7733272731420584e-4,0e0,0e0,0e0,0e0,0e0,6,2,2,2,0,8,2,4,2,0,0,4,0,0,0,0,0,34,11,34,34,0,206,78,34,34,11,0,68,0,0,0,0,0
41,1,1,0.0,1,0,240,6.019213337822293e-4,6.740351273037959e-5,5.434087433968671e-4,5.421980313258246e-4,0e0,7.785663110553287e-3,2.1666447719326243e-4,3.546655709214974e-3,6.045375994290225e-4,0e0,0e0,1.6746806409173587e-4,0e0,0e0,0e0,0e0,0e0,6,2,2,2,0,8,2,4,2,0,0,4,0,0,0,0,0,34,10,34,34,0,203,80,34,34,13,0,68,0,0,0,0,0
41,1,1,0.0,1,0,360,5.625966696243268e-4,8.058282492129365e-5,5.447676667245105e-4,5.821025006298441e-4,0e0,7.670973944186699e-3,2.1933812968200073e-4,3.6556105769705027e-3,5.787302907265257e-4,0e0,0e0,1.274865695677363e-4,0e0,0e0,0e0,0e0,0e0,6,2,2,2,0,8,2,4,2,0,0,4,0,0,0,0,0,34,10,34,34,0,202,81,34,34,13,0,68,0,0,0,0,0
41,1,1,0.0,1,0,480,1.8292631193617126e-4,6.62587781334878e-5,1.2872570005129091e-4,2.1725372334913118e-5,0e0,5.786269477425776e-4,2.8367547315610864e-5,4.0483224711351795e-4,7.610549073433504e-4,0e0,0e0,2.2894836422437947e-4,0e0,0e0,0e0,0e0,0e0,6,2,2,2,0,8,2,4,2,0,0,4,0,0,0,0,0,34,9,34,34,16,170,104,27,30,18,0,68,0,0,0,0,0
41,1,1,0.0,1,0,600,4.5280924041435355e-5,7.239733065489418e-6,2.0091644501007977e-5,3.49088111306628e-6,0e0,3.693972249863009e-5,1.7290061382624344e-7,1.1754805427699466e-5,3.419645651092651e-6,0e0,0e0,5.278059262536772e-6,0e0,0e0,0e0,0e0,0e0,6,2,2,2,0,8,2,4,2,0,0,4,0,0,0,0,0,34,9,34,34,14,170,106,25,34,16,1,67,0,0,0,0,0
41,1,1,0.0,1,0,720,2.5500160099056757e-6,2.688600162059629e-6,9.257988040189957e-6,8.152798187666122e-7,0e0,5.727803152666411e-6,2.7349222619932334e-6,5.784107315776055e-6,2.2841184588173746e-7,0e0,0e0,2.634686893543403e-6,0e0,0e0,0e0,0e0,0e0,6,2,2,2,0,8,2,4,2,0,0,4,0,0,0,0,0,34,10,34,34,12,170,106,26,34,16,1,67,0,0,0,0,0
41,1,1,0.0,1,0,840,1.6143512979738261e-6,3.197595788151375e-6,7.852034258348795e-7,4.8479855685457096e-8,0e0,3.200469507191883e-6,7.821978584843237e-7,3.272456126524048e-6,1.6537730473942247e-7,0e0,0e0,1.748931467204784e-6,0e0,0e0,0e0,0e0,0e0,6,2,2,2,0,8,2,4,2,0,0,4,0,0,0,0,0,34,10,34,34,12,170,105,27,34,16,1,67,0,0,0,0,0
41,1,1,0.0,1,0,960,1.5438848777193925e-6,1.85938566232835e-6,5.916898828672856e-7,1.6404144531634302e-7,0e0,2.7311925450135277e-6,8.335873928899673e-7,2.013747121054621e-6,8.936458684161153e-8,0e0,0e0,1.7115184220983792e-6,0e0,0e0,0e0,0e0,0e0,6,2,2,2,0,8,2,4,2,0,0,4,0,0,0,0,0,34,10,34,34,12,170,105,27,34,16,1,67,0,0,0,0,0
41,1,1,0.0,1,0,1080,1.2900917703007053e-6,1.5206761077024566e-6,4.76321062592433e-7,1.4337105724848698e-7,0e0,2.2607536891428026e-6,6.929485465434482e-7,1.6414380468177114e-6,7.472674923292288e-8,0e0,0e0,1.4119121800604262e-6,0e0,0e0,0e0,0e0,0e0,6,2,2,2,0,8,2,4,2,0,0,4,0,0,0,0,0,34,10,34,34,12,170,105,27,34,16,1,67,0,0,0,0,0
41,1,1,0.0,1,0,1200,1.0435507320494253e-6,1.228502156891409e-6,3.8323644702131787e-7,1.1579487413371226e-7,0e0,1.8311484248911825e-6,5.590564775559415e-7,1.3255211968044023e-6,6.063569557568371e-8,0e0,0e0,1.1452098505060349e-6,0e0,0e0,0e0,0e0,0e0,6,2,2,2,0,8,2,4,2,0,0,4,0,0,0,0,0,34,10,34,34,12,170,105,27,34,16,1,67,0,0,0,0,0
41,1,1,0.0,1,1,1320,3.479190233690588e-7,1.2203072974337204e-7,1.0334829596558848e-6,9.063231694028673e-7,6.427329068969811e-8,0e0,0e0,5.467275343562505e-7,0e0,3.1833390679025797e-7,1.241324696366064e-6,5.581855617720066e-7,0e0,0e0,5.80103645120289e-8,1.2306292944685993e-6,0e0,2,4,2,6,2,0,0,2,0,2,2,4,0,0,2,4,0,0,102,92,6,34,0,10,62,0,10,142,34,0,0,31,21,0
41,1,1,0.0,1,1,1440,2.151653415438659e-7,1.2848618702321346e-7,4.42681567847103e-7,6.14649697361358e-7,4.177839585395304e-8,0e0,0e0,3.200878069264945e-7,0e0,2.2446285186106252e-7,8.847519552546146e-7,4.2452434811934836e-7,0e0,0e0,4.5737593268313503e-8,8.47270332116068e-7,0e0,2,4,2,6,2,0,0,2,0,2,2,4,0,0,2,4,0,0,102,92,6,34,0,10,62,0,10,142,34,0,0,31,21,0
41,1,1,0.0,1,1,1560,1.373000273474645e-7,9.893498287283364e-8,2.5002398373885626e-7,4.0237671417031606e-7,2.684109290385095e-8,0e0,0e0,1.998312413320491e-7,0e0,1.4401908998706858e-7,5.770048119302373e-7,2.8517960259932806e-7,0e0,0e0,3.188052843938749e-8,5.513999141726345e-7,0e0,2,4,2,6,2,0,0,2,0,2,2,4,0,0,2,4,0,0,102,92,6,34,0,10,62,0,10,142,34,0,0,31,21,0
41,1,1,0.0,1,1,1680,8.671266371607089e-8,6.62712817955935e-8,1.5138227915656444e-7,2.5129486758146413e-7,1.6998113139266025e-8,0e0,0e0,1.233675277489965e-7,0e0,8.769279347120573e-8,3.589142920645827e-7,1.7970891974528058e-7,0e0,0e0,2.0703897263274484e-8,3.4300412110610523e-7,0e0,2,4,2,6,2,0,0,2,0,2,2,4,0,0,2,4,0,0,102,92,6,34,0,10,62,0,10,142,34,0,0,31,21,0
41,1,1,0.0,1,1,1800,5.323248508659617e-8,4.14943452931027e-8,9.01416195020488e-8,1.5068730441214484e-7,1.0474035194718567e-8,0e0,0e0,7.376773680789483e-8,0e0,5.119303381206919e-8,2.143767829920762e-7,1.0866611077631205e-7,0e0,0e0,1.2848815345023468e-8,2.051005623115998e-7,0e0,2,4,2,6,2,0,0,2,0,2,2,4,0,0,2,4,0,0,102,92,6,34,0,10,62,0,10,142,34,0,0,31,21,0
41,1,1,0.0,1,1,1920,3.095110301387649e-8,2.4839346801641682e-8,5.230810273815223e-8,8.690458841442705e-8,6.076389169606955e-9,0e0,0e0,4.242893680839188e-8,0e0,2.8711362176636612e-8,1.2292250062273524e-7,6.293220522479714e-8,0e0,0e0,7.586475447851626e-9,1.1783772535522985e-7,0e0,2,4,2,6,2,0,0,2,0,2,2,4,0,0,2,4,0,0,102,92,6,34,0,10,62,0,10,142,34,0,0,31,21,0
41,1,1,0.0,1,1,2040,7.35006892682577e-7,8.141667713346123e-7,1.5446547507735886e-7,6.991536958267375e-7,7.483773956096229e-7,0e0,0e0,7.263230017429123e-8,0e0,1.3990242564432265e-7,1.70055816539616e-7,1.7743013458471069e-7,0e0,0e0,1.0909063874464664e-7,1.7674679853030284e-7,0e0,2,4,2,6,2,0,0,2,0,2,2,4,0,0,2,4,0,0,102,92,6,34,0,10,62,0,10,142,34,0,0,31,21,0
41,1,1,0.0,1,1,2160,1.6765529053941464e-7,3.1885844631318605e-8,9.58623491698063e-9,1.8519250168935741e-6,7.21683299786946e-8,0e0,0e0,1.0675442130292367e-7,0e0,4.888753224463471e-8,1.234073963019e-7,1.363531545450769e-7,0e0,0e0,1.0785692339254638e-7,1.4149102867122565e-7,0e0,2,4,2,6,2,0,0,2,0,2,2,4,0,0,2,4,0,0,102,91,6,34,0,11,62,0,10,142,34,0,0,31,21,0
41,1,1,0.0,1,1,2280,5.0238329052376685e-9,5.67891089708894e-9,6.298473742560873e-9,1.7808513996797615e-8,1.5701067113127465e-9,0e0,0e0,2.7427198290297383e-9,0e0,8.014669816702735e-9,1.828507478762731e-8,3.0023805663859093e-9,0e0,0e0,1.4355094890561304e-10,8.481165991724993e-9,0e0,2,4,2,6,2,0,0,2,0,2,2,4,0,0,2,4,0,0,102,92,6,34,0,10,62,0,10,142,34,0,0,31,21,0
41,1,1,0.0,1,1,2400,2.5618815957528795e-9,2.373495622265409e-9,3.0359261771195634e-9,5.247960732646106e-9,7.546170355254844e-10,0e0,0e0,9.246416965424942e-10,0e0,2.849539271210233e-9,7.95527199670687e-9,1.6015917481126962e-9,0e0,0e0,1.7404744312443654e-10,3.8995722206891514e-9,0e0,2,4,2,6,2,0,0,2,0,2,2,4,0,0,2,4,0,0,102,92,6,34,0,10,62,0,10,142,34,0,0,31,21,0
41,1,1,0.0,1,2,2520,5.735039110277285e-10,1.2077173261459961e-8,6.648264827546768e-9,8.213850932747846e-9,2.161953283064122e-9,2.293680800846687e-9,2.6312783063531242e-9,0e0,0e0,0e0,0e0,0e0,1.1259469800961597e-8,1.1200365079844232e-9,4.076844817291203e-8,0e0,0e0,2,4,4,2,2,4,2,0,0,0,0,0,4,4,4,0,0,0,68,68,0,34,77,71,0,0,38,71,0,34,64,19,0,0
41,1,1,0.0,1,2,2640,3.148779015305081e-10,1.837552332517589e-9,1.2603560417545623e-9,1.0179324050341165e-10,6.257983020674374e-10,8.307177168376256e-10,1.5977619227669493e-10,0e0,0e0,0e0,0e0,0e0,2.039271418396993e-9,5.48661560628716e-10,8.59322213386804e-9,0e0,0e0,2,4,4,2,2,4,2,0,0,0,0,0,4,4,4,0,0,0,68,68,0,34,77,71,0,0,38,71,0,34,64,19,0,0
41,1,1,0.0,1,2,2760,2.47626807947654e-10,9.432710168510994e-10,9.793430510995904e-10,7.465761342473343e-11,2.294888723497479e-10,6.770299876279751e-10,7.580780447824509e-11,0e0,0e0,0e0,0e0,0e0,4.726081748174238e-10,4.370264150566072e-10,2.7689104342698556e-9,0e0,0e0,2,4,4,2,2,4,2,0,0,0,0,0,4,4,4,0,0,0,68,68,0,34,77,71,0,0,38,71,0,34,64,19,0,0
41,1,1,0.0,1,2,2880,1.723234888117986e-10,6.111657846474827e-10,7.501526066988617e-10,5.944844616578848e-11,1.205240351964676e-10,5.04615904617367e-10,6.482636649707274e-11,0e0,0e0,0e0,0e0,0e0,1.8133272661202682e-10,3.637614653939636e-10,1.2745253741286433e-9,0e0,0e0,2,4,4,2,2,4,2,0,0,0,0,0,4,4,4,0,0,0,68,68,0,34,77,71,0,0,38,71,0,34,64,19,0,0
41,1,1,0.0,1,2,3000,1.0231637759261503e-10,3.890554545193936e-10,5.187441587395369e-10,4.091305072506657e-11,8.397837980567147e-11,3.4206237842226983e-10,4.75317563086719e-11,0e0,0e0,0e0,0e0,0e0,9.452749694105478e-11,2.4416912935976143e-10,7.019167469479726e-10,0e0,0e0,2,4,4,2,2,4,2,0,0,0,0,0,4,4,4,0,0,0,68,68,0,34,77,71,0,0,38,71,0,34,64,19,0,0
41,1,1,0.0,1,2,3120,2.1611246125985417e-10,8.042415622355747e-10,2.480885941125166e-9,1.0856817667104224e-9,6.78756828520477e-10,1.33048416728343e-9,6.257394602471322e-11,0e0,0e0,0e0,0e0,0e0,1.2468128751663698e-9,1.9483064050973553e-9,1.638760238620307e-9,0e0,0e0,2,4,4,2,2,4,2,0,0,0,0,0,4,4,4,0,0,0,68,68,0,34,77,71,0,0,38,71,0,34,64,19,0,0
41,1,1,0.0,1,2,3240,2.1913743708523725e-8,5.453352214246365e-9,6.392363527396583e-9,8.161351594537791e-9,1.034299512703285e-8,3.7055248647277494e-8,2.499004025935392e-8,0e0,0e0,0e0,0e0,0e0,7.796397394344012e-8,7.300640092466892e-9,9.46737443996426e-9,0e0,0e0,2,4,4,2,2,4,2,0,0,0,0,0,4,4,4,0,0,0,68,68,0,34,77,71,0,0,38,71,0,34,64,19,0,0
41,1,1,0.0,1,2,3360,1.1528209498123942e-9,1.5985679446828271e-9,3.0989621979671256e-9,6.304858857220097e-10,1.9355310687529936e-9,4.097922001733423e-9,7.275652080807049e-9,0e0,0e0,0e0,0e0,0e0,5.202173136709121e-9,4.586413027141134e-9,3.040174334500989e-9,0e0,0e0,2,4,4,2,2,4,2,0,0,0,0,0,4,4,4,0,0,0,68,68,0,34,77,71,0,0,38,71,0,34,64,19,0,0
41,1,1,0.0,1,2,3480,4.740323689134129e-10,8.725005162801835e-10,1.59093249685327e-9,2.822009292913208e-10,6.996234702683068e-10,1.5837962052955845e-9,2.528402376356098e-9,0e0,0e0,0e0,0e0,0e0,1.539823601959256e-9,1.7560539689043253e-9,1.3443255397760367e-9,0e0,0e0,2,4,4,2,2,4,2,0,0,0,0,0,4,4,4,0,0,0,68,68,0,34,77,71,0,0,38,71,0,34,64,19,0,0
41,1,1,0.0,1,2,3600,1.9190249389566816e-10,3.7314906720098406e-10,6.983562617079997e-10,1.1189005277856268e-10,2.7939472957427824e-10,5.97824900694377e-10,8.098517412236106e-10,0e0,0e0,0e0,0e0,0e0,4.998546021539596e-10,6.738636315617441e-10,4.951665744101774e-10,0e0,0e0,2,4,4,2,2,4,2,0,0,0,0,0,4,4,4,0,0,0,68,68,0,34,77,71,0,0,38,71,0,34,64,19,0,0
41,1,1,0.3,0,0,120,9.000586986076087e-3,2.176868038077373e-4,3.888469858793542e-3,5.154679005499929e-3,0e0,1.2247904895048123e-2,8.334902813658118e-4,2.85745324799791e-3,9.682854870334268e-4,0e0,0e0,5.755662677984219e-4,0e0,0e0,0e0,0e0,0e0,6,2,2,2,0,8,2,4,2,0,0,4,0,0,0,0,0,28,21,34,28,0,197,83,40,34,11,8,60,0,0,0,0,0
41,1,1,0.3,0,0,240,9.008409266243689e-3,7.650291445315816e-5,3.5320397291798145e-3,5.615232163108885e-3,0e0,1.1391691106837243e-2,6.459072610596195e-4,3.3970955410040915e-3,8.794700843282044e-4,0e0,0e0,6.195014120748965e-4,0e0,0e0,0e0,0e0,0e0,6,2,2,2,0,8,2,4,2,0,0,4,0,0,0,0,0,27,22,34,27,0,195,84,41,34,12,10,58,0,0,0,0,0
41,1,1,0.3,0,0,360,9.009151573991403e-3,6.720623423461802e-5,3.4936984011437744e-3,5.67255902569741e-3,0e0,1.130980590096442e-2,6.274094339460135e-4,3.4620228107087314e-3,8.848309880704619e-4,0e0,0e0,6.322524805000285e-4,0e0,0e0,0e0,0e0,0e0,6,2,2,2,0,8,2,4,2,0,0,4,0,0,0,0,0,26,23,34,27,0,195,84,41,34,12,11,57,0,0,0,0,0
41,1,1,0.3,0,0,480,9.009197019622661e-3,6.685527114314027e-5,3.4921172191388905e-3,5.67491416586563e-3,0e0,1.1306550382869318e-2,6.266651616897434e-4,3.4646638232516125e-3,8.851235252222978e-4,0e0,0e0,6.32807583315298e-4,0e0,0e0,0e0,0e0,0e0,6,2,2,2,0,8,2,4,2,0,0,4,0,0,0,0,0,26,23,34,27,0,195,84,41,34,12,11,57,0,0,0,0,0
41,1,1,0.3,0,0,600,9.009202200104482e-3,6.685089283564594e-5,3.4920924808830023e-3,5.674939427990466e-3,0e0,1.1306535452604294e-2,6.266582349780947e-4,3.464689216343686e-3,8.851238235365599e-4,0e0,0e0,6.328054951154627e-4,0e0,0e0,0e0,0e0,0e0,6,2,2,2,0,8,2,4,2,0,0,4,0,0,0,0,0,26,23,34,27,0,195,84,41,34,12,11,57,0,0,0,0,0
41,1,1,0.3,0,0,720,9.009210203657858e-3,6.685089283564594e-5,3.4921060141641647e-3,5.674926040228456e-3,0e0,1.130652357096551e-2,6.266582349780947e-4,3.4646831481950358e-3,8.851238235365599e-4,0e0,0e0,6.328084091364872e-4,0e0,0e0,0e0,0e0,0e0,6,2,2,2,0,8,2,4,2,0,0,4,0,0,0,0,0,26,23,34,27,0,195,84,41,34,12,11,57,0,0,0,0,0
41,1,1,0.3,0,0,840,9.009217232232913e-3,6.685019798169378e-5,3.4921054902952164e-3,5.674929183442146e-3,0e0,1.1306511551083531e-2,6.266567797865719e-4,3.464704888756387e-3,8.851210441207513e-4,0e0,0e0,6.327997125481488e-4,0e0,0e0,0e0,0e0,0e0,6,2,2,2,0,8,2,4,2,0,0,4,0,0,0,0,0,26,23,34,27,0,195,84,41,34,12,11,57,0,0,0,0,0
41,1,1,0.3,0,0,960,8.946648929850198e-3,6.703538383590057e-5,3.4818482236005366e-3,5.685050622560084e-3,0e0,1.1351621302310377e-2,6.408652116078883e-4,3.4580526844365522e-3,8.854423649609089e-4,0e0,0e0,6.432877398765413e-4,0e0,0e0,0e0,0e0,0e0,6,2,2,2,0,8,2,4,2,0,0,4,0,0,0,0,0,26,23,34,27,0,194,84,41,34,13,11,57,0,0,0,0,0
41,1,1,0.3,0,0,1080,9.009134068037383e-3,6.68475913698785e-5,3.492081043077633e-3,5.674924002960324e-3,0e0,1.130658505280735e-2,6.266688578762114e-4,3.4647021093405783e-3,8.851176608004607e-4,0e0,0e0,6.328078125079628e-4,0e0,0e0,0e0,0e0,0e0,6,2,2,2,0,8,2,4,2,0,0,4,0,0,0,0,0,26,23,34,27,0,195,84,41,34,12,11,57,0,0,0,0,0
41,1,1,0.3,0,0,1200,9.00922621076461e-3,6.68519514874788e-5,3.492115531116724e-3,5.674928484950215e-3,0e0,1.1306511136353947e-2,6.266582349780947e-4,3.4646760468604043e-3,8.851281017996371e-4,0e0,0e0,6.328105555439834e-4,0e0,0e0,0e0,0e0,0e0,6,2,2,2,0,8,2,4,2,0,0,4,0,0,0,0,0,26,23,34,27,0,195,84,41,34,12,11,57,0,0,0,0,0
41,1,1,0.3,0,1,1320,2.6167462929151952e-3,1.3263189102872275e-3,4.093673996976577e-4,1.2019663117825985e-2,4.240703739924356e-3,0e0,0e0,8.991472859634086e-4,0e0,5.938412970863283e-3,1.5546774957329035e-3,4.018390900455415e-3,0e0,0e0,4.781761905178428e-3,5.165426613530144e-3,0e0,2,4,2,6,2,0,0,2,0,2,2,4,0,0,2,4,0,0,102,80,2,26,8,22,66,0,27,109,34,0,0,56,12,0
41,1,1,0.3,0,1,1440,2.9009609716013074e-3,1.0616399208629446e-3,1.8796342192217708e-4,1.0748848464572802e-2,4.169543535681441e-3,0e0,0e0,6.103673804318532e-4,0e0,5.471434094943106e-3,1.8261784862261266e-3,4.906054062303156e-3,0e0,0e0,4.145505488850176e-3,4.825950367376208e-3,0e0,2,4,2,6,2,0,0,2,0,2,2,4,0,0,2,4,0,0,102,80,2,23,11,22,66,0,26,110,34,0,0,54,14,0
41,1,1,0.3,0,1,1560,2.9245943296700716e-3,1.0575011717719462e-3,1.6366895124519942e-4,1.0623844049405307e-2,4.279395681805909e-3,0e0,0e0,5.879220334463753e-4,0e0,5.3852752898819745e-3,1.8725133850239217e-3,5.039602372562513e-3,0e0,0e0,4.0589371346868575e-3,4.827037671930157e-3,0e0,2,4,2,6,2,0,0,2,0,2,2,4,0,0,2,4,0,0,102,80,2,22,12,22,66,0,25,111,34,0,0,54,14,0
41,1,1,0.3,0,1,1680,2.92621529661119e-3,1.057564187931348e-3,1.6196522847167216e-4,1.0615268925903365e-2,4.288232797989622e-3,0e0,0e0,5.864774357178248e-4,0e0,5.378832865972072e-3,1.8759997328743339e-3,5.049481493188068e-3,0e0,0e0,4.052675882121548e-3,4.8274263681378216e-3,0e0,2,4,2,6,2,0,0,2,0,2,2,4,0,0,2,4,0,0,102,80,2,22,12,22,66,0,25,111,34,0,0,52,16,0
41,1,1,0.3,0,1,1800,2.926288521848619e-3,1.0575640619663318e-3,1.618829146536882e-4,1.0614833823638037e-2,4.288699390599504e-3,0e0,0e0,5.864028062205762e-4,0e0,5.378547648433596e-3,1.8761699029710144e-3,5.049969215178862e-3,0e0,0e0,4.05235038488172e-3,4.827475640922785e-3,0e0,2,4,2,6,2,0,0,2,0,2,2,4,0,0,2,4,0,0,102,80,2,22,12,22,66,0,25,111,34,0,0,52,16,0
41,1,1,0.3,0,1,1920,2.9262947500683367e-3,1.057564352549889e-3,1.6187925575650297e-4,1.0614831087877974e-2,4.288718715542927e-3,0e0,0e0,5.86396548897028e-4,0e0,5.378535715863109e-3,1.8761764513328671e-3,5.049994710134342e-3,0e0,0e0,4.052334959851578e-3,4.827466051210649e-3,0e0,2,4,2,6,2,0,0,2,0,2,2,4,0,0,2,4,0,0,102,80,2,22,12,22,66,0,25,111,34,0,0,52,16,0
41,1,1,0.3,0,1,2040,2.9262947500683367e-3,1.0575639450962626e-3,1.6187806249945424e-4,1.0614823724608868e-2,4.288714990252629e-3,0e0,0e0,5.86393871344626e-4,0e0,5.3785452619194984e-3,1.8761764513328671e-3,5.049987725215033e-3,0e0,0e0,4.052334959851578e-3,4.827475000638515e-3,0e0,2,4,2,6,2,0,0,2,0,2,2,4,0,0,2,4,0,0,102,80,2,22,12,22,66,0,25,111,34,0,0,52,16,0
41,1,1,0.3,0,1,2160,2.926293120253831e-3,1.0575643034371751e-3,1.6187761684705038e-4,1.061481109354645e-2,4.288714990252629e-3,0e0,0e0,5.86393871344626e-4,0e0,5.3785452619194984e-3,1.8761764513328671e-3,5.049993080319837e-3,0e0,0e0,4.052334959851578e-3,4.827475000638515e-3,0e0,2,4,2,6,2,0,0,2,0,2,2,4,0,0,2,4,0,0,102,80,2,22,12,22,66,0,25,111,34,0,0,52,16,0
41,1,1,0.3,0,1,2280,2.9262954485602677e-3,1.057564352549889e-3,1.6187873188755475e-4,1.061481359647587e-2,4.288726166123524e-3,0e0,0e0,5.86396548897028e-4,0e0,5.3785452619194984e-3,1.8761764513328671e-3,5.049989355029538e-3,0e0,0e0,4.052334959851578e-3,4.827466051210649e-3,0e0,2,4,2,6,2,0,0,2,0,2,2,4,0,0,2,4,0,0,102,80,2,22,12,22,66,0,25,111,34,0,0,52,16,0
41,1,1,0.3,0,1,2400,2.9262954485602677e-3,1.0575655167031073e-3,1.6188027439056896e-4,1.061481999931857e-2,4.288726166123524e-3,0e0,0e0,5.863955011591315e-4,0e0,5.378535715863109e-3,1.8761808751150966e-3,5.049987725215033e-3,0e0,0e0,4.052334959851578e-3,4.827470242162235e-3,0e0,2,4,2,6,2,0,0,2,0,2,2,4,0,0,2,4,0,0,102,80,2,22,12,22,66,0,25,111,34,0,0,52,16,0
41,1,1,0.3,0,2,2520,4.370461159851402e-3,1.5715206100139767e-3,3.337891452247277e-3,2.9308708908502012e-3,9.351017535664141e-3,7.292923401109874e-3,2.5636577629484236e-4,0e0,0e0,0e0,0e0,0e0,2.480540770193329e-3,7.044676585792331e-4,1.509738469030708e-2,0e0,0e0,2,4,4,2,2,4,2,0,0,0,0,0,4,4,4,0,0,0,68,63,0,34,102,51,0,0,34,56,0,34,68,34,0,0
41,1,1,0.3,0,2,2640,4.388909961562604e-3,1.5970194726833142e-3,3.3021460112649947e-3,3.0323619139380753e-3,9.224712732248008e-3,7.2316953737754375e-3,2.863697063730797e-4,0e0,0e0,0e0,0e0,0e0,2.50658661207126e-3,6.851069647382246e-4,1.5131795138586313e-2,0e0,0e0,2,4,4,2,2,4,2,0,0,0,0,0,4,4,4,0,0,0,68,63,0,34,102,51,0,0,34,56,0,34,68,34,0,0
41,1,1,0.3,0,2,2760,4.389184643514454e-3,1.5974091766111087e-3,3.3018271205946803e-3,3.0339977820403874e-3,9.22273425385356e-3,7.2308921662624925e-3,2.868182273232378e-4,0e0,0e0,0e0,0e0,0e0,2.5070504470932065e-3,6.849552146377391e-4,1.5131841297261417e-2,0e0,0e0,2,4,4,2,2,4,2,0,0,0,0,0,4,4,4,0,0,0,68,63,0,34,102,51,0,0,34,56,0,34,68,34,0,0
41,1,1,0.3,0,2,2880,4.389191803056747e-3,1.5974101079336833e-3,3.301821227069013e-3,3.034014895092696e-3,9.222707594744861e-3,7.2308753442484885e-3,2.8682049742201343e-4,0e0,0e0,0e0,0e0,0e0,2.5070534538826905e-3,6.849531819170807e-4,1.5131847787415609e-2,0e0,0e0,2,4,4,2,2,4,2,0,0,0,0,0,4,4,4,0,0,0,68,63,0,34,102,51,0,0,34,56,0,34,68,34,0,0
41,1,1,0.3,0,2,3000,4.389191803056747e-3,1.5974101079336833e-3,3.301821227069013e-3,3.034014895092696e-3,9.222705732099712e-3,7.2308753442484885e-3,2.8682049742201343e-4,0e0,0e0,0e0,0e0,0e0,2.507051125576254e-3,6.849531819170807e-4,1.5131847787415609e-2,0e0,0e0,2,4,4,2,2,4,2,0,0,0,0,0,4,4,4,0,0,0,68,63,0,34,102,51,0,0,34,56,0,34,68,34,0,0
41,1,1,0.3,0,2,3120,4.389191803056747e-3,1.5974106900102925e-3,3.3018231188179925e-3,3.034013498108834e-3,9.222707594744861e-3,7.2308753442484885e-3,2.868210394808557e-4,0e0,0e0,0e0,0e0,0e0,2.507057179172989e-3,6.849552019048133e-4,1.5131832769839093e-2,0e0,0e0,2,4,4,2,2,4,2,0,0,0,0,0,4,4,4,0,0,0,68,63,0,34,102,51,0,0,34,56,0,34,68,34,0,0
41,1,1,0.3,0,2,3240,4.389191803056747e-3,1.5974106900102925e-3,3.301821227069013e-3,3.034013498108834e-3,9.222707594744861e-3,7.2308753442484885e-3,2.868224182748236e-4,0e0,0e0,0e0,0e0,0e0,2.507057179172989e-3,6.849531819170807e-4,1.5131847787415609e-2,0e0,0e0,2,4,4,2,2,4,2,0,0,0,0,0,4,4,4,0,0,0,68,63,0,34,102,51,0,0,34,56,0,34,68,34,0,0
41,1,1,0.3,0,2,3360,4.389191803056747e-3,1.5974101079336833e-3,3.301821227069013e-3,3.034014895092696e-3,9.222702938131988e-3,7.23087924416177e-3,2.8682049742201343e-4,0e0,0e0,0e0,0e0,0e0,2.5070583433262073e-3,6.849531819170807e-4,1.5131847787415609e-2,0e0,0e0,2,4,4,2,2,4,2,0,0,0,0,0,4,4,4,0,0,0,68,63,0,34,102,51,0,0,34,56,0,34,68,34,0,0
41,1,1,0.3,0,2,3480,4.389191803056747e-3,1.5974101079336833e-3,3.301821227069013e-3,3.034003108041361e-3,9.222711902111769e-3,7.2308706294279546e-3,2.8682261108770035e-4,0e0,0e0,0e0,0e0,0e0,2.5070522897294722e-3,6.849552019048133e-4,1.5131847787415609e-2,0e0,0e0,2,4,4,2,2,4,2,0,0,0,0,0,4,4,4,0,0,0,68,63,0,34,102,51,0,0,34,56,0,34,68,34,0,0
41,1,1,0.3,0,2,3600,4.389191803056747e-3,1.5974081870808732e-3,3.301821227069013e-3,3.034014895092696e-3,9.222707594744861e-3,7.230871211504564e-3,2.8682261108770035e-4,0e0,0e0,0e0,0e0,0e0,2.5070522897294722e-3,6.84952180563414e-4,1.5131847787415609e-2,0e0,0e0,2,4,4,2,2,4,2,0,0,0,0,0,4,4,4,0,0,0,68,63,0,34,102,51,0,0,34,56,0,34,68,34,0,0
41,1,1,0.3,1,0,120,9.000586986076087e-3,2.176868038077373e-4,3.888469858793542e-3,5.154679005499929e-3,0e0,1.2247904895048123e-2,8.334902813658118e-4,2.85745324799791e-3,9.682854870334268e-4,0e0,0e0,5.755662677984219e-4,0e0,0e0,0e0,0e0,0e0,6,2,2,2,0,8,2,4,2,0,0,4,0,0,0,0,0,28,21,34,28,0,197,83,40,34,11,8,60,0,0,0,0,0
41,1,1,0.3,1,0,240,9.008409266243689e-3,7.650291445315816e-5,3.5320397291798145e-3,5.615232163108885e-3,0e0,1.1391691106837243e-2,6.459072610596195e-4,3.3970955410040915e-3,8.794700843282044e-4,0e0,0e0,6.195014120748965e-4,0e0,0e0,0e0,0e0,0e0,6,2,2,2,0,8,2,4,2,0,0,4,0,0,0,0,0,27,22,34,27,0,195,84,41,34,12,10,58,0,0,0,0,0
41,1,1,0.3,1,0,360,9.009151573991403e-3,6.720623423461802e-5,3.4936984011437744e-3,5.67255902569741e-3,0e0,1.130980590096442e-2,6.274094339460135e-4,3.4620228107087314e-3,8.848309880704619e-4,0e0,0e0,6.322524805000285e-4,0e0,0e0,0e0,0e0,0e0,6,2,2,2,0,8,2,4,2,0,0,4,0,0,0,0,0,26,23,34,27,0,195,84,41,34,12,11,57,0,0,0,0,0
41,1,1,0.3,1,0,480,5.67037003202131e-3,2.5293124781455845e-4,1.2625411327462643e-3,4.282132838852704e-3,0e0,2.647453780809883e-3,5.8293389884056523e-5,8.113921212498099e-4,2.1417936659418046e-3,0e0,0e0,3.588064491850673e-4,0e0,0e0,0e0,0e0,0e0,6,2,2,2,0,8,2,4,2,0,0,4,0,0,0,0,0,25,23,34,32,12,176,98,36,22,18,8,60,0,0,0,0,0
41,1,1,0.3,1,0,600,5.228310837992467e-3,1.150571724792826e-4,4.7424623335245997e-4,7.098323112586513e-4,0e0,2.2942689615774725e-3,3.4208786746603437e-4,6.429382192436606e-4,9.315987481386401e-4,0e0,0e0,1.0036738876806339e-4,0e0,0e0,0e0,0e0,0e0,6,2,2,2,0,8,2,4,2,0,0,4,0,0,0,0,0,29,21,34,34,6,175,97,34,28,18,0,68,0,0,0,0,0
41,1,1,0.3,1,0,720,1.7312828786089085e-3,1.0415530778118409e-4,7.643192020623246e-5,4.3816992547363043e-4,0e0,2.0177402117269594e-3,3.4065426734741777e-4,8.805404795566574e-4,3.3397533115930855e-5,0e0,0e0,4.012965280253411e-5,0e0,0e0,0e0,0e0,0e0,6,2,2,2,0,8,2,4,2,0,0,4,0,0,0,0,0,32,17,34,34,20,156,100,34,34,15,3,65,0,0,0,0,0
41,1,1,0.3,1,0,840,1.5811414523341227e-3,1.0222339824395021e-5,6.169926928123459e-5,3.589513580664061e-4,0e0,1.6208872212928327e-3,4.2343024688307196e-4,4.7435861779376864e-4,4.764527830047882e-6,0e0,0e0,2.0330772713350598e-5,0e0,0e0,0e0,0e0,0e0,6,2,2,2,0,8,2,4,2,0,0,4,0,0,0,0,0,34,16,34,34,22,154,99,34,34,15,0,68,0,0,0,0,0
41,1,1,0.3,1,0,960,7.720541252638213e-4,2.525535296626913e-5,1.2934798724018037e-4,3.244796098442748e-4,0e0,1.4647510743088787e-3,2.8631680106627755e-4,2.3124228209780995e-4,2.0240111666680605e-6,0e0,0e0,2.192507463405491e-5,0e0,0e0,0e0,0e0,0e0,6,2,2,2,0,8,2,4,2,0,0,4,0,0,0,0,0,34,14,34,34,22,159,99,31,34,15,0,68,0,0,0,0,0
41,1,1,0.3,1,0,1080,5.053488484918489e-4,2.5267396495110006e-5,2.1713757814723067e-4,1.6841696196934208e-4,0e0,1.4909945641647937e-3,2.9944586276542395e-4,2.604867931950139e-4,2.892093903028581e-6,0e0,0e0,2.1257145874642447e-5,0e0,0e0,0e0,0e0,0e0,6,2,2,2,0,8,2,4,2,0,0,4,0,0,0,0,0,34,12,34,34,20,163,99,32,34,14,0,68,0,0,0,0,0
41,1,1,0.3,1,0,1200,4.891369489996578e-4,1.8960210127261234e-5,2.171885826101061e-4,1.3151480379747227e-4,0e0,1.5359226249529456e-3,3.0859257094562054e-4,2.257969754282385e-4,7.074827180986176e-6,0e0,0e0,2.6248200811096467e-5,0e0,0e0,0e0,0e0,0e0,6,2,2,2,0,8,2,4,2,0,0,4,0,0,0,0,0,34,11,34,34,20,164,99,32,34,14,0,68,0,0,0,0,0
41,1,1,0.3,1,1,1320,7.948601341922767e-5,3.757063295779517e-4,6.812611391069368e-4,2.0615273460862227e-3,8.938253813539632e-6,0e0,0e0,6.49158981104847e-4,0e0,1.0281034628860652e-3,2.892988341045566e-4,7.614881805473317e-4,0e0,0e0,6.708656769660593e-5,1.7266453591560094e-3,0e0,2,4,2,6,2,0,0,2,0,2,2,4,0,0,2,4,0,0,102,102,4,34,0,0,64,0,8,144,34,0,0,38,14,0
41,1,1,0.3,1,1,1440,2.040139833070498e-6,6.009128733239777e-4,8.812703017611057e-4,9.538302088003547e-4,1.4252890108146232e-5,0e0,0e0,2.2959372290642932e-4,0e0,5.69450538023375e-4,2.543920199968852e-4,7.544226785967112e-4,0e0,0e0,5.722785545003717e-5,1.2040278261338244e-3,0e0,2,4,2,6,2,0,0,2,0,2,2,4,0,0,2,4,0,0,107,87,4,34,0,10,64,0,10,142,34,0,0,38,14,0
41,1,1,0.3,1,1,1560,7.612560352754372e-6,7.253991118432168e-4,7.564422703580931e-4,5.128070197315537e-4,9.472864803683478e-6,0e0,0e0,8.695476935827173e-5,0e0,2.9643886955454946e-4,1.9171222811564803e-4,5.893374213457037e-4,0e0,0e0,8.409270927245416e-5,9.056344192686083e-4,0e0,2,4,2,6,2,0,0,2,0,2,2,4,0,0,2,4,0,0,111,80,4,34,0,13,64,0,10,142,34,0,0,38,14,0
41,1,1,0.3,1,1,1680,1.693362696641998e-5,7.393194573523942e-4,5.768595437984914e-4,4.57879199529998e-4,1.7331414653654065e-5,0e0,0e0,7.081353760440834e-5,0e0,1.2185682862764224e-4,1.7219282017322257e-4,4.3876595327674295e-4,0e0,0e0,1.21600594411575e-4,7.279709952854319e-4,0e0,2,4,2,6,2,0,0,2,0,2,2,4,0,0,2,4,0,0,111,79,4,34,0,14,64,0,12,140,34,0,0,38,14,0
41,1,1,0.3,1,1,1800,2.1763563381682616e-5,7.18443033292715e-4,4.4599733519135043e-4,4.7812320190132596e-4,2.419891561089571e-5,0e0,0e0,7.513927903346485e-5,0e0,5.736063758376986e-5,1.7723453129292466e-4,3.6352609572531946e-4,0e0,0e0,1.5570396772091044e-4,6.335799771477468e-4,0e0,2,4,2,6,2,0,0,2,0,2,2,4,0,0,2,4,0,0,111,79,4,34,0,14,64,0,12,142,34,0,0,36,14,0
41,1,1,0.3,1,1,1920,2.1606720110867172e-5,6.897696912346873e-4,3.7338235051720403e-4,5.00644189742161e-4,2.5535615463923023e-5,0e0,0e0,8.054597310547251e-5,0e0,3.7881836760789156e-5,1.775883065420203e-4,3.3179354841195163e-4,0e0,0e0,1.809313370131349e-4,5.803977073810529e-4,0e0,2,4,2,6,2,0,0,2,0,2,2,4,0,0,2,4,0,0,111,79,4,34,0,14,64,0,12,142,34,0,0,36,14,0
41,1,1,0.3,1,1,2040,1.9295956008136272e-5,6.645420853601536e-4,3.3294832974206656e-4,5.158476269571111e-4,2.3501169096107333e-5,0e0,0e0,8.460785284114536e-5,0e0,3.063486656174064e-5,1.6885258810361847e-4,3.170847576257074e-4,0e0,0e0,1.9870365827046044e-4,5.481044154294068e-4,0e0,2,4,2,6,2,0,0,2,0,2,2,4,0,0,2,4,0,0,111,79,4,34,0,14,64,0,12,142,34,0,0,36,14,0
41,1,1,0.3,1,1,2160,1.7116528397309594e-5,6.454150357058097e-4,3.0815212812740356e-4,5.255170181044377e-4,2.0500190203165403e-5,0e0,0e0,8.759987986195483e-5,0e0,2.6337577310187044e-5,1.5556085418211296e-4,3.084212621615734e-4,0e0,0e0,2.1175820415919588e-4,5.260880188870942e-4,0e0,2,4,2,6,2,0,0,2,0,2,2,4,0,0,2,4,0,0,111,79,4,34,0,14,64,0,12,142,34,0,0,36,14,0
41,1,1,0.3,1,1,2280,1.5988029190339148e-5,6.319209351204336e-4,2.912650197686162e-4,5.31913267877826e-4,1.7791368918551598e-5,0e0,0e0,8.999528608910623e-5,0e0,2.2915302452020114e-5,1.413540267094504e-4,3.0183322360244347e-4,0e0,0e0,2.2189878768585913e-4,5.092128376418259e-4,0e0,2,4,2,6,2,0,0,2,0,2,2,4,0,0,2,4,0,0,111,79,4,34,0,14,64,0,12,142,34,0,0,36,14,0
41,1,1,0.3,1,1,2400,1.5658840311516542e-5,6.201688088367519e-4,2.8049381035089027e-4,5.374478050725884e-4,1.7879803181131138e-5,0e0,0e0,9.211159022015636e-5,0e0,2.1284683043631958e-5,1.2748518929583952e-4,3.011999451700831e-4,0e0,0e0,2.2599751355301123e-4,4.98398158015334e-4,0e0,2,4,2,6,2,0,0,2,0,2,2,4,0,0,2,4,0,0,111,79,4,34,0,14,64,0,12,142,34,0,0,36,14,0
41,1,1,0.3,1,2,2520,2.0111438643652946e-3,4.6171500798664056e-4,6.606194638152374e-4,2.471360812705825e-5,9.451797741348855e-4,1.1912812406080775e-3,8.782525546848774e-4,0e0,0e0,0e0,0e0,0e0,2.5830039230640978e-2,5.727366944483947e-3,2.0965894873370416e-4,0e0,0e0,2,4,4,2,2,4,2,0,0,0,0,0,4,4,4,0,0,0,68,68,0,34,80,72,0,0,4,67,0,62,70,19,0,0
41,1,1,0.3,1,2,2640,2.9324903516680934e-4,4.582019300869433e-4,7.946658115542959e-4,2.3843814233259764e-5,5.168742864043452e-4,7.331300585065037e-4,3.639006972662173e-4,0e0,0e0,0e0,0e0,0e0,2.4778421851806343e-2,5.148516356712207e-3,3.84656432288466e-4,0e0,0e0,2,4,4,2,2,4,2,0,0,0,0,0,4,4,4,0,0,0,68,68,0,34,83,67,0,6,6,69,0,56,68,19,0,0
41,1,1,0.3,1,2,2760,2.472524784025154e-4,3.159101220262528e-4,6.650826144323219e-4,2.415996277704835e-5,2.8007699074805714e-4,3.0422097188420594e-4,2.5072904463740997e-4,0e0,0e0,0e0,0e0,0e0,2.4665007600560784e-2,4.738697229186073e-3,3.1271019179257564e-4,0e0,0e0,2,4,4,2,2,4,2,0,0,0,0,0,4,4,4,0,0,0,68,68,0,34,81,67,0,28,6,71,0,34,68,19,0,0
41,1,1,0.3,1,2,2880,2.8609805849555414e-4,2.3142049280977517e-4,3.915383513231063e-4,2.6850910217035562e-5,9.108396398005425e-5,1.2068593605363276e-4,2.3868012067396194e-4,0e0,0e0,0e0,0e0,0e0,2.44947595638223e-2,4.294884565752e-3,2.3893616435088916e-4,0e0,0e0,2,4,4,2,2,4,2,0,0,0,0,0,4,4,4,0,0,0,68,68,0,34,80,66,0,26,8,73,0,34,68,19,0,0
41,1,1,0.3,1,2,3000,2.812482216540957e-4,2.2569959674001439e-4,1.987908312912623e-4,2.7669299015542492e-5,1.6723951617336752e-4,5.673297619068762e-5,2.4304704857058823e-4,0e0,0e0,0e0,0e0,0e0,2.4322780373040587e-2,3.841610887320712e-3,1.92908124972746e-4,0e0,0e0,2,4,4,2,2,4,2,0,0,0,0,0,4,4,4,0,0,0,68,68,0,34,79,67,0,26,8,72,0,34,68,20,0,0
41,1,1,0.3,1,2,3120,2.719556250667665e-4,2.440383341308916e-4,1.3331305740393873e-4,2.9789349355269223e-5,3.3298645121249137e-6,6.064103217795491e-5,2.3657317797187716e-4,0e0,0e0,0e0,0e0,0e0,2.4298007192555815e-2,3.342388808960095e-3,1.7191272945638048e-4,0e0,0e0,2,4,4,2,2,4,2,0,0,0,0,0,4,4,4,0,0,0,68,68,0,34,79,67,0,26,8,72,0,34,68,20,0,0
41,1,1,0.3,1,2,3240,2.3533698004030157e-4,2.532930884626694e-4,1.258963002328528e-4,3.0344152946781833e-5,2.2072238607506733e-5,6.919725524312526e-5,2.0701061293948442e-4,0e0,0e0,0e0,0e0,0e0,2.4313322675880045e-2,2.7308077114867046e-3,1.7219757091879728e-4,0e0,0e0,2,4,4,2,2,4,2,0,0,0,0,0,4,4,4,0,0,0,68,68,0,34,80,66,0,26,8,72,0,34,68,20,0,0
41,1,1,0.3,1,2,3360,1.9800341033260338e-4,2.5373603057232685e-4,1.4233299589250237e-4,3.117032701993594e-5,3.1357493753603194e-5,8.362177891285683e-5,1.783310144674033e-4,0e0,0e0,0e0,0e0,0e0,2.433039149036631e-2,2.041845116764307e-3,1.9265614992036717e-4,0e0,0e0,2,4,4,2,2,4,2,0,0,0,0,0,4,4,4,0,0,0,68,68,0,34,80,64,0,26,8,74,0,34,68,20,0,0
41,1,1,0.3,1,2,3480,1.960944882739568e-4,2.674135403140099e-4,1.7706221660773735e-4,3.218151618966658e-5,3.7323616197681986e-5,1.0257426129101077e-4,1.7037950601661578e-4,0e0,0e0,0e0,0e0,0e0,2.4127693905029446e-2,1.4294690772658214e-3,2.334885875825421e-4,0e0,0e0,2,4,4,2,2,4,2,0,0,0,0,0,4,4,4,0,0,0,68,68,0,34,80,64,0,26,8,74,0,34,68,20,0,0
41,1,1,0.3,1,2,3600,2.527716387703549e-4,3.045456760446541e-4,2.3156185852712952e-4,3.344234391988721e-5,4.269252167432569e-5,1.2584404885274125e-4,2.0350443810457364e-4,0e0,0e0,0e0,0e0,0e0,2.3576432722620666e-2,1.026896119583398e-3,2.8736796957673505e-4,0e0,0e0,2,4,4,2,2,4,2,0,0,0,0,0,4,4,4,0,0,0,68,68,0,34,81,63,0,26,8,74,0,34,68,20,0,0
