seed,omega,adaptive,step,source_residual_sse_0,source_residual_sse_1,source_residual_sse_2,source_residual_sse_3,source_residual_sse_4,source_residual_sse_5,source_residual_sse_6,source_residual_sse_7,source_residual_sse_8,source_residual_sse_9,source_residual_sse_10,source_residual_sse_11,source_residual_sse_12,source_residual_sse_13,source_residual_sse_14,source_residual_sse_15,source_residual_sse_16,path_visits_0,path_visits_1,path_visits_2,path_visits_3,path_visits_4,path_visits_5,path_visits_6,path_visits_7,path_visits_8,path_visits_9,path_visits_10,path_visits_11,path_visits_12,path_visits_13,path_visits_14,path_visits_15,path_visits_16
7,0.0,0,40,2.5333295980090043e-5,0e0,8.039799467951525e-5,3.625280874075543e-5,1.4987900613050442e-4,0e0,1.3915046292822808e-4,1.0181044899582048e-4,0e0,4.0360854995924456e-6,0e0,6.33281179034384e-5,3.700385605043266e-5,0e0,4.605200774676632e-5,1.0510236074878776e-4,0e0,34,0,0,34,58,34,68,68,10,68,0,68,0,0,34,68,0
7,0.0,0,80,1.514744016617442e-5,0e0,2.93147963930096e-5,1.63719329293599e-5,3.85040139008197e-5,0e0,2.0685995423264103e-5,2.396497529844055e-5,0e0,4.6152613464300885e-7,0e0,1.4450265666710038e-5,2.6138985504076118e-5,0e0,1.2908410326417652e-5,4.6779286094533745e-5,0e0,34,0,0,34,61,34,68,68,7,68,0,69,0,0,34,67,0
7,0.0,0,120,3.461130319237782e-6,0e0,7.532443419222545e-6,3.839588657683635e-6,8.491456412684784e-6,0e0,4.516568139933952e-6,5.085946867211533e-6,0e0,2.3312641062034345e-7,0e0,3.370819499082245e-6,4.159909963163955e-6,0e0,3.5808843676932156e-6,1.005651104435401e-5,0e0,34,0,0,34,68,34,68,68,0,68,0,70,0,0,34,66,0
7,0.0,0,160,4.883526978360919e-7,0e0,1.1015801320013452e-6,5.418478892238454e-7,1.2970466336525988e-6,0e0,6.624423463108542e-7,7.686580474342009e-7,0e0,3.341854437621805e-8,0e0,5.15988013205515e-7,6.336171622933762e-7,0e0,5.328540311211327e-7,1.4654430096072701e-6,0e0,34,0,0,34,68,34,68,68,0,68,0,71,0,0,34,65,0
7,0.0,0,200,4.745314852172555e-8,0e0,1.055336129596185e-7,5.249878221036397e-8,1.232573492160327e-7,0e0,6.331853796837095e-8,7.316126815481994e-8,0e0,3.0661517769203783e-9,0e0,4.827153077258117e-8,6.200899349551037e-8,0e0,4.984264734275712e-8,1.4242305468314953e-7,0e0,34,0,0,34,68,34,68,68,0,68,0,71,0,0,34,65,0
7,0.0,0,240,2.811668675661849e-9,0e0,6.1982934340676366e-9,3.0897924219175366e-9,7.259038259377348e-9,0e0,3.6756429011575165e-9,4.306879297644173e-9,0e0,1.6548629133694703e-10,0e0,2.832052814483177e-9,3.645774349081421e-9,0e0,2.9441622473314055e-9,8.412051499817608e-9,0e0,34,0,0,34,68,34,68,68,0,68,0,71,0,0,34,65,0
7,0.0,0,280,9.231171382850789e-11,0e0,2.0027091096608274e-10,1.0012479734200497e-10,2.334432647188578e-10,0e0,1.1606893224325177e-10,1.3781420449276993e-10,0e0,4.156675004196586e-12,0e0,9.548983825879986e-11,1.1187939463752627e-10,0e0,9.687894930721086e-11,2.7002755587091087e-10,0e0,34,0,0,34,68,34,68,68,0,68,0,71,0,0,34,65,0
7,0.0,0,320,1.5936141295469497e-12,0e0,2.431832513138943e-12,1.092459456231154e-12,3.3011371414204405e-12,0e0,8.562039965909207e-13,1.3944401189291966e-12,0e0,6.394884621840902e-14,0e0,1.6058265828178264e-12,7.682743330406083e-13,0e0,1.9682033780554775e-12,4.948930154569098e-12,0e0,34,0,0,34,68,34,68,68,0,68,0,71,0,0,34,65,0
7,0.0,0,360,2.3514523661560816e-13,0e0,5.329070518200751e-15,1.5987211554602254e-14,4.9960036108132044e-14,0e0,3.907985046680551e-14,7.460698725481052e-14,0e0,1.2079226507921703e-13,0e0,4.654054919228656e-13,6.483702463810914e-14,0e0,6.394884621840902e-14,3.055333763768431e-13,0e0,34,0,0,34,68,34,68,68,0,68,0,71,0,0,34,65,0
7,0.0,0,400,2.55351295663786e-13,0e0,4.440892098500626e-15,8.881784197001252e-15,5.262457136723242e-14,0e0,8.615330671091215e-14,6.750155989720952e-14,0e0,1.4033219031261979e-13,0e0,3.375077994860476e-13,1.1457501614131615e-13,0e0,7.105427357601002e-14,2.1671553440683056e-13,0e0,34,0,0,34,68,34,68,68,0,68,0,71,0,0,34,65,0
7,0.0,0,440,2.4558133304708463e-13,0e0,4.440892098500626e-15,8.881784197001252e-15,5.10702591327572e-14,0e0,7.549516567451064e-14,6.483702463810914e-14,0e0,1.5276668818842154e-13,0e0,3.801403636316536e-13,1.1457501614131615e-13,0e0,7.105427357601002e-14,2.2026824808563106e-13,0e0,34,0,0,34,68,34,68,68,0,68,0,71,0,0,34,65,0
7,0.0,0,480,2.48245868306185e-13,0e0,4.440892098500626e-15,8.881784197001252e-15,4.9960036108132044e-14,0e0,7.549516567451064e-14,6.483702463810914e-14,0e0,1.4033219031261979e-13,0e0,3.836930773104541e-13,1.1457501614131615e-13,0e0,7.105427357601002e-14,2.2026824808563106e-13,0e0,34,0,0,34,68,34,68,68,0,68,0,71,0,0,34,65,0
7,0.0,0,520,2.375877272697835e-13,0e0,4.440892098500626e-15,8.881784197001252e-15,5.3734794391857577e-14,0e0,8.615330671091215e-14,6.750155989720952e-14,0e0,1.4033219031261979e-13,0e0,3.339550858072471e-13,1.1457501614131615e-13,0e0,7.105427357601002e-14,2.7355895326763857e-13,0e0,34,0,0,34,68,34,68,68,0,68,0,71,0,0,34,65,0
7,0.0,0,560,2.402522625288839e-13,0e0,4.440892098500626e-15,8.881784197001252e-15,5.1736392947532295e-14,0e0,8.615330671091215e-14,6.750155989720952e-14,0e0,1.4033219031261979e-13,0e0,3.375077994860476e-13,1.1457501614131615e-13,0e0,7.105427357601002e-14,2.3092638912203256e-13,0e0,34,0,0,34,68,34,68,68,0,68,0,71,0,0,34,65,0
7,0.0,0,600,2.48245868306185e-13,0e0,4.440892098500626e-15,9.325873406851315e-15,5.1736392947532295e-14,0e0,7.549516567451064e-14,7.194245199571014e-14,0e0,1.5276668818842154e-13,0e0,4.334310688136611e-13,1.1457501614131615e-13,0e0,7.105427357601002e-14,2.2026824808563106e-13,0e0,34,0,0,34,68,34,68,68,0,68,0,71,0,0,34,65,0
7,0.0,0,640,2.48245868306185e-13,0e0,4.440892098500626e-15,8.881784197001252e-15,5.262457136723242e-14,0e0,8.615330671091215e-14,6.750155989720952e-14,0e0,1.2079226507921703e-13,0e0,3.339550858072471e-13,1.1457501614131615e-13,0e0,7.105427357601002e-14,2.3447910280083306e-13,0e0,34,0,0,34,68,34,68,68,0,68,0,71,0,0,34,65,0
7,0.0,0,680,2.402522625288839e-13,0e0,4.440892098500626e-15,8.881784197001252e-15,5.306866057708248e-14,0e0,8.615330671091215e-14,6.750155989720952e-14,0e0,1.4033219031261979e-13,0e0,3.375077994860476e-13,1.1457501614131615e-13,0e0,7.105427357601002e-14,2.877698079828406e-13,0e0,34,0,0,34,68,34,68,68,0,68,0,71,0,0,34,65,0
7,0.0,0,720,2.4558133304708463e-13,0e0,4.440892098500626e-15,8.881784197001252e-15,4.9960036108132044e-14,0e0,7.549516567451064e-14,6.750155989720952e-14,0e0,1.4033219031261979e-13,0e0,3.801403636316536e-13,1.1457501614131615e-13,0e0,7.105427357601002e-14,2.2026824808563106e-13,0e0,34,0,0,34,68,34,68,68,0,68,0,71,0,0,34,65,0
7,0.0,0,760,2.48245868306185e-13,0e0,4.440892098500626e-15,8.881784197001252e-15,5.262457136723242e-14,0e0,8.615330671091215e-14,6.750155989720952e-14,0e0,1.4033219031261979e-13,0e0,3.375077994860476e-13,1.1457501614131615e-13,0e0,7.105427357601002e-14,2.877698079828406e-13,0e0,34,0,0,34,68,34,68,68,0,68,0,71,0,0,34,65,0
7,0.0,0,800,2.4358293160275934e-13,0e0,4.440892098500626e-15,8.881784197001252e-15,5.262457136723242e-14,0e0,8.615330671091215e-14,6.750155989720952e-14,0e0,1.4033219031261979e-13,0e0,3.801403636316536e-13,1.1457501614131615e-13,0e0,7.105427357601002e-14,2.4868995751603507e-13,0e0,34,0,0,34,68,34,68,68,0,68,0,71,0,0,34,65,0
7,0.0,0,840,2.48245868306185e-13,0e0,4.440892098500626e-15,8.881784197001252e-15,5.262457136723242e-14,0e0,8.615330671091215e-14,6.750155989720952e-14,0e0,1.2079226507921703e-13,0e0,3.801403636316536e-13,1.1457501614131615e-13,0e0,7.105427357601002e-14,2.2026824808563106e-13,0e0,34,0,0,34,68,34,68,68,0,68,0,71,0,0,34,65,0
7,0.0,0,880,2.375877272697835e-13,0e0,4.440892098500626e-15,8.881784197001252e-15,5.3734794391857577e-14,0e0,8.615330671091215e-14,6.750155989720952e-14,0e0,1.2079226507921703e-13,0e0,3.375077994860476e-13,1.1457501614131615e-13,0e0,7.105427357601002e-14,2.2026824808563106e-13,0e0,34,0,0,34,68,34,68,68,0,68,0,71,0,0,34,65,0
7,0.0,0,920,2.375877272697835e-13,0e0,4.440892098500626e-15,8.881784197001252e-15,5.46229728115577e-14,0e0,7.549516567451064e-14,6.483702463810914e-14,0e0,1.2079226507921703e-13,0e0,3.801403636316536e-13,1.1457501614131615e-13,0e0,7.105427357601002e-14,2.4868995751603507e-13,0e0,34,0,0,34,68,34,68,68,0,68,0,71,0,0,34,65,0
7,0.0,0,960,2.48245868306185e-13,0e0,4.440892098500626e-15,8.881784197001252e-15,5.0182080713057076e-14,0e0,8.615330671091215e-14,6.750155989720952e-14,0e0,1.2079226507921703e-13,0e0,3.375077994860476e-13,1.1457501614131615e-13,0e0,7.105427357601002e-14,2.913225216616411e-13,0e0,34,0,0,34,68,34,68,68,0,68,0,71,0,0,34,65,0
7,0.0,0,1000,2.402522625288839e-13,0e0,4.440892098500626e-15,8.881784197001252e-15,5.262457136723242e-14,0e0,7.549516567451064e-14,6.483702463810914e-14,0e0,1.4033219031261979e-13,0e0,3.836930773104541e-13,1.1457501614131615e-13,0e0,7.105427357601002e-14,2.1671553440683056e-13,0e0,34,0,0,34,68,34,68,68,0,68,0,71,0,0,34,65,0
7,0.0,0,1040,2.55351295663786e-13,0e0,4.440892098500626e-15,9.325873406851315e-15,5.440092820663267e-14,0e0,8.615330671091215e-14,4.707345624410664e-14,0e0,1.4033219031261979e-13,0e0,3.375077994860476e-13,1.1457501614131615e-13,0e0,7.105427357601002e-14,2.913225216616411e-13,0e0,34,0,0,34,68,34,68,68,0,68,0,71,0,0,34,65,0
7,0.0,0,1080,2.5979218776228663e-13,0e0,4.440892098500626e-15,8.881784197001252e-15,4.463096558993129e-14,0e0,8.615330671091215e-14,6.750155989720952e-14,0e0,1.5276668818842154e-13,0e0,3.339550858072471e-13,1.1457501614131615e-13,0e0,7.105427357601002e-14,2.2026824808563106e-13,0e0,34,0,0,34,68,34,68,68,0,68,0,71,0,0,34,65,0
7,0.0,0,1120,2.5623947408348613e-13,0e0,4.440892098500626e-15,8.881784197001252e-15,5.440092820663267e-14,0e0,8.615330671091215e-14,6.750155989720952e-14,0e0,1.2079226507921703e-13,0e0,3.339550858072471e-13,1.1457501614131615e-13,0e0,7.105427357601002e-14,2.2026824808563106e-13,0e0,34,0,0,34,68,34,68,68,0,68,0,71,0,0,34,65,0
7,0.0,0,1160,2.48245868306185e-13,0e0,4.440892098500626e-15,8.881784197001252e-15,5.551115123125783e-14,0e0,6.128431095930864e-14,6.750155989720952e-14,0e0,1.4033219031261979e-13,0e0,3.375077994860476e-13,1.1457501614131615e-13,0e0,7.105427357601002e-14,2.877698079828406e-13,0e0,34,0,0,34,68,34,68,68,0,68,0,71,0,0,34,65,0
7,0.0,0,1200,2.375877272697835e-13,0e0,4.440892098500626e-15,8.881784197001252e-15,4.907185768843192e-14,0e0,8.615330671091215e-14,6.750155989720952e-14,0e0,1.4033219031261979e-13,0e0,2.8066438062523957e-13,1.1013412404281553e-13,0e0,7.105427357601002e-14,3.055333763768431e-13,0e0,34,0,0,34,68,34,68,68,0,68,0,71,0,0,34,65,0
7,0.0,1,40,2.5333295980090043e-5,0e0,8.039799467951525e-5,3.625280874075543e-5,1.4987900613050442e-4,0e0,1.3915046292822808e-4,1.0181044899582048e-4,0e0,4.0360854995924456e-6,0e0,6.33281179034384e-5,3.700385605043266e-5,0e0,4.605200774676632e-5,1.0510236074878776e-4,0e0,34,0,0,34,58,34,68,68,10,68,0,68,0,0,34,68,0
7,0.0,1,80,1.514744016617442e-5,0e0,2.93147963930096e-5,1.63719329293599e-5,3.85040139008197e-5,0e0,2.0685995423264103e-5,2.396497529844055e-5,0e0,4.6152613464300885e-7,0e0,1.4450265666710038e-5,2.6138985504076118e-5,0e0,1.2908410326417652e-5,4.6779286094533745e-5,0e0,34,0,0,34,61,34,68,68,7,68,0,69,0,0,34,67,0
7,0.0,1,120,3.461130319237782e-6,0e0,7.532443419222545e-6,3.839588657683635e-6,8.491456412684784e-6,0e0,4.516568139933952e-6,5.085946867211533e-6,0e0,2.3312641062034345e-7,0e0,3.370819499082245e-6,4.159909963163955e-6,0e0,3.5808843676932156e-6,1.005651104435401e-5,0e0,34,0,0,34,68,34,68,68,0,68,0,70,0,0,34,66,0
7,0.0,1,160,4.883526978360919e-7,0e0,1.1015801320013452e-6,5.418478892238454e-7,1.2970466336525988e-6,0e0,6.624423463108542e-7,7.686580474342009e-7,0e0,3.341854437621805e-8,0e0,5.15988013205515e-7,6.336171622933762e-7,0e0,5.328540311211327e-7,1.4654430096072701e-6,0e0,34,0,0,34,68,34,68,68,0,68,0,71,0,0,34,65,0
7,0.0,1,200,4.745314852172555e-8,0e0,1.055336129596185e-7,5.249878221036397e-8,1.232573492160327e-7,0e0,6.331853796837095e-8,7.316126815481994e-8,0e0,3.0661517769203783e-9,0e0,4.827153077258117e-8,6.200899349551037e-8,0e0,4.984264734275712e-8,1.4242305468314953e-7,0e0,34,0,0,34,68,34,68,68,0,68,0,71,0,0,34,65,0
7,0.0,1,240,2.811668675661849e-9,0e0,6.1982934340676366e-9,3.0897924219175366e-9,7.259038259377348e-9,0e0,3.6756429011575165e-9,4.306879297644173e-9,0e0,1.6548629133694703e-10,0e0,2.832052814483177e-9,3.645774349081421e-9,0e0,2.9441622473314055e-9,8.412051499817608e-9,0e0,34,0,0,34,68,34,68,68,0,68,0,71,0,0,34,65,0
7,0.0,1,280,9.231171382850789e-11,0e0,2.0027091096608274e-10,1.0012479734200497e-10,2.334432647188578e-10,0e0,1.1606893224325177e-10,1.3781420449276993e-10,0e0,4.156675004196586e-12,0e0,9.548983825879986e-11,1.1187939463752627e-10,0e0,9.687894930721086e-11,2.7002755587091087e-10,0e0,34,0,0,34,68,34,68,68,0,68,0,71,0,0,34,65,0
7,0.0,1,320,1.5936141295469497e-12,0e0,2.431832513138943e-12,1.092459456231154e-12,3.3011371414204405e-12,0e0,8.562039965909207e-13,1.3944401189291966e-12,0e0,6.394884621840902e-14,0e0,1.6058265828178264e-12,7.682743330406083e-13,0e0,1.9682033780554775e-12,4.948930154569098e-12,0e0,34,0,0,34,68,34,68,68,0,68,0,71,0,0,34,65,0
7,0.0,1,360,2.3514523661560816e-13,0e0,5.329070518200751e-15,1.5987211554602254e-14,4.9960036108132044e-14,0e0,3.907985046680551e-14,7.460698725481052e-14,0e0,1.2079226507921703e-13,0e0,4.654054919228656e-13,6.483702463810914e-14,0e0,6.394884621840902e-14,3.055333763768431e-13,0e0,34,0,0,34,68,34,68,68,0,68,0,71,0,0,34,65,0
7,0.0,1,400,2.55351295663786e-13,0e0,4.440892098500626e-15,8.881784197001252e-15,5.262457136723242e-14,0e0,8.615330671091215e-14,6.750155989720952e-14,0e0,1.4033219031261979e-13,0e0,3.375077994860476e-13,1.1457501614131615e-13,0e0,7.105427357601002e-14,2.1671553440683056e-13,0e0,34,0,0,34,68,34,68,68,0,68,0,71,0,0,34,65,0
7,0.0,1,440,2.4558133304708463e-13,0e0,4.440892098500626e-15,8.881784197001252e-15,5.10702591327572e-14,0e0,7.549516567451064e-14,6.483702463810914e-14,0e0,1.5276668818842154e-13,0e0,3.801403636316536e-13,1.1457501614131615e-13,0e0,7.105427357601002e-14,2.2026824808563106e-13,0e0,34,0,0,34,68,34,68,68,0,68,0,71,0,0,34,65,0
7,0.0,1,480,2.48245868306185e-13,0e0,4.440892098500626e-15,8.881784197001252e-15,4.9960036108132044e-14,0e0,7.549516567451064e-14,6.483702463810914e-14,0e0,1.4033219031261979e-13,0e0,3.836930773104541e-13,1.1457501614131615e-13,0e0,7.105427357601002e-14,2.2026824808563106e-13,0e0,34,0,0,34,68,34,68,68,0,68,0,71,0,0,34,65,0
7,0.0,1,520,2.375877272697835e-13,0e0,4.440892098500626e-15,8.881784197001252e-15,5.3734794391857577e-14,0e0,8.615330671091215e-14,6.750155989720952e-14,0e0,1.4033219031261979e-13,0e0,3.339550858072471e-13,1.1457501614131615e-13,0e0,7.105427357601002e-14,2.7355895326763857e-13,0e0,34,0,0,34,68,34,68,68,0,68,0,71,0,0,34,65,0
7,0.0,1,560,2.402522625288839e-13,0e0,4.440892098500626e-15,8.881784197001252e-15,5.1736392947532295e-14,0e0,8.615330671091215e-14,6.750155989720952e-14,0e0,1.4033219031261979e-13,0e0,3.375077994860476e-13,1.1457501614131615e-13,0e0,7.105427357601002e-14,2.3092638912203256e-13,0e0,34,0,0,34,68,34,68,68,0,68,0,71,0,0,34,65,0
7,0.0,1,600,2.48245868306185e-13,0e0,4.440892098500626e-15,9.325873406851315e-15,5.1736392947532295e-14,0e0,7.549516567451064e-14,7.194245199571014e-14,0e0,1.5276668818842154e-13,0e0,4.334310688136611e-13,1.1457501614131615e-13,0e0,7.105427357601002e-14,2.2026824808563106e-13,0e0,34,0,0,34,68,34,68,68,0,68,0,71,0,0,34,65,0
7,0.0,1,640,2.48245868306185e-13,0e0,4.440892098500626e-15,8.881784197001252e-15,5.262457136723242e-14,0e0,8.615330671091215e-14,6.750155989720952e-14,0e0,1.2079226507921703e-13,0e0,3.339550858072471e-13,1.1457501614131615e-13,0e0,7.105427357601002e-14,2.3447910280083306e-13,0e0,34,0,0,34,68,34,68,68,0,68,0,71,0,0,34,65,0
7,0.0,1,680,2.402522625288839e-13,0e0,4.440892098500626e-15,8.881784197001252e-15,5.306866057708248e-14,0e0,8.615330671091215e-14,6.750155989720952e-14,0e0,1.4033219031261979e-13,0e0,3.375077994860476e-13,1.1457501614131615e-13,0e0,7.105427357601002e-14,2.877698079828406e-13,0e0,34,0,0,34,68,34,68,68,0,68,0,71,0,0,34,65,0
7,0.0,1,720,2.4558133304708463e-13,0e0,4.440892098500626e-15,8.881784197001252e-15,4.9960036108132044e-14,0e0,7.549516567451064e-14,6.750155989720952e-14,0e0,1.4033219031261979e-13,0e0,3.801403636316536e-13,1.1457501614131615e-13,0e0,7.105427357601002e-14,2.2026824808563106e-13,0e0,34,0,0,34,68,34,68,68,0,68,0,71,0,0,34,65,0
7,0.0,1,760,2.48245868306185e-13,0e0,4.440892098500626e-15,8.881784197001252e-15,5.262457136723242e-14,0e0,8.615330671091215e-14,6.750155989720952e-14,0e0,1.4033219031261979e-13,0e0,3.375077994860476e-13,1.1457501614131615e-13,0e0,7.105427357601002e-14,2.877698079828406e-13,0e0,34,0,0,34,68,34,68,68,0,68,0,71,0,0,34,65,0
7,0.0,1,800,2.4358293160275934e-13,0e0,4.440892098500626e-15,8.881784197001252e-15,5.262457136723242e-14,0e0,8.615330671091215e-14,6.750155989720952e-14,0e0,1.4033219031261979e-13,0e0,3.801403636316536e-13,1.1457501614131615e-13,0e0,7.105427357601002e-14,2.4868995751603507e-13,0e0,34,0,0,34,68,34,68,68,0,68,0,71,0,0,34,65,0
7,0.0,1,840,2.48245868306185e-13,0e0,4.440892098500626e-15,8.881784197001252e-15,5.262457136723242e-14,0e0,8.615330671091215e-14,6.750155989720952e-14,0e0,1.2079226507921703e-13,0e0,3.801403636316536e-13,1.1457501614131615e-13,0e0,7.105427357601002e-14,2.2026824808563106e-13,0e0,34,0,0,34,68,34,68,68,0,68,0,71,0,0,34,65,0
7,0.0,1,880,2.375877272697835e-13,0e0,4.440892098500626e-15,8.881784197001252e-15,5.3734794391857577e-14,0e0,8.615330671091215e-14,6.750155989720952e-14,0e0,1.2079226507921703e-13,0e0,3.375077994860476e-13,1.1457501614131615e-13,0e0,7.105427357601002e-14,2.2026824808563106e-13,0e0,34,0,0,34,68,34,68,68,0,68,0,71,0,0,34,65,0
7,0.0,1,920,2.375877272697835e-13,0e0,4.440892098500626e-15,8.881784197001252e-15,5.46229728115577e-14,0e0,7.549516567451064e-14,6.483702463810914e-14,0e0,1.2079226507921703e-13,0e0,3.801403636316536e-13,1.1457501614131615e-13,0e0,7.105427357601002e-14,2.4868995751603507e-13,0e0,34,0,0,34,68,34,68,68,0,68,0,71,0,0,34,65,0
7,0.0,1,960,2.48245868306185e-13,0e0,4.440892098500626e-15,8.881784197001252e-15,5.0182080713057076e-14,0e0,8.615330671091215e-14,6.750155989720952e-14,0e0,1.2079226507921703e-13,0e0,3.375077994860476e-13,1.1457501614131615e-13,0e0,7.105427357601002e-14,2.913225216616411e-13,0e0,34,0,0,34,68,34,68,68,0,68,0,71,0,0,34,65,0
7,0.0,1,1000,2.402522625288839e-13,0e0,4.440892098500626e-15,8.881784197001252e-15,5.262457136723242e-14,0e0,7.549516567451064e-14,6.483702463810914e-14,0e0,1.4033219031261979e-13,0e0,3.836930773104541e-13,1.1457501614131615e-13,0e0,7.105427357601002e-14,2.1671553440683056e-13,0e0,34,0,0,34,68,34,68,68,0,68,0,71,0,0,34,65,0
7,0.0,1,1040,2.55351295663786e-13,0e0,4.440892098500626e-15,9.325873406851315e-15,5.440092820663267e-14,0e0,8.615330671091215e-14,4.707345624410664e-14,0e0,1.4033219031261979e-13,0e0,3.375077994860476e-13,1.1457501614131615e-13,0e0,7.105427357601002e-14,2.913225216616411e-13,0e0,34,0,0,34,68,34,68,68,0,68,0,71,0,0,34,65,0
7,0.0,1,1080,2.5979218776228663e-13,0e0,4.440892098500626e-15,8.881784197001252e-15,4.463096558993129e-14,0e0,8.615330671091215e-14,6.750155989720952e-14,0e0,1.5276668818842154e-13,0e0,3.339550858072471e-13,1.1457501614131615e-13,0e0,7.105427357601002e-14,2.2026824808563106e-13,0e0,34,0,0,34,68,34,68,68,0,68,0,71,0,0,34,65,0
7,0.0,1,1120,2.5623947408348613e-13,0e0,4.440892098500626e-15,8.881784197001252e-15,5.440092820663267e-14,0e0,8.615330671091215e-14,6.750155989720952e-14,0e0,1.2079226507921703e-13,0e0,3.339550858072471e-13,1.1457501614131615e-13,0e0,7.105427357601002e-14,2.2026824808563106e-13,0e0,34,0,0,34,68,34,68,68,0,68,0,71,0,0,34,65,0
7,0.0,1,1160,2.48245868306185e-13,0e0,4.440892098500626e-15,8.881784197001252e-15,5.551115123125783e-14,0e0,6.128431095930864e-14,6.750155989720952e-14,0e0,1.4033219031261979e-13,0e0,3.375077994860476e-13,1.1457501614131615e-13,0e0,7.105427357601002e-14,2.877698079828406e-13,0e0,34,0,0,34,68,34,68,68,0,68,0,71,0,0,34,65,0
7,0.0,1,1200,2.375877272697835e-13,0e0,4.440892098500626e-15,8.881784197001252e-15,4.907185768843192e-14,0e0,8.615330671091215e-14,6.750155989720952e-14,0e0,1.4033219031261979e-13,0e0,2.8066438062523957e-13,1.1013412404281553e-13,0e0,7.105427357601002e-14,3.055333763768431e-13,0e0,34,0,0,34,68,34,68,68,0,68,0,71,0,0,34,65,0
7,0.3,0,40,5.370918559492566e-3,0e0,5.0336027052253485e-3,4.7636202070862055e-3,9.689332418929553e-4,0e0,4.2147517524426803e-4,2.1412471505755093e-4,0e0,1.0162786929868162e-3,0e0,1.0940827560261823e-3,4.193859174847603e-3,0e0,1.3923174774390645e-3,4.466186976060271e-3,0e0,34,0,0,31,68,34,68,71,30,38,0,68,0,0,35,67,0
7,0.3,0,80,4.813530802493915e-3,0e0,4.95139230042696e-3,4.8896545195020735e-3,1.1039210057788296e-3,0e0,3.266476014687214e-4,3.5161684536433313e-4,0e0,9.852850926108658e-4,0e0,1.4414411343750544e-3,3.920555172953755e-3,0e0,1.3692254215129651e-3,4.498748603509739e-3,0e0,34,0,0,31,68,34,68,71,30,38,0,68,0,0,37,65,0
7,0.3,0,120,4.837780637899414e-3,0e0,4.9675252521410584e-3,4.880324355326593e-3,1.0963823260681238e-3,0e0,3.3272035216214135e-4,3.547803262335947e-4,0e0,9.719452064018697e-4,0e0,1.4726526569575071e-3,3.922848147340119e-3,0e0,1.3153492036508396e-3,4.4971957395318896e-3,0e0,34,0,0,31,68,34,68,71,30,38,0,68,0,0,36,66,0
7,0.3,0,160,4.834458755794913e-3,0e0,4.980454687029123e-3,4.8839012160897255e-3,1.098101934985607e-3,0e0,3.3358238579239696e-4,3.5458219099382404e-4,0e0,9.73468238953501e-4,0e0,1.4747036111657508e-3,3.931369341444224e-3,0e0,1.3005644796066917e-3,4.4840528862550855e-3,0e0,34,0,0,31,68,34,68,71,30,38,0,68,0,0,36,66,0
7,0.3,0,200,4.830126621527597e-3,0e0,4.987492400687188e-3,4.885080154053867e-3,1.0999872392858379e-3,0e0,3.329447645228356e-4,3.536299445840996e-4,0e0,9.741891699377447e-4,0e0,1.4762979553779587e-3,3.9316206239163876e-3,0e0,1.2977712322026491e-3,4.480070958379656e-3,0e0,34,0,0,31,68,34,68,71,30,38,0,68,0,0,36,66,0
7,0.3,0,240,4.828316959901713e-3,0e0,4.990654764696956e-3,4.885187780018896e-3,1.1011875430995133e-3,0e0,3.3243163488805294e-4,3.529871810314944e-4,0e0,9.743939444888383e-4,0e0,1.477524740039371e-3,3.930988255888224e-3,0e0,1.2966899812454358e-3,4.478842820390128e-3,0e0,34,0,0,31,68,34,68,71,30,38,0,68,0,0,36,66,0
7,0.3,0,280,4.827395197935402e-3,0e0,4.992355301510543e-3,4.885299596935511e-3,1.1017990291293245e-3,0e0,3.3219730175915174e-4,3.5267911152914166e-4,0e0,9.744800336193293e-4,0e0,1.4780721394345164e-3,3.930687205865979e-3,0e0,1.2961028769495897e-3,4.47811494814232e-3,0e0,34,0,0,31,68,34,68,71,30,38,0,68,0,0,36,66,0
7,0.3,0,320,4.826983204111457e-3,0e0,4.993067821487784e-3,4.885352565906942e-3,1.102075211747433e-3,0e0,3.3209861430805176e-4,3.5254101749160327e-4,0e0,9.745188435772434e-4,0e0,1.4783295409870334e-3,3.930546343326569e-3,0e0,1.2958623192389496e-3,4.477767288335599e-3,0e0,34,0,0,31,68,34,68,71,30,38,0,68,0,0,36,66,0
7,0.3,0,360,4.826825519558042e-3,0e0,4.993398964870721e-3,4.885369213297963e-3,1.102179037843598e-3,0e0,3.320562973385677e-4,3.524789735820377e-4,0e0,9.74531183601357e-4,0e0,1.4784320155740716e-3,3.9304897072725e-3,0e0,1.2957786311744712e-3,4.477648268220946e-3,0e0,34,0,0,31,68,34,68,71,30,38,0,68,0,0,36,66,0
7,0.3,0,400,4.826753807719797e-3,0e0,4.993489419575781e-3,4.885385977104306e-3,1.1022161088476423e-3,0e0,3.320401992823463e-4,3.524618150549941e-4,0e0,9.745431307237595e-4,0e0,1.4784686936764047e-3,3.93046869430691e-3,0e0,1.2957356520928442e-3,4.477610345929861e-3,0e0,34,0,0,31,68,34,68,71,30,38,0,68,0,0,36,66,0
7,0.3,0,440,4.826737742405385e-3,0e0,4.993520211428404e-3,4.88538749050349e-3,1.1022334765584674e-3,0e0,3.320336290926207e-4,3.5245699109509587e-4,0e0,9.745431307237595e-4,0e0,1.478480415244121e-3,3.93046421231702e-3,0e0,1.2957306244061328e-3,4.477597176446579e-3,0e0,34,0,0,31,68,34,68,71,30,38,0,68,0,0,36,66,0
7,0.3,0,480,4.826734511880204e-3,0e0,4.993532027583569e-3,4.885391681455076e-3,1.102236228689435e-3,0e0,3.320318828627933e-4,3.5245328763267025e-4,0e0,9.74545517237857e-4,0e0,1.4784768427489325e-3,3.930463921278715e-3,0e0,1.295721813221462e-3,4.4775949500035495e-3,0e0,34,0,0,31,68,34,68,71,30,38,0,68,0,0,36,66,0
7,0.3,0,520,4.826730044442229e-3,0e0,4.993532027583569e-3,4.885391681455076e-3,1.1022371327271685e-3,0e0,3.320318828627933e-4,3.5245328763267025e-4,0e0,9.74545517237857e-4,0e0,1.4784850791329518e-3,3.930463921278715e-3,0e0,1.295721813221462e-3,4.4775969290640205e-3,0e0,34,0,0,31,68,34,68,71,30,38,0,68,0,0,36,66,0
7,0.3,0,560,4.826730044442229e-3,0e0,4.993532027583569e-3,4.885391681455076e-3,1.1022354137821821e-3,0e0,3.320318828627933e-4,3.5245328763267025e-4,0e0,9.745472343638539e-4,0e0,1.4784850791329518e-3,3.930463921278715e-3,0e0,1.295721813221462e-3,4.4775969290640205e-3,0e0,34,0,0,31,68,34,68,71,30,38,0,68,0,0,36,66,0
7,0.3,0,600,4.826731950743124e-3,0e0,4.993532027583569e-3,4.885391681455076e-3,1.1022357775800629e-3,0e0,3.320336290926207e-4,3.5245328763267025e-4,0e0,9.74545517237857e-4,0e0,1.4784850791329518e-3,3.930463921278715e-3,0e0,1.295721813221462e-3,4.4775949500035495e-3,0e0,34,0,0,31,68,34,68,71,30,38,0,68,0,0,36,66,0
7,0.3,0,640,4.826735210372135e-3,0e0,4.993532027583569e-3,4.885391681455076e-3,1.1022366670658812e-3,0e0,3.320318828627933e-4,3.5245389881310984e-4,0e0,9.74545517237857e-4,0e0,1.4784825616516173e-3,3.930463921278715e-3,0e0,1.295721813221462e-3,4.4775915739592165e-3,0e0,34,0,0,31,68,34,68,71,30,38,0,68,0,0,36,66,0
7,0.3,0,680,4.826733813388273e-3,0e0,4.993532027583569e-3,4.885391681455076e-3,1.1022350809071213e-3,0e0,3.320318828627933e-4,3.5245328763267025e-4,0e0,9.745431307237595e-4,0e0,1.4784850791329518e-3,3.930463921278715e-3,0e0,1.295721813221462e-3,4.4775969290640205e-3,0e0,34,0,0,31,68,34,68,71,30,38,0,68,0,0,36,66,0
7,0.3,0,720,4.826739430427551e-3,0e0,4.993522772565484e-3,4.885391681455076e-3,1.1022366670658812e-3,0e0,3.320318828627933e-4,3.5245328763267025e-4,0e0,9.74545517237857e-4,0e0,1.4784768427489325e-3,3.930463921278715e-3,0e0,1.295721813221462e-3,4.4775915739592165e-3,0e0,34,0,0,31,68,34,68,71,30,38,0,68,0,0,36,66,0
7,0.3,0,760,4.826729345950298e-3,0e0,4.993522772565484e-3,4.885391681455076e-3,1.1022366670658812e-3,0e0,3.320318828627933e-4,3.5245328763267025e-4,0e0,9.745472343638539e-4,0e0,1.4784809900447726e-3,3.930463921278715e-3,0e0,1.295721813221462e-3,4.4775969290640205e-3,0e0,34,0,0,31,68,34,68,71,30,38,0,68,0,0,36,66,0
7,0.3,0,800,4.82673171791248e-3,0e0,4.993532027583569e-3,4.885391681455076e-3,1.1022354137821821e-3,0e0,3.320318828627933e-4,3.5245328763267025e-4,0e0,9.74545517237857e-4,0e0,1.4784850791329518e-3,3.930463921278715e-3,0e0,1.295721813221462e-3,4.4775969290640205e-3,0e0,34,0,0,31,68,34,68,71,30,38,0,68,0,0,36,66,0
7,0.3,0,840,4.826733813388273e-3,0e0,4.993532027583569e-3,4.885391681455076e-3,1.1022350063285558e-3,0e0,3.320336290926207e-4,3.5245389881310984e-4,0e0,9.74545517237857e-4,0e0,1.4784850791329518e-3,3.930463921278715e-3,0e0,1.295721813221462e-3,4.4775915739592165e-3,0e0,34,0,0,31,68,34,68,71,30,38,0,68,0,0,36,66,0
7,0.3,0,880,4.826733813388273e-3,0e0,4.993532027583569e-3,4.885391681455076e-3,1.1022354137821821e-3,0e0,3.320336290926207e-4,3.5245328763267025e-4,0e0,9.74545517237857e-4,0e0,1.4784768427489325e-3,3.930463921278715e-3,0e0,1.295721813221462e-3,4.4775915739592165e-3,0e0,34,0,0,31,68,34,68,71,30,38,0,68,0,0,36,66,0
7,0.3,0,920,4.826734511880204e-3,0e0,4.993532027583569e-3,4.885391681455076e-3,1.1022371327271685e-3,0e0,3.320318828627933e-4,3.5245328763267025e-4,0e0,9.74545517237857e-4,0e0,1.4784768427489325e-3,3.930463921278715e-3,0e0,1.295721813221462e-3,4.4775915739592165e-3,0e0,34,0,0,31,68,34,68,71,30,38,0,68,0,0,36,66,0
7,0.3,0,960,4.826732649235055e-3,0e0,4.993532027583569e-3,4.885391681455076e-3,1.1022354137821821e-3,0e0,3.320336290926207e-4,3.5245389881310984e-4,0e0,9.74545517237857e-4,0e0,1.4784850791329518e-3,3.930463921278715e-3,0e0,1.295721813221462e-3,4.477589594898745e-3,0e0,34,0,0,31,68,34,68,71,30,38,0,68,0,0,36,66,0
7,0.3,0,1000,4.8267382371705025e-3,0e0,4.993532027583569e-3,4.885391681455076e-3,1.1022371327271685e-3,0e0,3.320318828627933e-4,3.5245328763267025e-4,0e0,9.74545517237857e-4,0e0,1.4784809900447726e-3,3.930463921278715e-3,0e0,1.295721813221462e-3,4.4775969290640205e-3,0e0,34,0,0,31,68,34,68,71,30,38,0,68,0,0,36,66,0
7,0.3,0,1040,4.826734977541491e-3,0e0,4.993532027583569e-3,4.885391681455076e-3,1.1022345988749294e-3,0e0,3.320336290926207e-4,3.5245328763267025e-4,0e0,9.74545517237857e-4,0e0,1.4784809900447726e-3,3.930465318262577e-3,0e0,1.295721813221462e-3,4.477586800931022e-3,0e0,34,0,0,31,68,34,68,71,30,38,0,68,0,0,36,66,0
7,0.3,0,1080,4.826735443202779e-3,0e0,4.993532027583569e-3,4.885391681455076e-3,1.102234380596201e-3,0e0,3.320336290926207e-4,3.524540734360926e-4,0e0,9.74545517237857e-4,0e0,1.4784768427489325e-3,3.930466715246439e-3,0e0,1.2957212893525138e-3,4.477592156035826e-3,0e0,34,0,0,31,68,34,68,71,30,38,0,68,0,0,36,66,0
7,0.3,0,1120,4.826735850656405e-3,0e0,4.993532027583569e-3,4.885391681455076e-3,1.1022359376511304e-3,0e0,3.320336290926207e-4,3.524532003211789e-4,0e0,9.745479619596153e-4,0e0,1.4784768427489325e-3,3.930465318262577e-3,0e0,1.2957212893525138e-3,4.477592156035826e-3,0e0,34,0,0,31,68,34,68,71,30,38,0,68,0,0,36,66,0
7,0.3,0,1160,4.8267321835737675e-3,0e0,4.993532027583569e-3,4.885391681455076e-3,1.1022362432413502e-3,0e0,3.320336290926207e-4,3.5245328763267025e-4,0e0,9.74545517237857e-4,0e0,1.4784850791329518e-3,3.930463921278715e-3,0e0,1.295721813221462e-3,4.4775949500035495e-3,0e0,34,0,0,31,68,34,68,71,30,38,0,68,0,0,36,66,0
7,0.3,0,1200,4.826727832551114e-3,0e0,4.993532027583569e-3,4.885391681455076e-3,1.1022353701264365e-3,0e0,3.320318828627933e-4,3.524540734360926e-4,0e0,9.745472343638539e-4,0e0,1.478479418437928e-3,3.930465318262577e-3,0e0,1.2957212893525138e-3,4.477592156035826e-3,0e0,34,0,0,31,68,34,68,71,30,38,0,68,0,0,36,66,0
7,0.3,1,40,5.370918559492566e-3,0e0,5.0336027052253485e-3,4.7636202070862055e-3,9.689332418929553e-4,0e0,4.2147517524426803e-4,2.1412471505755093e-4,0e0,1.0162786929868162e-3,0e0,1.0940827560261823e-3,4.193859174847603e-3,0e0,1.3923174774390645e-3,4.466186976060271e-3,0e0,34,0,0,31,68,34,68,71,30,38,0,68,0,0,35,67,0
7,0.3,1,80,4.813530802493915e-3,0e0,4.95139230042696e-3,4.8896545195020735e-3,1.1039210057788296e-3,0e0,3.266476014687214e-4,3.5161684536433313e-4,0e0,9.852850926108658e-4,0e0,1.4414411343750544e-3,3.920555172953755e-3,0e0,1.3692254215129651e-3,4.498748603509739e-3,0e0,34,0,0,31,68,34,68,71,30,38,0,68,0,0,37,65,0
7,0.3,1,120,4.837780637899414e-3,0e0,4.9675252521410584e-3,4.880324355326593e-3,1.0963823260681238e-3,0e0,3.3272035216214135e-4,3.547803262335947e-4,0e0,9.719452064018697e-4,0e0,1.4726526569575071e-3,3.922848147340119e-3,0e0,1.3153492036508396e-3,4.4971957395318896e-3,0e0,34,0,0,31,68,34,68,71,30,38,0,68,0,0,36,66,0
7,0.3,1,160,4.834458755794913e-3,0e0,4.980454687029123e-3,4.8839012160897255e-3,1.098101934985607e-3,0e0,3.3358238579239696e-4,3.5458219099382404e-4,0e0,9.73468238953501e-4,0e0,1.4747036111657508e-3,3.931369341444224e-3,0e0,1.3005644796066917e-3,4.4840528862550855e-3,0e0,34,0,0,31,68,34,68,71,30,38,0,68,0,0,36,66,0
7,0.3,1,200,4.830126621527597e-3,0e0,4.987492400687188e-3,4.885080154053867e-3,1.0999872392858379e-3,0e0,3.329447645228356e-4,3.536299445840996e-4,0e0,9.741891699377447e-4,0e0,1.4762979553779587e-3,3.9316206239163876e-3,0e0,1.2977712322026491e-3,4.480070958379656e-3,0e0,34,0,0,31,68,34,68,71,30,38,0,68,0,0,36,66,0
7,0.3,1,240,4.828316959901713e-3,0e0,4.990654764696956e-3,4.885187780018896e-3,1.1011875430995133e-3,0e0,3.3243163488805294e-4,3.529871810314944e-4,0e0,9.743939444888383e-4,0e0,1.477524740039371e-3,3.930988255888224e-3,0e0,1.2966899812454358e-3,4.478842820390128e-3,0e0,34,0,0,31,68,34,68,71,30,38,0,68,0,0,36,66,0
7,0.3,1,280,4.827395197935402e-3,0e0,4.992355301510543e-3,4.885299596935511e-3,1.1017990291293245e-3,0e0,3.3219730175915174e-4,3.5267911152914166e-4,0e0,9.744800336193293e-4,0e0,1.4780721394345164e-3,3.930687205865979e-3,0e0,1.2961028769495897e-3,4.47811494814232e-3,0e0,34,0,0,31,68,34,68,71,30,38,0,68,0,0,36,66,0
7,0.3,1,320,4.826983204111457e-3,0e0,4.993067821487784e-3,4.885352565906942e-3,1.102075211747433e-3,0e0,3.3209861430805176e-4,3.5254101749160327e-4,0e0,9.745188435772434e-4,0e0,1.4783295409870334e-3,3.930546343326569e-3,0e0,1.2958623192389496e-3,4.477767288335599e-3,0e0,34,0,0,31,68,34,68,71,30,38,0,68,0,0,36,66,0
7,0.3,1,360,4.826825519558042e-3,0e0,4.993398964870721e-3,4.885369213297963e-3,1.102179037843598e-3,0e0,3.320562973385677e-4,3.524789735820377e-4,0e0,9.74531183601357e-4,0e0,1.4784320155740716e-3,3.9304897072725e-3,0e0,1.2957786311744712e-3,4.477648268220946e-3,0e0,34,0,0,31,68,34,68,71,30,38,0,68,0,0,36,66,0
7,0.3,1,400,4.826753807719797e-3,0e0,4.993489419575781e-3,4.885385977104306e-3,1.1022161088476423e-3,0e0,3.320401992823463e-4,3.524618150549941e-4,0e0,9.745431307237595e-4,0e0,1.4784686936764047e-3,3.93046869430691e-3,0e0,1.2957356520928442e-3,4.477610345929861e-3,0e0,34,0,0,31,68,34,68,71,30,38,0,68,0,0,36,66,0
7,0.3,1,440,4.826737742405385e-3,0e0,4.993520211428404e-3,4.88538749050349e-3,1.1022334765584674e-3,0e0,3.320336290926207e-4,3.5245699109509587e-4,0e0,9.745431307237595e-4,0e0,1.478480415244121e-3,3.93046421231702e-3,0e0,1.2957306244061328e-3,4.477597176446579e-3,0e0,34,0,0,31,68,34,68,71,30,38,0,68,0,0,36,66,0
7,0.3,1,480,3.036225534742698e-3,0e0,2.2927395184524357e-3,4.881698987446725e-3,4.841894733544905e-4,0e0,1.106287723814603e-3,3.253898903494701e-4,0e0,4.198366805212572e-4,0e0,1.0004059513448738e-3,3.8422149373218417e-3,0e0,9.441924339625984e-4,2.773169442662038e-3,0e0,34,0,22,29,68,34,46,73,30,38,0,68,0,0,35,67,0
7,0.3,1,520,2.9599656554637477e-3,0e0,2.213195024523884e-3,4.867015464697033e-3,1.7233132239198312e-3,0e0,9.260279912268743e-4,3.08037742797751e-4,0e0,5.180435327929445e-4,0e0,9.768877134774812e-4,1.1174988467246294e-3,0e0,8.307904172397684e-4,2.574415397248231e-3,0e0,34,0,18,29,68,34,50,73,19,49,0,68,0,0,34,68,0
7,0.3,1,560,1.750148016071762e-3,0e0,1.1138819390907884e-3,4.431115230545402e-3,1.722582175716525e-3,0e0,5.274150207696948e-4,5.676019409293076e-4,0e0,3.9282196212298004e-5,0e0,1.0004146097344346e-3,6.472984969150275e-4,0e0,3.463936291154823e-4,2.9234941393951885e-3,0e0,34,0,0,29,68,34,68,73,0,68,0,68,0,0,34,68,0
7,0.3,1,600,1.7100723525800277e-3,0e0,2.530556812416762e-3,2.6462459354661405e-3,2.068680536467582e-3,0e0,4.4389029062585905e-4,7.005538800513023e-4,0e0,2.01476109396026e-5,0e0,8.01513931946829e-4,6.728985608788207e-4,0e0,5.902523898839718e-4,1.5630728885298595e-3,0e0,34,0,18,34,68,34,50,68,0,68,0,68,0,0,34,68,0
7,0.3,1,640,1.0218560328212334e-3,0e0,2.3611587239429355e-3,2.8081066557206213e-3,1.0684985700208927e-3,0e0,2.5668884336482733e-4,6.759332341061963e-4,0e0,2.1975905474391766e-4,0e0,7.736733168712817e-4,3.377243338036351e-4,0e0,8.007677042769501e-4,1.5208991026156582e-3,0e0,34,0,9,34,68,34,59,68,0,68,0,68,0,0,34,68,0
7,0.3,1,680,8.81685763488349e-4,0e0,2.0144796726526693e-3,2.75514175882563e-3,1.1445119639574841e-3,0e0,5.108992700115778e-4,9.060705815500114e-4,0e0,1.9125156177324243e-4,0e0,7.945340494188713e-4,4.1252397932112217e-4,0e0,7.361619191215141e-4,1.1431000384618528e-3,0e0,34,0,0,34,68,34,68,68,0,68,0,68,0,0,34,68,0
7,0.3,1,720,9.337348219560226e-4,0e0,2.1146673534531146e-3,2.672542934305966e-3,1.132302805672225e-3,0e0,3.419922686589416e-4,9.287304637837224e-4,0e0,1.2539349154394586e-4,0e0,2.642424406076316e-4,4.284455644665286e-4,0e0,1.0145072956220247e-3,1.0586937205516733e-3,0e0,34,0,0,34,68,34,68,68,0,68,0,68,0,0,34,68,0
7,0.3,1,760,3.8862574820086593e-4,0e0,1.671178950346075e-3,2.8096986934542656e-3,2.4492344573445735e-4,0e0,1.1957516690017655e-3,5.72762295632856e-4,0e0,1.269859421881847e-4,0e0,7.89870650805824e-5,8.145900210365653e-5,0e0,3.9076163739082403e-4,4.739646228699712e-4,0e0,34,0,0,34,68,34,68,68,0,68,0,68,0,0,34,68,0
7,0.3,1,800,1.726914142636815e-4,0e0,9.777869054232724e-4,2.8753025690093637e-3,1.330598943241057e-4,0e0,8.704881183803082e-4,2.552991670654592e-4,0e0,3.286348135134176e-5,0e0,4.21295648038722e-5,1.1462101247161627e-4,0e0,4.880705350842618e-4,5.827627192047657e-4,0e0,34,0,0,34,68,34,68,68,0,68,0,68,0,0,34,68,0
7,0.3,1,840,1.516936852112849e-4,0e0,8.691482435096987e-4,2.818153239786625e-3,8.156952480931068e-5,0e0,8.415658958256245e-4,2.638953535551991e-4,0e0,9.139200756180799e-5,0e0,5.24029424013861e-5,1.0006324009737e-4,0e0,1.6318564075845643e-4,5.431566314655356e-4,0e0,34,0,0,34,68,34,68,68,0,68,0,68,0,0,34,68,0
7,0.3,1,880,2.3122147240428603e-4,0e0,9.026603001984768e-4,2.878764527849853e-3,6.324503556243144e-5,0e0,7.580425590276718e-4,2.485724987764115e-4,0e0,1.1255245999564067e-4,0e0,8.250628889072686e-5,9.230994328390807e-5,0e0,1.1005089208993013e-4,2.5537837700539967e-4,0e0,34,0,0,34,68,34,68,68,0,68,0,69,0,0,34,67,0
7,0.3,1,920,2.0953567855030997e-4,0e0,5.350384599296376e-4,2.4827562738209963e-3,7.491177984775277e-5,0e0,1.179464306915179e-3,1.6835660790093243e-4,0e0,1.0062828960144543e-4,0e0,5.713046994060278e-5,1.0397432197351009e-4,0e0,1.057986357864138e-4,3.3139329116238514e-4,0e0,34,0,0,34,68,34,68,68,0,68,0,68,0,0,34,68,0
7,0.3,1,960,2.486145776856574e-4,0e0,4.46572266810108e-4,2.3337163729593158e-3,8.844076182867866e-5,0e0,1.1478604283183813e-3,1.832938942243345e-4,0e0,5.203694396982428e-5,0e0,1.0004334524182923e-4,1.63225966389291e-4,0e0,1.1310569607303478e-4,2.1593698079414025e-4,0e0,34,0,0,34,68,34,68,68,0,68,0,69,0,0,34,67,0
7,0.3,1,1000,1.374385825556601e-4,0e0,3.2972216285998e-4,2.19532148912549e-3,6.618314000661485e-5,0e0,1.1177280102856457e-3,1.0994786225637654e-4,0e0,2.1815877335029654e-4,0e0,9.58823970904632e-5,1.209173642564565e-4,0e0,8.379712289752206e-5,2.662282382743797e-4,0e0,34,0,0,34,68,34,68,68,0,68,0,70,0,0,34,66,0
7,0.3,1,1040,1.590599988503527e-4,0e0,2.3873783356975764e-4,2.0509588066488504e-3,8.017059371923096e-5,0e0,1.2049033539369702e-3,9.491238324699225e-5,0e0,2.88080900645582e-4,0e0,1.1675508426378656e-4,1.4257248403737321e-4,0e0,5.298337237036321e-5,1.269980596134701e-4,0e0,34,0,0,34,68,34,68,68,0,68,0,71,0,0,34,65,0
7,0.3,1,1080,1.4730609632351843e-4,0e0,2.127820953319315e-4,1.975150138605386e-3,6.882044522171782e-5,0e0,1.2414194061420858e-3,5.7930803450290114e-5,0e0,2.840169909177348e-4,0e0,7.091037105055875e-5,1.3983691314933822e-4,0e0,2.767716159723932e-5,1.208892665545136e-4,0e0,34,0,0,34,68,34,68,68,0,68,0,71,0,0,34,65,0
7,0.3,1,1120,1.4736397770320764e-4,0e0,1.588869490660727e-4,1.9277140963822603e-3,5.7446581649855943e-5,0e0,1.278570620343089e-3,4.8589145990263205e-5,0e0,2.6830155911738984e-4,0e0,4.156682939537859e-5,1.2579367830767296e-4,0e0,2.3444668840966187e-5,1.0589372277536313e-4,0e0,34,0,0,34,68,34,68,68,0,68,0,72,0,0,34,64,0
7,0.3,1,1160,1.3993840809689573e-4,0e0,1.33794699650025e-4,1.8882494186982512e-3,5.723230992771278e-5,0e0,1.2973315897397697e-3,3.6717480043080286e-5,0e0,2.525008239899762e-4,0e0,2.6315579816582613e-5,1.2283504474908113e-4,0e0,1.745478675729828e-5,1.0372148290116456e-4,0e0,34,0,0,34,68,34,68,68,0,68,0,72,0,0,34,64,0
7,0.3,1,1200,1.322129329537347e-4,0e0,1.1802361041191034e-4,1.8637795583344996e-3,5.8919593357131816e-5,0e0,1.297261391300708e-3,3.4211150250484934e-5,0e0,2.3918649822007865e-4,0e0,2.1253440195323492e-5,1.209629226650577e-4,0e0,1.484081485614297e-5,1.0231357236989425e-4,0e0,34,0,0,34,68,34,68,68,0,68,0,72,0,0,34,64,0
19,0.0,0,40,0e0,0e0,9.395310462423367e-5,0e0,1.302632845181506e-4,2.2014624846633524e-5,5.7968633996097196e-5,4.3996074111873895e-5,2.4202353279179079e-4,1.4244929843698628e-4,0e0,4.009182521258481e-5,0e0,0e0,1.0421819800399135e-4,0e0,0e0,0,0,68,0,38,41,95,68,64,68,34,34,0,0,34,0,0
19,0.0,0,80,0e0,0e0,5.104474917061452e-5,0e0,1.3971938915346982e-4,1.7223969280166784e-5,5.415872283265344e-5,1.8612644026916314e-5,5.15666695832806e-5,4.776071108381075e-5,0e0,2.7125602173327934e-5,0e0,0e0,4.596486780883424e-5,0e0,0e0,0,0,68,0,43,43,95,68,59,66,34,34,0,0,34,0,0
19,0.0,0,120,0e0,0e0,2.6381336738268146e-5,0e0,6.672381232419866e-5,9.704598824100685e-6,2.357074060910236e-5,7.960656063232818e-6,2.8813824712869973e-5,2.4393710248205025e-5,0e0,1.4674425074190367e-5,0e0,0e0,2.5455465220147744e-5,0e0,0e0,0,0,68,0,43,42,96,68,59,66,34,34,0,0,34,0,0
19,0.0,0,160,0e0,0e0,1.1628575634858862e-5,0e0,3.0298620458779624e-5,4.683509217784376e-6,1.087567508761822e-5,3.609702712736862e-6,1.2840467007890766e-5,1.1597477225677721e-5,0e0,6.5503166979397065e-6,0e0,0e0,1.1373909075018673e-5,0e0,0e0,0,0,68,0,44,42,96,68,58,66,34,34,0,0,34,0,0
19,0.0,0,200,0e0,0e0,4.80557406490334e-6,0e0,1.2542324043351982e-5,2.0217455016791064e-6,4.5173254648034344e-6,1.4846646161359445e-6,5.297840829143752e-6,4.931934959984119e-6,0e0,2.751219312813191e-6,0e0,0e0,4.708320808788358e-6,0e0,0e0,0,0,68,0,44,41,97,68,58,66,34,34,0,0,34,0,0
19,0.0,0,240,0e0,0e0,1.831308452437952e-6,0e0,4.783276267517067e-6,7.944847197904892e-7,1.7267163521239581e-6,5.654436137092489e-7,2.0186609255290477e-6,1.9226353629164805e-6,0e0,1.05456859955666e-6,0e0,0e0,1.7940652057291118e-6,0e0,0e0,0,0,68,0,44,41,97,68,58,66,34,34,0,0,34,0,0
19,0.0,0,280,0e0,0e0,6.426947543047845e-7,0e0,1.6804359290745197e-6,2.8467950130561803e-7,6.077282215244395e-7,1.9835781994714807e-7,7.088736211358082e-7,6.846808027205498e-7,0e0,3.7218240578340556e-7,0e0,0e0,6.298483690159173e-7,0e0,0e0,0,0,68,0,44,41,97,68,58,66,34,34,0,0,34,0,0
19,0.0,0,320,0e0,0e0,2.0720943005869685e-7,0e0,5.421172275532626e-7,9.312118187665419e-8,1.961474165312893e-7,6.39608694896765e-8,2.2877687033684424e-7,2.2290332690744208e-7,0e0,1.2035670948762345e-7,0e0,0e0,2.0302209691180906e-7,0e0,0e0,0,0,68,0,44,40,98,68,58,66,34,34,0,0,34,0,0
19,0.0,0,360,0e0,0e0,6.113547801334107e-8,0e0,1.6010312720027287e-7,2.770784224281897e-8,5.796428048654434e-8,1.8870883522481563e-8,6.755536507974114e-8,6.6065888759681e-8,0e0,3.5580406176904944e-8,0e0,0e0,5.978135675377416e-8,0e0,0e0,0,0,68,0,44,40,98,68,58,66,34,34,0,0,34,0,0
19,0.0,0,400,0e0,0e0,1.6412143644117805e-8,0e0,4.3103307589831275e-8,7.496079312829806e-9,1.5628613070362007e-8,5.081354004232708e-9,1.8237583887525943e-8,1.7779108851811998e-8,0e0,9.565745529016567e-9,0e0,0e0,1.600890797703869e-8,0e0,0e0,0,0,68,0,44,40,98,68,58,66,34,34,0,0,34,0,0
19,0.0,0,440,0e0,0e0,3.99956734398188e-9,0e0,1.0550338602755005e-8,1.8397283696458544e-9,3.8250052014632274e-9,1.2377388003415035e-9,4.48018333543132e-9,4.322285640512291e-9,0e0,2.333496951223424e-9,0e0,0e0,3.8657894663174375e-9,0e0,0e0,0,0,68,0,44,40,98,68,58,66,34,34,0,0,34,0,0
19,0.0,0,480,0e0,0e0,8.938758622178966e-10,0e0,2.33672126093154e-9,4.084554916516936e-10,8.52124593109238e-10,2.7700330917923566e-10,1.0196037347753872e-9,9.508029918947614e-10,0e0,5.167564154362481e-10,0e0,0e0,8.370335535801132e-10,0e0,0e0,0,0,68,0,44,40,98,68,58,66,34,34,0,0,34,0,0
19,0.0,0,520,0e0,0e0,1.7351675651866572e-10,0e0,4.702891409635868e-10,8.361222825215009e-11,1.6821921633436432e-10,5.5775828400328464e-11,2.086861794481365e-10,1.823314832449796e-10,0e0,1.013837902519299e-10,0e0,0e0,1.5643664141862246e-10,0e0,0e0,0,0,68,0,44,40,98,68,58,66,34,34,0,0,34,0,0
19,0.0,0,560,0e0,0e0,3.0059732480935963e-11,0e0,8.558931341440257e-11,1.4416023930152733e-11,2.963762568697348e-11,1.1253220577600587e-11,4.314371082614343e-11,3.19131387982452e-11,0e0,1.908873059619509e-11,0e0,0e0,2.5504931500108796e-11,0e0,0e0,0,0,68,0,44,40,98,68,58,66,34,34,0,0,34,0,0
19,0.0,0,600,0e0,0e0,4.9962256554181295e-12,0e0,1.461097909327691e-11,2.851052727237402e-12,5.188738327888132e-12,2.1591617382910044e-12,9.101164266667183e-12,4.6984638402136625e-12,0e0,2.8030910925735952e-12,0e0,0e0,2.490452288839151e-12,0e0,0e0,0,0,68,0,44,40,98,68,58,66,34,34,0,0,34,0,0
19,0.0,0,640,0e0,0e0,5.513367540288527e-13,0e0,2.185140957067233e-12,5.844214001626824e-13,7.176481631177012e-13,5.844214001626824e-13,1.9197976541818207e-12,8.704148513061227e-13,0e0,6.927791673660977e-13,0e0,0e0,3.055333763768431e-13,0e0,0e0,0,0,68,0,44,40,98,68,58,66,34,34,0,0,34,0,0
19,0.0,0,680,0e0,0e0,1.389999226830696e-13,0e0,5.129230373768223e-13,1.412203687323199e-13,2.8421709430404007e-13,4.938272013532696e-13,1.0389467064442215e-12,4.3787196091216174e-13,0e0,8.171241461241152e-14,0e0,0e0,4.121147867408581e-13,0e0,0e0,0,0,68,0,44,40,98,68,58,66,34,34,0,0,34,0,0
19,0.0,0,720,0e0,0e0,8.260059303211165e-14,0e0,2.1715962361668062e-13,3.907985046680551e-14,2.3003821070233244e-13,2.504663143554353e-13,6.756817327868703e-13,5.995204332975845e-13,0e0,8.171241461241152e-14,0e0,0e0,3.872457909892546e-13,0e0,0e0,0,0,68,0,44,40,98,68,58,66,34,34,0,0,34,0,0
19,0.0,0,760,0e0,0e0,7.416289804496046e-14,0e0,6.061817714453355e-14,3.8191672047105385e-14,1.7852386235972517e-13,2.8332891588433995e-13,4.864997293907436e-13,6.17284001691587e-13,0e0,8.171241461241152e-14,0e0,0e0,4.725109192804666e-13,0e0,0e0,0,0,68,0,44,40,98,68,58,66,34,34,0,0,34,0,0
19,0.0,0,800,0e0,0e0,7.061018436615996e-14,0e0,3.8413716652030416e-14,2.5757174171303632e-14,2.149391775674303e-13,2.6201263381153694e-13,4.942712905631197e-13,6.10178574333986e-13,0e0,6.394884621840902e-14,0e0,0e0,5.009326287108706e-13,0e0,0e0,0,0,68,0,44,40,98,68,58,66,34,34,0,0,34,0,0
19,0.0,0,840,0e0,0e0,5.3734794391857577e-14,0e0,4.973799150320701e-14,2.6645352591003757e-14,3.028688411177427e-13,2.1760371282653068e-13,5.173639294753229e-13,6.421529974431905e-13,0e0,5.3290705182007514e-14,0e0,0e0,5.577760475716786e-13,0e0,0e0,0,0,68,0,44,40,98,68,58,66,34,34,0,0,34,0,0
19,0.0,0,880,0e0,0e0,7.416289804496046e-14,0e0,3.8413716652030416e-14,2.5757174171303632e-14,2.2737367544323206e-13,2.8332891588433995e-13,4.864997293907436e-13,6.10178574333986e-13,0e0,8.171241461241152e-14,0e0,0e0,4.689582056016661e-13,0e0,0e0,0,0,68,0,44,40,98,68,58,66,34,34,0,0,34,0,0
19,0.0,0,920,0e0,0e0,5.440092820663267e-14,0e0,6.328271240363392e-14,2.6645352591003757e-14,2.5224267119483557e-13,2.0694557179012918e-13,5.173639294753229e-13,6.252776074688882e-13,0e0,4.618527782440651e-14,0e0,0e0,4.263256414560601e-13,0e0,0e0,0,0,68,0,44,40,98,68,58,66,34,34,0,0,34,0,0
19,0.0,0,960,0e0,0e0,5.3734794391857577e-14,0e0,5.5289106626332796e-14,2.6645352591003757e-14,2.149391775674303e-13,2.184918912462308e-13,5.173639294753229e-13,6.252776074688882e-13,0e0,5.3290705182007514e-14,0e0,0e0,5.044853423896711e-13,0e0,0e0,0,0,68,0,44,40,98,68,58,66,34,34,0,0,34,0,0
19,0.0,0,1000,0e0,0e0,5.3734794391857577e-14,0e0,5.5289106626332796e-14,2.6645352591003757e-14,2.6911806116913795e-13,2.149391775674303e-13,5.260236690673992e-13,6.421529974431905e-13,0e0,5.3290705182007514e-14,0e0,0e0,5.044853423896711e-13,0e0,0e0,0,0,68,0,44,40,98,68,58,66,34,34,0,0,34,0,0
19,0.0,0,1040,0e0,0e0,7.416289804496046e-14,0e0,4.907185768843192e-14,3.8191672047105385e-14,2.0872192862952943e-13,2.8332891588433995e-13,4.189981694935341e-13,6.563638521583925e-13,0e0,8.171241461241152e-14,0e0,0e0,4.725109192804666e-13,0e0,0e0,0,0,68,0,44,40,98,68,58,66,34,34,0,0,34,0,0
19,0.0,0,1080,0e0,0e0,5.639932965095795e-14,0e0,5.773159728050814e-14,2.6645352591003757e-14,2.5224267119483557e-13,2.646771690706373e-13,4.303224443447107e-13,6.252776074688882e-13,0e0,4.618527782440651e-14,0e0,0e0,4.298783551348606e-13,0e0,0e0,0,0,68,0,44,40,98,68,58,66,34,34,0,0,34,0,0
19,0.0,0,1120,0e0,0e0,7.061018436615996e-14,0e0,4.907185768843192e-14,2.5757174171303632e-14,1.7852386235972517e-13,2.8421709430404007e-13,4.944933351680447e-13,5.853095785823825e-13,0e0,8.171241461241152e-14,0e0,0e0,5.435651928564766e-13,0e0,0e0,0,0,68,0,44,40,98,68,58,66,34,34,0,0,34,0,0
19,0.0,0,1160,0e0,0e0,5.906386491005833e-14,0e0,5.284661597215745e-14,3.8191672047105385e-14,1.9539925233402755e-13,2.2648549702353193e-13,4.2676973066591017e-13,6.039613253960852e-13,0e0,4.618527782440651e-14,0e0,0e0,4.334310688136611e-13,0e0,0e0,0,0,68,0,44,40,98,68,58,66,34,34,0,0,34,0,0
19,0.0,0,1200,0e0,0e0,7.061018436615996e-14,0e0,3.042011087472929e-14,2.5757174171303632e-14,2.0516921495072893e-13,2.6201263381153694e-13,5.022648963404208e-13,5.710987238671805e-13,0e0,5.3290705182007514e-14,0e0,0e0,5.968558980384842e-13,0e0,0e0,0,0,68,0,44,40,98,68,58,66,34,34,0,0,34,0,0
19,0.0,1,40,0e0,0e0,9.395310462423367e-5,0e0,1.302632845181506e-4,2.2014624846633524e-5,5.7968633996097196e-5,4.3996074111873895e-5,2.4202353279179079e-4,1.4244929843698628e-4,0e0,4.009182521258481e-5,0e0,0e0,1.0421819800399135e-4,0e0,0e0,0,0,68,0,38,41,95,68,64,68,34,34,0,0,34,0,0
19,0.0,1,80,0e0,0e0,5.104474917061452e-5,0e0,1.3971938915346982e-4,1.7223969280166784e-5,5.415872283265344e-5,1.8612644026916314e-5,5.15666695832806e-5,4.776071108381075e-5,0e0,2.7125602173327934e-5,0e0,0e0,4.596486780883424e-5,0e0,0e0,0,0,68,0,43,43,95,68,59,66,34,34,0,0,34,0,0
19,0.0,1,120,0e0,0e0,2.6381336738268146e-5,0e0,6.672381232419866e-5,9.704598824100685e-6,2.357074060910236e-5,7.960656063232818e-6,2.8813824712869973e-5,2.4393710248205025e-5,0e0,1.4674425074190367e-5,0e0,0e0,2.5455465220147744e-5,0e0,0e0,0,0,68,0,43,42,96,68,59,66,34,34,0,0,34,0,0
19,0.0,1,160,0e0,0e0,1.1628575634858862e-5,0e0,3.0298620458779624e-5,4.683509217784376e-6,1.087567508761822e-5,3.609702712736862e-6,1.2840467007890766e-5,1.1597477225677721e-5,0e0,6.5503166979397065e-6,0e0,0e0,1.1373909075018673e-5,0e0,0e0,0,0,68,0,44,42,96,68,58,66,34,34,0,0,34,0,0
19,0.0,1,200,0e0,0e0,4.80557406490334e-6,0e0,1.2542324043351982e-5,2.0217455016791064e-6,4.5173254648034344e-6,1.4846646161359445e-6,5.297840829143752e-6,4.931934959984119e-6,0e0,2.751219312813191e-6,0e0,0e0,4.708320808788358e-6,0e0,0e0,0,0,68,0,44,41,97,68,58,66,34,34,0,0,34,0,0
19,0.0,1,240,0e0,0e0,1.831308452437952e-6,0e0,4.783276267517067e-6,7.944847197904892e-7,1.7267163521239581e-6,5.654436137092489e-7,2.0186609255290477e-6,1.9226353629164805e-6,0e0,1.05456859955666e-6,0e0,0e0,1.7940652057291118e-6,0e0,0e0,0,0,68,0,44,41,97,68,58,66,34,34,0,0,34,0,0
19,0.0,1,280,0e0,0e0,6.426947543047845e-7,0e0,1.6804359290745197e-6,2.8467950130561803e-7,6.077282215244395e-7,1.9835781994714807e-7,7.088736211358082e-7,6.846808027205498e-7,0e0,3.7218240578340556e-7,0e0,0e0,6.298483690159173e-7,0e0,0e0,0,0,68,0,44,41,97,68,58,66,34,34,0,0,34,0,0
19,0.0,1,320,0e0,0e0,2.0720943005869685e-7,0e0,5.421172275532626e-7,9.312118187665419e-8,1.961474165312893e-7,6.39608694896765e-8,2.2877687033684424e-7,2.2290332690744208e-7,0e0,1.2035670948762345e-7,0e0,0e0,2.0302209691180906e-7,0e0,0e0,0,0,68,0,44,40,98,68,58,66,34,34,0,0,34,0,0
19,0.0,1,360,0e0,0e0,6.113547801334107e-8,0e0,1.6010312720027287e-7,2.770784224281897e-8,5.796428048654434e-8,1.8870883522481563e-8,6.755536507974114e-8,6.6065888759681e-8,0e0,3.5580406176904944e-8,0e0,0e0,5.978135675377416e-8,0e0,0e0,0,0,68,0,44,40,98,68,58,66,34,34,0,0,34,0,0
19,0.0,1,400,0e0,0e0,1.6412143644117805e-8,0e0,4.3103307589831275e-8,7.496079312829806e-9,1.5628613070362007e-8,5.081354004232708e-9,1.8237583887525943e-8,1.7779108851811998e-8,0e0,9.565745529016567e-9,0e0,0e0,1.600890797703869e-8,0e0,0e0,0,0,68,0,44,40,98,68,58,66,34,34,0,0,34,0,0
19,0.0,1,440,0e0,0e0,3.99956734398188e-9,0e0,1.0550338602755005e-8,1.8397283696458544e-9,3.8250052014632274e-9,1.2377388003415035e-9,4.48018333543132e-9,4.322285640512291e-9,0e0,2.333496951223424e-9,0e0,0e0,3.8657894663174375e-9,0e0,0e0,0,0,68,0,44,40,98,68,58,66,34,34,0,0,34,0,0
19,0.0,1,480,0e0,0e0,8.938758622178966e-10,0e0,2.33672126093154e-9,4.084554916516936e-10,8.52124593109238e-10,2.7700330917923566e-10,1.0196037347753872e-9,9.508029918947614e-10,0e0,5.167564154362481e-10,0e0,0e0,8.370335535801132e-10,0e0,0e0,0,0,68,0,44,40,98,68,58,66,34,34,0,0,34,0,0
19,0.0,1,520,0e0,0e0,1.7351675651866572e-10,0e0,4.702891409635868e-10,8.361222825215009e-11,1.6821921633436432e-10,5.5775828400328464e-11,2.086861794481365e-10,1.823314832449796e-10,0e0,1.013837902519299e-10,0e0,0e0,1.5643664141862246e-10,0e0,0e0,0,0,68,0,44,40,98,68,58,66,34,34,0,0,34,0,0
19,0.0,1,560,0e0,0e0,3.0059732480935963e-11,0e0,8.558931341440257e-11,1.4416023930152733e-11,2.963762568697348e-11,1.1253220577600587e-11,4.314371082614343e-11,3.19131387982452e-11,0e0,1.908873059619509e-11,0e0,0e0,2.5504931500108796e-11,0e0,0e0,0,0,68,0,44,40,98,68,58,66,34,34,0,0,34,0,0
19,0.0,1,600,0e0,0e0,4.9962256554181295e-12,0e0,1.461097909327691e-11,2.851052727237402e-12,5.188738327888132e-12,2.1591617382910044e-12,9.101164266667183e-12,4.6984638402136625e-12,0e0,2.8030910925735952e-12,0e0,0e0,2.490452288839151e-12,0e0,0e0,0,0,68,0,44,40,98,68,58,66,34,34,0,0,34,0,0
19,0.0,1,640,0e0,0e0,5.513367540288527e-13,0e0,2.185140957067233e-12,5.844214001626824e-13,7.176481631177012e-13,5.844214001626824e-13,1.9197976541818207e-12,8.704148513061227e-13,0e0,6.927791673660977e-13,0e0,0e0,3.055333763768431e-13,0e0,0e0,0,0,68,0,44,40,98,68,58,66,34,34,0,0,34,0,0
19,0.0,1,680,0e0,0e0,1.389999226830696e-13,0e0,5.129230373768223e-13,1.412203687323199e-13,2.8421709430404007e-13,4.938272013532696e-13,1.0389467064442215e-12,4.3787196091216174e-13,0e0,8.171241461241152e-14,0e0,0e0,4.121147867408581e-13,0e0,0e0,0,0,68,0,44,40,98,68,58,66,34,34,0,0,34,0,0
19,0.0,1,720,0e0,0e0,8.260059303211165e-14,0e0,2.1715962361668062e-13,3.907985046680551e-14,2.3003821070233244e-13,2.504663143554353e-13,6.756817327868703e-13,5.995204332975845e-13,0e0,8.171241461241152e-14,0e0,0e0,3.872457909892546e-13,0e0,0e0,0,0,68,0,44,40,98,68,58,66,34,34,0,0,34,0,0
19,0.0,1,760,0e0,0e0,7.416289804496046e-14,0e0,6.061817714453355e-14,3.8191672047105385e-14,1.7852386235972517e-13,2.8332891588433995e-13,4.864997293907436e-13,6.17284001691587e-13,0e0,8.171241461241152e-14,0e0,0e0,4.725109192804666e-13,0e0,0e0,0,0,68,0,44,40,98,68,58,66,34,34,0,0,34,0,0
19,0.0,1,800,0e0,0e0,7.061018436615996e-14,0e0,3.8413716652030416e-14,2.5757174171303632e-14,2.149391775674303e-13,2.6201263381153694e-13,4.942712905631197e-13,6.10178574333986e-13,0e0,6.394884621840902e-14,0e0,0e0,5.009326287108706e-13,0e0,0e0,0,0,68,0,44,40,98,68,58,66,34,34,0,0,34,0,0
19,0.0,1,840,0e0,0e0,5.3734794391857577e-14,0e0,4.973799150320701e-14,2.6645352591003757e-14,3.028688411177427e-13,2.1760371282653068e-13,5.173639294753229e-13,6.421529974431905e-13,0e0,5.3290705182007514e-14,0e0,0e0,5.577760475716786e-13,0e0,0e0,0,0,68,0,44,40,98,68,58,66,34,34,0,0,34,0,0
19,0.0,1,880,0e0,0e0,7.416289804496046e-14,0e0,3.8413716652030416e-14,2.5757174171303632e-14,2.2737367544323206e-13,2.8332891588433995e-13,4.864997293907436e-13,6.10178574333986e-13,0e0,8.171241461241152e-14,0e0,0e0,4.689582056016661e-13,0e0,0e0,0,0,68,0,44,40,98,68,58,66,34,34,0,0,34,0,0
19,0.0,1,920,0e0,0e0,5.440092820663267e-14,0e0,6.328271240363392e-14,2.6645352591003757e-14,2.5224267119483557e-13,2.0694557179012918e-13,5.173639294753229e-13,6.252776074688882e-13,0e0,4.618527782440651e-14,0e0,0e0,4.263256414560601e-13,0e0,0e0,0,0,68,0,44,40,98,68,58,66,34,34,0,0,34,0,0
19,0.0,1,960,0e0,0e0,5.3734794391857577e-14,0e0,5.5289106626332796e-14,2.6645352591003757e-14,2.149391775674303e-13,2.184918912462308e-13,5.173639294753229e-13,6.252776074688882e-13,0e0,5.3290705182007514e-14,0e0,0e0,5.044853423896711e-13,0e0,0e0,0,0,68,0,44,40,98,68,58,66,34,34,0,0,34,0,0
19,0.0,1,1000,0e0,0e0,5.3734794391857577e-14,0e0,5.5289106626332796e-14,2.6645352591003757e-14,2.6911806116913795e-13,2.149391775674303e-13,5.260236690673992e-13,6.421529974431905e-13,0e0,5.3290705182007514e-14,0e0,0e0,5.044853423896711e-13,0e0,0e0,0,0,68,0,44,40,98,68,58,66,34,34,0,0,34,0,0
19,0.0,1,1040,0e0,0e0,7.416289804496046e-14,0e0,4.907185768843192e-14,3.8191672047105385e-14,2.0872192862952943e-13,2.8332891588433995e-13,4.189981694935341e-13,6.563638521583925e-13,0e0,8.171241461241152e-14,0e0,0e0,4.725109192804666e-13,0e0,0e0,0,0,68,0,44,40,98,68,58,66,34,34,0,0,34,0,0
19,0.0,1,1080,0e0,0e0,5.639932965095795e-14,0e0,5.773159728050814e-14,2.6645352591003757e-14,2.5224267119483557e-13,2.646771690706373e-13,4.303224443447107e-13,6.252776074688882e-13,0e0,4.618527782440651e-14,0e0,0e0,4.298783551348606e-13,0e0,0e0,0,0,68,0,44,40,98,68,58,66,34,34,0,0,34,0,0
19,0.0,1,1120,0e0,0e0,7.061018436615996e-14,0e0,4.907185768843192e-14,2.5757174171303632e-14,1.7852386235972517e-13,2.8421709430404007e-13,4.944933351680447e-13,5.853095785823825e-13,0e0,8.171241461241152e-14,0e0,0e0,5.435651928564766e-13,0e0,0e0,0,0,68,0,44,40,98,68,58,66,34,34,0,0,34,0,0
19,0.0,1,1160,0e0,0e0,5.906386491005833e-14,0e0,5.284661597215745e-14,3.8191672047105385e-14,1.9539925233402755e-13,2.2648549702353193e-13,4.2676973066591017e-13,6.039613253960852e-13,0e0,4.618527782440651e-14,0e0,0e0,4.334310688136611e-13,0e0,0e0,0,0,68,0,44,40,98,68,58,66,34,34,0,0,34,0,0
19,0.0,1,1200,0e0,0e0,7.061018436615996e-14,0e0,3.042011087472929e-14,2.5757174171303632e-14,2.0516921495072893e-13,2.6201263381153694e-13,5.022648963404208e-13,5.710987238671805e-13,0e0,5.3290705182007514e-14,0e0,0e0,5.968558980384842e-13,0e0,0e0,0,0,68,0,44,40,98,68,58,66,34,34,0,0,34,0,0
19,0.3,0,40,0e0,0e0,3.4510712284827605e-3,0e0,1.4874498592689633e-3,1.319344410148915e-3,1.271507662750082e-3,2.414065700577339e-3,2.962920680147363e-4,2.084065316012129e-3,0e0,3.454879391938448e-3,0e0,0e0,4.637576304958202e-3,0e0,0e0,0,0,68,0,43,49,102,68,53,59,34,34,0,3,31,0,0
19,0.3,0,80,0e0,0e0,3.1378474523080513e-3,0e0,8.238824884756468e-4,1.017924128973391e-3,1.6299477138090879e-3,2.6323722158849705e-3,2.3662087551201694e-4,2.1040351675765123e-3,0e0,3.8105209241621196e-3,0e0,0e0,3.4063464772771113e-3,0e0,0e0,0,0,68,0,44,47,102,68,53,60,34,34,0,1,33,0,0
19,0.3,0,120,0e0,0e0,2.6555058284429833e-3,0e0,6.186486207298003e-4,8.908479867386632e-4,1.8473193777026609e-3,2.8485774437285727e-3,3.320218002045294e-4,1.9471355772111565e-3,0e0,3.1854724511504173e-3,0e0,0e0,3.5187870817026123e-3,0e0,0e0,0,0,68,0,47,45,102,68,52,60,34,34,0,1,33,0,0
19,0.3,0,160,0e0,0e0,2.304627327248454e-3,0e0,4.976047857780941e-4,7.700953174207825e-4,2.043893669906538e-3,2.919710352216498e-3,4.368104418972507e-4,1.9081074060522951e-3,0e0,2.749044942902401e-3,0e0,0e0,3.615766931034159e-3,0e0,0e0,0,0,68,0,51,44,102,68,50,59,34,34,0,1,33,0,0
19,0.3,0,200,0e0,0e0,2.041983178060036e-3,0e0,4.35466648923466e-4,6.735293645760976e-4,2.2012465342413634e-3,2.9747728767688386e-3,5.292803762131371e-4,1.9093735099886544e-3,0e0,2.4375508655793965e-3,0e0,0e0,3.693606558954343e-3,0e0,0e0,0,0,68,0,53,43,102,68,49,59,34,34,0,1,33,0,0
19,0.3,0,240,0e0,0e0,1.8547494692029431e-3,0e0,4.068429407197982e-4,5.997157786623575e-4,2.326305846509058e-3,3.020517548065982e-3,6.053902470739558e-4,1.923419436934637e-3,0e0,2.2188634902704507e-3,0e0,0e0,3.7474696146091446e-3,0e0,0e0,0,0,68,0,56,43,102,68,46,59,34,34,0,0,34,0,0
19,0.3,0,280,0e0,0e0,1.7217137792613357e-3,0e0,3.958431552746333e-4,5.45113070984371e-4,2.4226096138590947e-3,3.0561934036086313e-3,6.647929185419343e-4,1.94300185830798e-3,0e0,2.066680317511782e-3,0e0,0e0,3.7839727592654526e-3,0e0,0e0,0,0,68,0,57,43,102,68,45,59,34,34,0,0,34,0,0
19,0.3,0,320,0e0,0e0,1.6277877584798262e-3,0e0,3.9331951120402664e-4,5.056206973677035e-4,2.494950720574707e-3,3.083473719016183e-3,7.095869987097103e-4,1.962349382665707e-3,0e0,1.9611450989032164e-3,0e0,0e0,3.808530542301014e-3,0e0,0e0,0,0,68,0,57,43,102,68,45,59,34,34,0,0,34,0,0
19,0.3,0,360,0e0,0e0,1.5619580444763415e-3,0e0,3.943532610719558e-4,4.7758666369190905e-4,2.5480265030637383e-3,3.103709121205611e-3,7.423826427839231e-4,1.97896651661722e-3,0e0,1.8884047312894836e-3,0e0,0e0,3.824990475550294e-3,0e0,0e0,0,0,68,0,58,43,102,68,44,59,34,34,0,0,34,0,0
19,0.3,0,400,0e0,0e0,1.516383003036026e-3,0e0,3.965102259826381e-4,4.5805178888258524e-4,2.586089598480612e-3,3.1183819264697377e-3,7.65841639804421e-4,1.9921196799259633e-3,0e0,1.8386179872322828e-3,0e0,0e0,3.8358773599611595e-3,0e0,0e0,0,0,68,0,58,43,102,68,44,59,34,34,0,0,34,0,0
19,0.3,0,440,0e0,0e0,1.485288179537747e-3,0e0,3.986952724517323e-4,4.4464894017437473e-4,2.6126408047275618e-3,3.128682183159981e-3,7.821533072274178e-4,2.001879576710053e-3,0e0,1.804996994906105e-3,0e0,0e0,3.8431464636232704e-3,0e0,0e0,0,0,68,0,58,43,102,68,44,59,34,34,0,0,34,0,0
19,0.3,0,480,0e0,0e0,1.4644480834249407e-3,0e0,4.004878028354142e-4,4.356658446340589e-4,2.630754890560638e-3,3.1357378265965963e-3,7.932533262646757e-4,2.008819141337881e-3,0e0,1.7825993418227881e-3,0e0,0e0,3.8478252390632406e-3,0e0,0e0,0,0,68,0,58,43,102,68,44,59,34,34,0,0,34,0,0
19,0.3,0,520,0e0,0e0,1.4507843516184948e-3,0e0,4.018235376861412e-4,4.2974151438102126e-4,2.6427308112033643e-3,3.1404655492224265e-3,8.005501986190211e-4,2.0134876867814455e-3,0e0,1.7680086893960834e-3,0e0,0e0,3.8509954465553164e-3,0e0,0e0,0,0,68,0,58,43,102,68,44,59,34,34,0,0,34,0,0
19,0.3,0,560,0e0,0e0,1.4420190855162218e-3,0e0,4.0273920239997096e-4,4.2593208490870893e-4,2.650448397616856e-3,3.1435360924660927e-3,8.052653938648291e-4,2.0165592068224214e-3,0e0,1.7586765316082165e-3,0e0,0e0,3.852980211377144e-3,0e0,0e0,0,0,68,0,58,43,102,68,44,59,34,34,0,0,34,0,0
19,0.3,0,600,0e0,0e0,1.4360908971866593e-3,0e0,4.063374472025316e-4,4.1370260805706494e-4,2.6438498025527224e-3,3.1500149434577907e-3,7.942020565678831e-4,2.0044546836288646e-3,0e0,1.757107354933396e-3,0e0,0e0,3.892787906806916e-3,0e0,0e0,0,0,68,0,58,43,102,68,44,59,34,34,0,0,34,0,0
19,0.3,0,640,0e0,0e0,1.4332104256027378e-3,0e0,4.0380471909884363e-4,4.217980877001537e-4,2.6578929682727903e-3,3.1467696117033483e-3,8.095782941381913e-4,2.0192484407743905e-3,0e0,1.7494650674052536e-3,0e0,0e0,3.8562059635296464e-3,0e0,0e0,0,0,68,0,58,43,102,68,44,59,34,34,0,0,34,0,0
19,0.3,0,680,0e0,0e0,1.4312706625787541e-3,0e0,4.0388875277130865e-4,4.213959036860615e-4,2.6601901918184012e-3,3.147250634356169e-3,8.112833202176262e-4,2.0206004264764488e-3,0e0,1.7471923783887178e-3,0e0,0e0,3.854882626910694e-3,0e0,0e0,0,0,68,0,58,43,102,68,44,59,34,34,0,0,34,0,0
19,0.3,0,720,0e0,0e0,1.4301337323558982e-3,0e0,4.0403465391136706e-4,4.2085343011422083e-4,2.6611269859131426e-3,3.1476713775191456e-3,8.1182599751628e-4,2.020950229052687e-3,0e0,1.7460266826674342e-3,0e0,0e0,3.855340459267609e-3,0e0,0e0,0,0,68,0,58,43,102,68,44,59,34,34,0,0,34,0,0
19,0.3,0,760,0e0,0e0,1.429546027793549e-3,0e0,4.037727521790657e-4,4.216623510728823e-4,2.6629520434653386e-3,3.14739009263576e-3,8.137307304423302e-4,2.0227399218128994e-3,0e0,1.7448818689445034e-3,0e0,0e0,3.8512594619533047e-3,0e0,0e0,0,0,68,0,58,43,102,68,44,59,34,34,0,0,34,0,0
19,0.3,0,800,0e0,0e0,1.4290500403149053e-3,0e0,4.046162393933628e-4,4.1893874913512263e-4,2.660170095623471e-3,3.1487856213061605e-3,8.102554456854705e-4,2.0191904113744386e-3,0e0,1.7456339119235054e-3,0e0,0e0,3.8612946518696845e-3,0e0,0e0,0,0,68,0,58,43,102,68,44,59,34,34,0,0,34,0,0
19,0.3,0,840,0e0,0e0,1.4289431783254258e-3,0e0,4.0432987225358374e-4,4.1984675772255287e-4,2.661535138031468e-3,3.1483257516811136e-3,8.117432516883127e-4,2.020644209551392e-3,0e0,1.7450171726522967e-3,0e0,0e0,3.857532632537186e-3,0e0,0e0,0,0,68,0,58,43,102,68,44,59,34,34,0,0,34,0,0
19,0.3,0,880,0e0,0e0,1.428880696039414e-3,0e0,4.041715401399415e-4,4.2033638965222053e-4,2.6622529258020222e-3,3.1481085734412773e-3,8.125389504129998e-4,2.0214367868902627e-3,0e0,1.7446923448005691e-3,0e0,0e0,3.8555029168492183e-3,0e0,0e0,0,0,68,0,58,43,102,68,44,59,34,34,0,0,34,0,0
19,0.3,0,920,0e0,0e0,1.4288330748968292e-3,0e0,4.042363398184534e-4,4.2011647201434243e-4,2.662063830939587e-3,3.1482016220252262e-3,8.122820945573039e-4,2.0211620030750055e-3,0e0,1.7447405843995512e-3,0e0,0e0,3.8562995032407343e-3,0e0,0e0,0,0,68,0,58,43,102,68,44,59,34,34,0,0,34,0,0
19,0.3,0,960,0e0,0e0,1.4287569138105027e-3,0e0,4.0435988194076344e-4,4.197649504931178e-4,2.661617341800593e-3,3.1484282844758127e-3,8.118319674395025e-4,2.0207208435749635e-3,0e0,1.7448462604079396e-3,0e0,0e0,3.8576035149162635e-3,0e0,0e0,0,0,68,0,58,43,102,68,44,59,34,34,0,0,34,0,0
19,0.3,0,1000,0e0,0e0,1.428844225301873e-3,0e0,4.039378327433951e-4,4.2102718180103693e-4,2.6632772060111165e-3,3.147733379591955e-3,8.135816278809216e-4,2.0224752224748954e-3,0e0,1.7442623066017404e-3,0e0,0e0,3.8528173026861623e-3,0e0,0e0,0,0,68,0,58,43,102,68,44,59,34,34,0,0,34,0,0
19,0.3,0,1040,0e0,0e0,1.428796058462467e-3,0e0,4.041905849589966e-4,4.2024169488286134e-4,2.6622693476383574e-3,3.14816797254025e-3,8.125014646793716e-4,2.0213685638736933e-3,0e0,1.7446220444981009e-3,0e0,0e0,3.8557499065063894e-3,0e0,0e0,0,0,68,0,58,43,102,68,44,59,34,34,0,0,34,0,0
19,0.3,0,1080,0e0,0e0,1.4288090096670203e-3,0e0,4.0419137803837657e-4,4.202567961328896e-4,2.662287915882189e-3,3.1481558944506105e-3,8.125211425067391e-4,2.021397325734142e-3,0e0,1.7446220444981009e-3,0e0,0e0,3.855720191495493e-3,0e0,0e0,0,0,68,0,58,43,102,68,44,59,34,34,0,0,34,0,0
19,0.3,0,1120,0e0,0e0,1.4287634694483131e-3,0e0,4.0438200085191056e-4,4.196730660623871e-4,2.6615506212692708e-3,3.1484693827223964e-3,8.117076104099397e-4,2.020560463279253e-3,0e0,1.7448833241360262e-3,0e0,0e0,3.8579312240472063e-3,0e0,0e0,0,0,68,0,58,43,102,68,44,59,34,34,0,0,34,0,0
19,0.3,0,1160,0e0,0e0,1.4291088918980677e-3,0e0,4.025691632705275e-4,4.249659177730791e-4,2.6687224526540376e-3,3.1453956362383906e-3,8.189300788217224e-4,2.027883136179298e-3,0e0,1.742323103826493e-3,0e0,0e0,3.8381305494112894e-3,0e0,0e0,0,0,68,0,58,43,102,68,44,59,34,34,0,0,34,0,0
19,0.3,0,1200,0e0,0e0,1.428844807378482e-3,0e0,4.039270388602745e-4,4.210071674606297e-4,2.663359737198334e-3,3.1477068823733134e-3,8.13545808341587e-4,2.02241744773346e-3,0e0,1.7442512325942516e-3,0e0,0e0,3.852889232803136e-3,0e0,0e0,0,0,68,0,58,43,102,68,44,59,34,34,0,0,34,0,0
19,0.3,1,40,0e0,0e0,3.4510712284827605e-3,0e0,1.4874498592689633e-3,1.319344410148915e-3,1.271507662750082e-3,2.414065700577339e-3,2.962920680147363e-4,2.084065316012129e-3,0e0,3.454879391938448e-3,0e0,0e0,4.637576304958202e-3,0e0,0e0,0,0,68,0,43,49,102,68,53,59,34,34,0,3,31,0,0
19,0.3,1,80,0e0,0e0,3.1378474523080513e-3,0e0,8.238824884756468e-4,1.017924128973391e-3,1.6299477138090879e-3,2.6323722158849705e-3,2.3662087551201694e-4,2.1040351675765123e-3,0e0,3.8105209241621196e-3,0e0,0e0,3.4063464772771113e-3,0e0,0e0,0,0,68,0,44,47,102,68,53,60,34,34,0,1,33,0,0
19,0.3,1,120,0e0,0e0,2.6555058284429833e-3,0e0,6.186486207298003e-4,8.908479867386632e-4,1.8473193777026609e-3,2.8485774437285727e-3,3.320218002045294e-4,1.9471355772111565e-3,0e0,3.1854724511504173e-3,0e0,0e0,3.5187870817026123e-3,0e0,0e0,0,0,68,0,47,45,102,68,52,60,34,34,0,1,33,0,0
19,0.3,1,160,0e0,0e0,2.304627327248454e-3,0e0,4.976047857780941e-4,7.700953174207825e-4,2.043893669906538e-3,2.919710352216498e-3,4.368104418972507e-4,1.9081074060522951e-3,0e0,2.749044942902401e-3,0e0,0e0,3.615766931034159e-3,0e0,0e0,0,0,68,0,51,44,102,68,50,59,34,34,0,1,33,0,0
19,0.3,1,200,0e0,0e0,2.041983178060036e-3,0e0,4.35466648923466e-4,6.735293645760976e-4,2.2012465342413634e-3,2.9747728767688386e-3,5.292803762131371e-4,1.9093735099886544e-3,0e0,2.4375508655793965e-3,0e0,0e0,3.693606558954343e-3,0e0,0e0,0,0,68,0,53,43,102,68,49,59,34,34,0,1,33,0,0
19,0.3,1,240,0e0,0e0,1.8547494692029431e-3,0e0,4.068429407197982e-4,5.997157786623575e-4,2.326305846509058e-3,3.020517548065982e-3,6.053902470739558e-4,1.923419436934637e-3,0e0,2.2188634902704507e-3,0e0,0e0,3.7474696146091446e-3,0e0,0e0,0,0,68,0,56,43,102,68,46,59,34,34,0,0,34,0,0
19,0.3,1,280,0e0,0e0,1.7217137792613357e-3,0e0,3.958431552746333e-4,5.45113070984371e-4,2.4226096138590947e-3,3.0561934036086313e-3,6.647929185419343e-4,1.94300185830798e-3,0e0,2.066680317511782e-3,0e0,0e0,3.7839727592654526e-3,0e0,0e0,0,0,68,0,57,43,102,68,45,59,34,34,0,0,34,0,0
19,0.3,1,320,0e0,0e0,1.6277877584798262e-3,0e0,3.9331951120402664e-4,5.056206973677035e-4,2.494950720574707e-3,3.083473719016183e-3,7.095869987097103e-4,1.962349382665707e-3,0e0,1.9611450989032164e-3,0e0,0e0,3.808530542301014e-3,0e0,0e0,0,0,68,0,57,43,102,68,45,59,34,34,0,0,34,0,0
19,0.3,1,360,0e0,0e0,1.5619580444763415e-3,0e0,3.943532610719558e-4,4.7758666369190905e-4,2.5480265030637383e-3,3.103709121205611e-3,7.423826427839231e-4,1.97896651661722e-3,0e0,1.8884047312894836e-3,0e0,0e0,3.824990475550294e-3,0e0,0e0,0,0,68,0,58,43,102,68,44,59,34,34,0,0,34,0,0
19,0.3,1,400,0e0,0e0,1.516383003036026e-3,0e0,3.965102259826381e-4,4.5805178888258524e-4,2.586089598480612e-3,3.1183819264697377e-3,7.65841639804421e-4,1.9921196799259633e-3,0e0,1.8386179872322828e-3,0e0,0e0,3.8358773599611595e-3,0e0,0e0,0,0,68,0,58,43,102,68,44,59,34,34,0,0,34,0,0
19,0.3,1,440,0e0,0e0,1.485288179537747e-3,0e0,3.986952724517323e-4,4.4464894017437473e-4,2.6126408047275618e-3,3.128682183159981e-3,7.821533072274178e-4,2.001879576710053e-3,0e0,1.804996994906105e-3,0e0,0e0,3.8431464636232704e-3,0e0,0e0,0,0,68,0,58,43,102,68,44,59,34,34,0,0,34,0,0
19,0.3,1,480,0e0,0e0,4.8020265967352316e-4,0e0,6.136088995845057e-4,3.0692551626998466e-4,1.231517377163982e-3,3.0891846113263455e-3,5.882350051251706e-4,1.8678775886655785e-3,0e0,2.1498718415386975e-3,0e0,0e0,3.847294516162947e-3,0e0,0e0,0,0,68,0,57,43,102,68,45,59,34,34,0,0,34,0,0
19,0.3,1,520,0e0,0e0,3.5252809948360664e-4,0e0,8.163280363078229e-4,1.1713282447090023e-4,9.226751226378838e-4,2.9392394480964867e-3,3.9624530108994804e-4,1.9425146783760283e-3,0e0,8.465424325549975e-4,0e0,0e0,3.0010162736289203e-3,0e0,0e0,0,0,68,0,52,43,102,68,49,60,34,34,0,0,34,0,0
19,0.3,1,560,0e0,0e0,3.53669679043378e-4,0e0,7.26304468116723e-4,4.977804466221869e-5,7.982692586665507e-4,2.5579377352187294e-3,1.763305053827935e-4,1.445586490945061e-3,0e0,1.159889499831479e-3,0e0,0e0,2.3084575514076278e-3,0e0,0e0,0,0,68,0,44,41,102,68,54,65,34,34,0,0,34,0,0
19,0.3,1,600,0e0,0e0,4.022868188258144e-4,0e0,6.779628456570208e-4,9.04104798564731e-5,2.494047648724518e-4,2.0965858352610667e-3,4.74349891987913e-6,2.0346989626318646e-3,0e0,6.624539964832366e-4,0e0,0e0,1.5137991358642466e-3,0e0,0e0,0,0,68,0,40,41,102,68,57,66,34,34,0,0,34,0,0
19,0.3,1,640,0e0,0e0,3.855168679365306e-4,0e0,7.128466386348009e-4,1.9271175915491767e-5,1.809542509363382e-4,1.9479529851196276e-3,1.1297596302028978e-5,2.2519087342516286e-3,0e0,3.1334039886132814e-4,0e0,0e0,1.3166381395421922e-3,0e0,0e0,0,0,68,0,40,40,102,68,56,68,34,34,0,0,34,0,0
19,0.3,1,680,0e0,0e0,3.290967706561787e-4,0e0,4.777216017828323e-4,1.9411329049034975e-5,3.0400044670386706e-4,2.1351167633838486e-3,1.2922958376293536e-4,2.1404398194135865e-3,0e0,4.865428418270312e-4,0e0,0e0,5.454032045690838e-4,0e0,0e0,0,0,68,0,46,34,102,68,56,68,34,34,0,0,34,0,0
19,0.3,1,720,0e0,0e0,1.9421094452809484e-4,0e0,2.0742946799146011e-4,1.035029686136113e-4,3.3833444786068867e-4,2.2461582375399303e-3,1.1795352520493907e-4,2.025621472057537e-3,0e0,3.943797819374595e-4,0e0,0e0,5.509857417109743e-4,0e0,0e0,0,0,68,0,48,34,102,68,54,68,34,34,0,0,34,0,0
19,0.3,1,760,0e0,0e0,4.386263644846622e-4,0e0,2.6250996597809717e-4,1.653944623285497e-4,4.128629179831478e-4,1.7743992630130379e-3,8.039213344090967e-5,1.808427345167729e-3,0e0,2.5486711274425033e-4,0e0,0e0,5.356571873562643e-4,0e0,0e0,0,0,68,0,47,34,102,68,55,68,34,34,0,0,34,0,0
19,0.3,1,800,0e0,0e0,3.9796915734768845e-4,0e0,1.9703215730260126e-4,1.816863841668237e-4,4.119338491364033e-4,1.7413401401427109e-3,1.252880124411604e-4,1.6887721913008136e-3,0e0,2.47553049121052e-4,0e0,0e0,5.564604928167682e-4,0e0,0e0,0,0,68,0,48,34,102,68,54,68,34,34,0,0,34,0,0
19,0.3,1,840,0e0,0e0,1.5056057191031869e-4,0e0,9.027186024468392e-5,3.6866475056740455e-4,1.1023609977200977e-4,1.0785315243992954e-3,1.8263965284859296e-4,6.34506680398772e-4,0e0,2.2937870744499378e-4,0e0,0e0,6.019767961333855e-4,0e0,0e0,0,0,68,0,49,34,102,68,53,68,34,34,0,0,34,0,0
19,0.3,1,880,0e0,0e0,1.3046419098827755e-4,0e0,5.811453456772142e-5,2.3906360547698569e-4,6.174339523568051e-5,8.419552577834111e-4,1.9825348226731876e-4,2.513521440050681e-4,0e0,2.59868502325844e-4,0e0,0e0,5.59759117095382e-4,0e0,0e0,0,0,68,0,49,43,93,68,53,68,34,34,0,0,34,0,0
19,0.3,1,920,0e0,0e0,6.552023683070729e-5,0e0,5.353635242499877e-5,1.0408420257590478e-4,9.250086782230937e-5,7.505990542995278e-4,1.3821512675349368e-4,1.3400083116721362e-4,0e0,3.0150073871482164e-4,0e0,0e0,5.33390721102478e-4,0e0,0e0,0,0,68,0,48,43,93,68,54,68,34,34,0,0,34,0,0
19,0.3,1,960,0e0,0e0,8.022461997825303e-5,0e0,6.283792708927649e-5,8.586743751948234e-5,1.2695594523393083e-4,7.174378915806301e-4,1.1967843511229148e-4,1.1175742201885441e-4,0e0,3.146825620206073e-4,0e0,0e0,5.445221304398729e-4,0e0,0e0,0,0,68,0,48,42,94,68,54,68,34,34,0,0,34,0,0
19,0.3,1,1000,0e0,0e0,7.309581158665424e-5,0e0,5.148897980689071e-5,7.074840186760412e-5,1.317823425779352e-4,6.762098837498343e-4,1.2142699779360555e-4,9.104146738536656e-5,0e0,3.271245659561828e-4,0e0,0e0,5.393442988861352e-4,0e0,0e0,0,0,68,0,48,43,93,68,54,68,34,34,0,0,34,0,0
19,0.3,1,1040,0e0,0e0,9.695107200968778e-5,0e0,4.7657109462306835e-5,7.831115090084495e-5,8.76963035807421e-5,6.416157502826536e-4,1.1884924469995894e-4,9.478331139689544e-5,0e0,3.4580918145366013e-4,0e0,0e0,4.977715216227807e-4,0e0,0e0,0,0,68,0,48,42,94,68,54,68,34,34,0,0,34,0,0
19,0.3,1,1080,0e0,0e0,1.3996757661516313e-4,0e0,3.326656951685436e-5,8.699178488313919e-5,6.842666721240676e-5,5.996040440550132e-4,8.966340783445048e-5,6.566763659066055e-5,0e0,3.5490285517880693e-4,0e0,0e0,4.84448995848652e-4,0e0,0e0,0,0,68,0,47,43,93,68,55,68,34,34,0,0,34,0,0
19,0.3,1,1120,0e0,0e0,1.598001172169461e-4,0e0,2.804376322274038e-5,7.31808167984127e-5,7.35856119717937e-5,5.787794571006089e-4,7.681104511902959e-5,6.371036761265714e-5,0e0,3.7330556369852275e-4,0e0,0e0,4.7102542157517746e-4,0e0,0e0,0,0,68,0,47,43,93,68,55,68,34,34,0,0,34,0,0
19,0.3,1,1160,0e0,0e0,1.7177275549329352e-4,0e0,2.3392955768031243e-5,6.638168213157769e-5,7.768592649881612e-5,5.70402721677965e-4,6.956184301998292e-5,6.188691168063087e-5,0e0,3.8303823384922e-4,0e0,0e0,4.6129362817737274e-4,0e0,0e0,0,0,68,0,47,43,93,68,55,68,34,34,0,0,34,0,0
19,0.3,1,1200,0e0,0e0,1.7968818474400905e-4,0e0,1.986637721529405e-5,6.337151285151776e-5,8.101460730358667e-5,5.669278061759542e-4,6.522143576148665e-5,5.987595886836061e-5,0e0,3.877748386003077e-4,0e0,0e0,4.5404462798614986e-4,0e0,0e0,0,0,68,0,47,43,93,68,55,68,34,34,0,0,34,0,0
41,0.0,0,40,0e0,2.204574093411793e-5,4.143296200709301e-5,6.869584217383817e-5,5.0349923185422085e-5,6.623239823966287e-5,8.077197662714752e-6,5.332480964170827e-5,0e0,1.1570145943551324e-5,7.886626826802967e-5,0e0,0e0,2.5394831391167827e-4,0e0,1.2389483890729025e-4,0e0,0,34,102,34,0,68,58,44,0,102,68,34,0,0,0,0,0
41,0.0,0,80,0e0,1.595154867573001e-5,9.254509564016189e-6,2.6534610924500157e-5,1.8457873466104502e-5,1.2437548662092013e-5,2.243566342485792e-6,1.746849869732614e-5,0e0,1.045858432746627e-6,2.5409660409536627e-5,0e0,0e0,4.333108290666132e-5,0e0,5.7791624840319855e-5,0e0,0,34,102,34,0,68,56,46,0,98,72,34,0,0,0,0,0
41,0.0,0,120,0e0,4.217136563511303e-6,1.9423890194048e-6,4.64205390215966e-6,5.0449040145394974e-6,2.862790694280193e-6,7.289879278005174e-7,4.0687040865350355e-6,0e0,2.688886766577525e-7,6.355510837607881e-6,0e0,0e0,9.239063956556492e-6,0e0,1.2978062613910879e-5,0e0,0,34,102,34,0,68,54,48,0,96,74,34,0,0,0,0,0
41,0.0,0,160,0e0,6.579105900073046e-7,2.990340810526959e-7,7.665445789228897e-7,7.877609249362649e-7,4.6057554570211323e-7,9.954865820560599e-8,6.229987690176131e-7,0e0,4.9337399055104925e-8,1.0084856150172072e-6,0e0,0e0,1.566877614322948e-6,0e0,2.082218315990758e-6,0e0,0,34,102,34,0,68,54,48,0,95,75,34,0,0,0,0,0
41,0.0,0,200,0e0,7.294162873705545e-8,3.299540041190596e-8,8.504922988095132e-8,8.784152161211978e-8,5.1994185845671836e-8,1.1020308221532105e-8,6.940262053944934e-8,0e0,5.6874549514418504e-9,1.1117701248508638e-7,0e0,0e0,1.7454320655474476e-7,0e0,2.308705582265702e-7,0e0,0,34,102,34,0,68,54,48,0,94,76,34,0,0,0,0,0
41,0.0,0,240,0e0,5.413672399257052e-9,2.4249910968165977e-9,6.278219721878031e-9,6.488030557250113e-9,3.824544236863403e-9,8.078551161361247e-10,5.093570010217263e-9,0e0,4.2291503632441163e-10,8.24739743165992e-9,0e0,0e0,1.2874235899573705e-8,0e0,1.7077404379506333e-8,0e0,0,34,102,34,0,68,52,50,0,94,76,34,0,0,0,0,0
41,0.0,0,280,0e0,2.507711815979974e-10,1.1022027734952644e-10,2.9542501778223595e-10,2.9109870069987664e-10,1.7537171714820943e-10,3.5504044149092806e-11,2.2522783638123656e-10,0e0,1.9746870805192884e-11,3.9254999251170375e-10,0e0,0e0,5.84623904842374e-10,0e0,7.685443392801972e-10,0e0,0,34,102,34,0,68,52,50,0,94,76,34,0,0,0,0,0
41,0.0,0,320,0e0,6.9395600377220035e-12,2.9061197892588098e-12,8.44257996845954e-12,6.589395695755229e-12,3.927524971913954e-12,4.769518113789672e-13,4.6345149939952535e-12,0e0,5.32018873400375e-13,1.0487610779819079e-11,0e0,0e0,1.3752554650636739e-11,0e0,1.6488144183313125e-11,0e0,0,34,102,34,0,68,52,50,0,94,76,34,0,0,0,0,0
41,0.0,0,360,0e0,1.192379528447418e-13,7.815970093361102e-14,6.905587213168474e-13,1.3322676295501878e-14,1.1546319456101628e-14,1.0746958878371515e-13,1.6342482922482304e-13,0e0,1.127986593019159e-13,4.121147867408581e-13,0e0,0e0,1.7763568394002505e-13,0e0,3.907985046680551e-14,0e0,0,34,102,34,0,68,52,50,0,94,76,34,0,0,0,0,0
41,0.0,0,400,0e0,2.5979218776228663e-14,6.261657858885883e-14,5.371258993136507e-13,2.7533531010703882e-14,1.7763568394002505e-14,1.723066134218243e-13,3.6060043839825084e-13,0e0,1.341149413747189e-13,2.3447910280083306e-13,0e0,0e0,1.509903313490213e-14,0e0,3.552713678800501e-14,0e0,0,34,102,34,0,68,52,50,0,94,76,34,0,0,0,0,0
41,0.0,0,440,0e0,2.5979218776228663e-14,6.261657858885883e-14,5.300204719560497e-13,3.8191672047105385e-14,9.769962616701378e-15,1.723066134218243e-13,3.8191672047105385e-13,0e0,1.092459456231154e-13,2.3447910280083306e-13,0e0,0e0,1.509903313490213e-14,0e0,3.552713678800501e-14,0e0,0,34,102,34,0,68,52,50,0,94,76,34,0,0,0,0,0
41,0.0,0,480,0e0,3.397282455352979e-14,6.261657858885883e-14,5.53335155473178e-13,2.7533531010703882e-14,1.7763568394002505e-14,1.723066134218243e-13,3.694822225952521e-13,0e0,1.3589129821411916e-13,2.3447910280083306e-13,0e0,0e0,1.4210854715202004e-14,0e0,3.552713678800501e-14,0e0,0,34,102,34,0,68,52,50,0,94,76,34,0,0,0,0,0
41,0.0,0,520,0e0,2.5979218776228663e-14,6.261657858885883e-14,5.46229728115577e-13,1.9539925233402755e-14,1.4210854715202004e-14,1.723066134218243e-13,3.019806626980426e-13,0e0,1.341149413747189e-13,2.3447910280083306e-13,0e0,0e0,1.509903313490213e-14,0e0,3.552713678800501e-14,0e0,0,34,102,34,0,68,52,50,0,94,76,34,0,0,0,0,0
41,0.0,0,560,0e0,2.5979218776228663e-14,6.261657858885883e-14,5.335731856348502e-13,1.9539925233402755e-14,1.4210854715202004e-14,1.723066134218243e-13,3.694822225952521e-13,0e0,1.7319479184152442e-13,1.8118839761882555e-13,0e0,0e0,4.440892098500626e-15,0e0,3.552713678800501e-14,0e0,0,34,102,34,0,68,52,50,0,94,76,34,0,0,0,0,0
41,0.0,0,600,0e0,2.5979218776228663e-14,6.261657858885883e-14,5.335731856348502e-13,2.7533531010703882e-14,1.4210854715202004e-14,1.723066134218243e-13,3.694822225952521e-13,0e0,1.5543122344752192e-13,2.4513724383723456e-13,0e0,0e0,1.509903313490213e-14,0e0,3.552713678800501e-14,0e0,0,34,102,34,0,68,52,50,0,94,76,34,0,0,0,0,0
41,0.0,0,640,0e0,2.5979218776228663e-14,6.261657858885883e-14,5.371258993136507e-13,3.197442310920451e-14,8.881784197001252e-15,1.723066134218243e-13,3.694822225952521e-13,0e0,1.5543122344752192e-13,2.4513724383723456e-13,0e0,0e0,1.509903313490213e-14,0e0,3.552713678800501e-14,0e0,0,34,102,34,0,68,52,50,0,94,76,34,0,0,0,0,0
41,0.0,0,680,0e0,2.5979218776228663e-14,6.261657858885883e-14,5.426770144367765e-13,3.197442310920451e-14,8.881784197001252e-15,1.6431300764452317e-13,3.979039320256561e-13,0e0,1.1901590823981678e-13,2.4513724383723456e-13,0e0,0e0,1.509903313490213e-14,0e0,3.552713678800501e-14,0e0,0,34,102,34,0,68,52,50,0,94,76,34,0,0,0,0,0
41,0.0,0,720,0e0,3.397282455352979e-14,6.261657858885883e-14,5.335731856348502e-13,3.8191672047105385e-14,1.2434497875801753e-14,1.723066134218243e-13,3.694822225952521e-13,0e0,1.0835776720341528e-13,2.3447910280083306e-13,0e0,0e0,3.197442310920451e-14,0e0,3.552713678800501e-14,0e0,0,34,102,34,0,68,52,50,0,94,76,34,0,0,0,0,0
41,0.0,0,760,0e0,2.5979218776228663e-14,6.261657858885883e-14,5.335731856348502e-13,1.9539925233402755e-14,1.7763568394002505e-14,1.723066134218243e-13,3.161915174132446e-13,0e0,1.3589129821411916e-13,2.3447910280083306e-13,0e0,0e0,1.4210854715202004e-14,0e0,3.552713678800501e-14,0e0,0,34,102,34,0,68,52,50,0,94,76,34,0,0,0,0,0
41,0.0,0,800,0e0,2.5979218776228663e-14,6.261657858885883e-14,5.371258993136507e-13,2.7533531010703882e-14,1.7763568394002505e-14,1.723066134218243e-13,3.552713678800501e-13,0e0,1.3589129821411916e-13,2.3447910280083306e-13,0e0,0e0,1.4210854715202004e-14,0e0,2.1316282072803006e-14,0e0,0,34,102,34,0,68,52,50,0,94,76,34,0,0,0,0,0
41,0.0,0,840,0e0,2.5979218776228663e-14,6.261657858885883e-14,5.371258993136507e-13,2.7533531010703882e-14,1.4210854715202004e-14,1.723066134218243e-13,3.552713678800501e-13,0e0,1.438849039914203e-13,2.3447910280083306e-13,0e0,0e0,1.509903313490213e-14,0e0,2.1316282072803006e-14,0e0,0,34,102,34,0,68,52,50,0,94,76,34,0,0,0,0,0
41,0.0,0,880,0e0,2.5979218776228663e-14,6.261657858885883e-14,5.371258993136507e-13,2.7533531010703882e-14,8.881784197001252e-15,1.723066134218243e-13,3.8191672047105385e-13,0e0,1.305622276959184e-13,1.8118839761882555e-13,0e0,0e0,1.509903313490213e-14,0e0,3.552713678800501e-14,0e0,0,34,102,34,0,68,52,50,0,94,76,34,0,0,0,0,0
41,0.0,0,920,0e0,3.397282455352979e-14,6.261657858885883e-14,6.17284001691587e-13,1.5987211554602254e-14,1.7763568394002505e-14,1.723066134218243e-13,3.019806626980426e-13,0e0,1.341149413747189e-13,2.2382096176443156e-13,0e0,0e0,1.509903313490213e-14,0e0,3.552713678800501e-14,0e0,0,34,102,34,0,68,52,50,0,94,76,34,0,0,0,0,0
41,0.0,0,960,0e0,4.374278717023117e-14,6.261657858885883e-14,5.497824417943775e-13,8.79296635503124e-14,1.687538997430238e-14,1.6431300764452317e-13,3.552713678800501e-13,0e0,1.0391687510491465e-13,2.3447910280083306e-13,0e0,0e0,5.684341886080802e-14,0e0,3.552713678800501e-14,0e0,0,34,102,34,0,68,52,50,0,94,76,34,0,0,0,0,0
41,0.0,0,1000,0e0,2.5979218776228663e-14,6.261657858885883e-14,5.300204719560497e-13,2.7533531010703882e-14,1.7763568394002505e-14,1.723066134218243e-13,3.694822225952521e-13,0e0,1.341149413747189e-13,2.3447910280083306e-13,0e0,0e0,1.509903313490213e-14,0e0,3.552713678800501e-14,0e0,0,34,102,34,0,68,52,50,0,94,76,34,0,0,0,0,0
41,0.0,0,1040,0e0,2.9531932455029164e-14,6.261657858885883e-14,5.335731856348502e-13,2.398081733190338e-14,1.7763568394002505e-14,1.723066134218243e-13,3.019806626980426e-13,0e0,1.2434497875801753e-13,2.2382096176443156e-13,0e0,0e0,3.197442310920451e-14,0e0,3.552713678800501e-14,0e0,0,34,102,34,0,68,52,50,0,94,76,34,0,0,0,0,0
41,0.0,0,1080,0e0,3.397282455352979e-14,6.261657858885883e-14,5.639932965095795e-13,1.9539925233402755e-14,1.7763568394002505e-14,1.723066134218243e-13,3.161915174132446e-13,0e0,1.341149413747189e-13,2.3447910280083306e-13,0e0,0e0,1.509903313490213e-14,0e0,3.552713678800501e-14,0e0,0,34,102,34,0,68,52,50,0,94,76,34,0,0,0,0,0
41,0.0,0,1120,0e0,4.374278717023117e-14,6.261657858885883e-14,6.126210649881614e-13,2.3092638912203256e-14,1.7763568394002505e-14,1.723066134218243e-13,2.3092638912203256e-13,0e0,1.1368683772161603e-13,2.3447910280083306e-13,0e0,0e0,1.509903313490213e-14,0e0,3.552713678800501e-14,0e0,0,34,102,34,0,68,52,50,0,94,76,34,0,0,0,0,0
41,0.0,0,1160,0e0,2.9531932455029164e-14,6.483702463810914e-14,5.302425165609748e-13,9.50350909079134e-14,8.881784197001252e-15,1.4654943925052066e-13,3.019806626980426e-13,0e0,1.1901590823981678e-13,2.3447910280083306e-13,0e0,0e0,3.197442310920451e-14,0e0,3.552713678800501e-14,0e0,0,34,102,34,0,68,52,50,0,94,76,34,0,0,0,0,0
41,0.0,0,1200,0e0,3.397282455352979e-14,6.261657858885883e-14,5.273559366969494e-13,3.197442310920451e-14,9.769962616701378e-15,1.6431300764452317e-13,3.979039320256561e-13,0e0,1.305622276959184e-13,2.3447910280083306e-13,0e0,0e0,1.509903313490213e-14,0e0,3.552713678800501e-14,0e0,0,34,102,34,0,68,52,50,0,94,76,34,0,0,0,0,0
41,0.0,1,40,0e0,2.204574093411793e-5,4.143296200709301e-5,6.869584217383817e-5,5.0349923185422085e-5,6.623239823966287e-5,8.077197662714752e-6,5.332480964170827e-5,0e0,1.1570145943551324e-5,7.886626826802967e-5,0e0,0e0,2.5394831391167827e-4,0e0,1.2389483890729025e-4,0e0,0,34,102,34,0,68,58,44,0,102,68,34,0,0,0,0,0
41,0.0,1,80,0e0,1.595154867573001e-5,9.254509564016189e-6,2.6534610924500157e-5,1.8457873466104502e-5,1.2437548662092013e-5,2.243566342485792e-6,1.746849869732614e-5,0e0,1.045858432746627e-6,2.5409660409536627e-5,0e0,0e0,4.333108290666132e-5,0e0,5.7791624840319855e-5,0e0,0,34,102,34,0,68,56,46,0,98,72,34,0,0,0,0,0
41,0.0,1,120,0e0,4.217136563511303e-6,1.9423890194048e-6,4.64205390215966e-6,5.0449040145394974e-6,2.862790694280193e-6,7.289879278005174e-7,4.0687040865350355e-6,0e0,2.688886766577525e-7,6.355510837607881e-6,0e0,0e0,9.239063956556492e-6,0e0,1.2978062613910879e-5,0e0,0,34,102,34,0,68,54,48,0,96,74,34,0,0,0,0,0
41,0.0,1,160,0e0,6.579105900073046e-7,2.990340810526959e-7,7.665445789228897e-7,7.877609249362649e-7,4.6057554570211323e-7,9.954865820560599e-8,6.229987690176131e-7,0e0,4.9337399055104925e-8,1.0084856150172072e-6,0e0,0e0,1.566877614322948e-6,0e0,2.082218315990758e-6,0e0,0,34,102,34,0,68,54,48,0,95,75,34,0,0,0,0,0
41,0.0,1,200,0e0,7.294162873705545e-8,3.299540041190596e-8,8.504922988095132e-8,8.784152161211978e-8,5.1994185845671836e-8,1.1020308221532105e-8,6.940262053944934e-8,0e0,5.6874549514418504e-9,1.1117701248508638e-7,0e0,0e0,1.7454320655474476e-7,0e0,2.308705582265702e-7,0e0,0,34,102,34,0,68,54,48,0,94,76,34,0,0,0,0,0
41,0.0,1,240,0e0,5.413672399257052e-9,2.4249910968165977e-9,6.278219721878031e-9,6.488030557250113e-9,3.824544236863403e-9,8.078551161361247e-10,5.093570010217263e-9,0e0,4.2291503632441163e-10,8.24739743165992e-9,0e0,0e0,1.2874235899573705e-8,0e0,1.7077404379506333e-8,0e0,0,34,102,34,0,68,52,50,0,94,76,34,0,0,0,0,0
41,0.0,1,280,0e0,2.507711815979974e-10,1.1022027734952644e-10,2.9542501778223595e-10,2.9109870069987664e-10,1.7537171714820943e-10,3.5504044149092806e-11,2.2522783638123656e-10,0e0,1.9746870805192884e-11,3.9254999251170375e-10,0e0,0e0,5.84623904842374e-10,0e0,7.685443392801972e-10,0e0,0,34,102,34,0,68,52,50,0,94,76,34,0,0,0,0,0
41,0.0,1,320,0e0,6.9395600377220035e-12,2.9061197892588098e-12,8.44257996845954e-12,6.589395695755229e-12,3.927524971913954e-12,4.769518113789672e-13,4.6345149939952535e-12,0e0,5.32018873400375e-13,1.0487610779819079e-11,0e0,0e0,1.3752554650636739e-11,0e0,1.6488144183313125e-11,0e0,0,34,102,34,0,68,52,50,0,94,76,34,0,0,0,0,0
41,0.0,1,360,0e0,1.192379528447418e-13,7.815970093361102e-14,6.905587213168474e-13,1.3322676295501878e-14,1.1546319456101628e-14,1.0746958878371515e-13,1.6342482922482304e-13,0e0,1.127986593019159e-13,4.121147867408581e-13,0e0,0e0,1.7763568394002505e-13,0e0,3.907985046680551e-14,0e0,0,34,102,34,0,68,52,50,0,94,76,34,0,0,0,0,0
41,0.0,1,400,0e0,2.5979218776228663e-14,6.261657858885883e-14,5.371258993136507e-13,2.7533531010703882e-14,1.7763568394002505e-14,1.723066134218243e-13,3.6060043839825084e-13,0e0,1.341149413747189e-13,2.3447910280083306e-13,0e0,0e0,1.509903313490213e-14,0e0,3.552713678800501e-14,0e0,0,34,102,34,0,68,52,50,0,94,76,34,0,0,0,0,0
41,0.0,1,440,0e0,2.5979218776228663e-14,6.261657858885883e-14,5.300204719560497e-13,3.8191672047105385e-14,9.769962616701378e-15,1.723066134218243e-13,3.8191672047105385e-13,0e0,1.092459456231154e-13,2.3447910280083306e-13,0e0,0e0,1.509903313490213e-14,0e0,3.552713678800501e-14,0e0,0,34,102,34,0,68,52,50,0,94,76,34,0,0,0,0,0
41,0.0,1,480,0e0,3.397282455352979e-14,6.261657858885883e-14,5.53335155473178e-13,2.7533531010703882e-14,1.7763568394002505e-14,1.723066134218243e-13,3.694822225952521e-13,0e0,1.3589129821411916e-13,2.3447910280083306e-13,0e0,0e0,1.4210854715202004e-14,0e0,3.552713678800501e-14,0e0,0,34,102,34,0,68,52,50,0,94,76,34,0,0,0,0,0
41,0.0,1,520,0e0,2.5979218776228663e-14,6.261657858885883e-14,5.46229728115577e-13,1.9539925233402755e-14,1.4210854715202004e-14,1.723066134218243e-13,3.019806626980426e-13,0e0,1.341149413747189e-13,2.3447910280083306e-13,0e0,0e0,1.509903313490213e-14,0e0,3.552713678800501e-14,0e0,0,34,102,34,0,68,52,50,0,94,76,34,0,0,0,0,0
41,0.0,1,560,0e0,2.5979218776228663e-14,6.261657858885883e-14,5.335731856348502e-13,1.9539925233402755e-14,1.4210854715202004e-14,1.723066134218243e-13,3.694822225952521e-13,0e0,1.7319479184152442e-13,1.8118839761882555e-13,0e0,0e0,4.440892098500626e-15,0e0,3.552713678800501e-14,0e0,0,34,102,34,0,68,52,50,0,94,76,34,0,0,0,0,0
41,0.0,1,600,0e0,2.5979218776228663e-14,6.261657858885883e-14,5.335731856348502e-13,2.7533531010703882e-14,1.4210854715202004e-14,1.723066134218243e-13,3.694822225952521e-13,0e0,1.5543122344752192e-13,2.4513724383723456e-13,0e0,0e0,1.509903313490213e-14,0e0,3.552713678800501e-14,0e0,0,34,102,34,0,68,52,50,0,94,76,34,0,0,0,0,0
41,0.0,1,640,0e0,2.5979218776228663e-14,6.261657858885883e-14,5.371258993136507e-13,3.197442310920451e-14,8.881784197001252e-15,1.723066134218243e-13,3.694822225952521e-13,0e0,1.5543122344752192e-13,2.4513724383723456e-13,0e0,0e0,1.509903313490213e-14,0e0,3.552713678800501e-14,0e0,0,34,102,34,0,68,52,50,0,94,76,34,0,0,0,0,0
41,0.0,1,680,0e0,2.5979218776228663e-14,6.261657858885883e-14,5.426770144367765e-13,3.197442310920451e-14,8.881784197001252e-15,1.6431300764452317e-13,3.979039320256561e-13,0e0,1.1901590823981678e-13,2.4513724383723456e-13,0e0,0e0,1.509903313490213e-14,0e0,3.552713678800501e-14,0e0,0,34,102,34,0,68,52,50,0,94,76,34,0,0,0,0,0
41,0.0,1,720,0e0,3.397282455352979e-14,6.261657858885883e-14,5.335731856348502e-13,3.8191672047105385e-14,1.2434497875801753e-14,1.723066134218243e-13,3.694822225952521e-13,0e0,1.0835776720341528e-13,2.3447910280083306e-13,0e0,0e0,3.197442310920451e-14,0e0,3.552713678800501e-14,0e0,0,34,102,34,0,68,52,50,0,94,76,34,0,0,0,0,0
41,0.0,1,760,0e0,2.5979218776228663e-14,6.261657858885883e-14,5.335731856348502e-13,1.9539925233402755e-14,1.7763568394002505e-14,1.723066134218243e-13,3.161915174132446e-13,0e0,1.3589129821411916e-13,2.3447910280083306e-13,0e0,0e0,1.4210854715202004e-14,0e0,3.552713678800501e-14,0e0,0,34,102,34,0,68,52,50,0,94,76,34,0,0,0,0,0
41,0.0,1,800,0e0,2.5979218776228663e-14,6.261657858885883e-14,5.371258993136507e-13,2.7533531010703882e-14,1.7763568394002505e-14,1.723066134218243e-13,3.552713678800501e-13,0e0,1.3589129821411916e-13,2.3447910280083306e-13,0e0,0e0,1.4210854715202004e-14,0e0,2.1316282072803006e-14,0e0,0,34,102,34,0,68,52,50,0,94,76,34,0,0,0,0,0
41,0.0,1,840,0e0,2.5979218776228663e-14,6.261657858885883e-14,5.371258993136507e-13,2.7533531010703882e-14,1.4210854715202004e-14,1.723066134218243e-13,3.552713678800501e-13,0e0,1.438849039914203e-13,2.3447910280083306e-13,0e0,0e0,1.509903313490213e-14,0e0,2.1316282072803006e-14,0e0,0,34,102,34,0,68,52,50,0,94,76,34,0,0,0,0,0
41,0.0,1,880,0e0,2.5979218776228663e-14,6.261657858885883e-14,5.371258993136507e-13,2.7533531010703882e-14,8.881784197001252e-15,1.723066134218243e-13,3.8191672047105385e-13,0e0,1.305622276959184e-13,1.8118839761882555e-13,0e0,0e0,1.509903313490213e-14,0e0,3.552713678800501e-14,0e0,0,34,102,34,0,68,52,50,0,94,76,34,0,0,0,0,0
41,0.0,1,920,0e0,3.397282455352979e-14,6.261657858885883e-14,6.17284001691587e-13,1.5987211554602254e-14,1.7763568394002505e-14,1.723066134218243e-13,3.019806626980426e-13,0e0,1.341149413747189e-13,2.2382096176443156e-13,0e0,0e0,1.509903313490213e-14,0e0,3.552713678800501e-14,0e0,0,34,102,34,0,68,52,50,0,94,76,34,0,0,0,0,0
41,0.0,1,960,0e0,4.374278717023117e-14,6.261657858885883e-14,5.497824417943775e-13,8.79296635503124e-14,1.687538997430238e-14,1.6431300764452317e-13,3.552713678800501e-13,0e0,1.0391687510491465e-13,2.3447910280083306e-13,0e0,0e0,5.684341886080802e-14,0e0,3.552713678800501e-14,0e0,0,34,102,34,0,68,52,50,0,94,76,34,0,0,0,0,0
41,0.0,1,1000,0e0,2.5979218776228663e-14,6.261657858885883e-14,5.300204719560497e-13,2.7533531010703882e-14,1.7763568394002505e-14,1.723066134218243e-13,3.694822225952521e-13,0e0,1.341149413747189e-13,2.3447910280083306e-13,0e0,0e0,1.509903313490213e-14,0e0,3.552713678800501e-14,0e0,0,34,102,34,0,68,52,50,0,94,76,34,0,0,0,0,0
41,0.0,1,1040,0e0,2.9531932455029164e-14,6.261657858885883e-14,5.335731856348502e-13,2.398081733190338e-14,1.7763568394002505e-14,1.723066134218243e-13,3.019806626980426e-13,0e0,1.2434497875801753e-13,2.2382096176443156e-13,0e0,0e0,3.197442310920451e-14,0e0,3.552713678800501e-14,0e0,0,34,102,34,0,68,52,50,0,94,76,34,0,0,0,0,0
41,0.0,1,1080,0e0,3.397282455352979e-14,6.261657858885883e-14,5.639932965095795e-13,1.9539925233402755e-14,1.7763568394002505e-14,1.723066134218243e-13,3.161915174132446e-13,0e0,1.341149413747189e-13,2.3447910280083306e-13,0e0,0e0,1.509903313490213e-14,0e0,3.552713678800501e-14,0e0,0,34,102,34,0,68,52,50,0,94,76,34,0,0,0,0,0
41,0.0,1,1120,0e0,4.374278717023117e-14,6.261657858885883e-14,6.126210649881614e-13,2.3092638912203256e-14,1.7763568394002505e-14,1.723066134218243e-13,2.3092638912203256e-13,0e0,1.1368683772161603e-13,2.3447910280083306e-13,0e0,0e0,1.509903313490213e-14,0e0,3.552713678800501e-14,0e0,0,34,102,34,0,68,52,50,0,94,76,34,0,0,0,0,0
41,0.0,1,1160,0e0,2.9531932455029164e-14,6.483702463810914e-14,5.302425165609748e-13,9.50350909079134e-14,8.881784197001252e-15,1.4654943925052066e-13,3.019806626980426e-13,0e0,1.1901590823981678e-13,2.3447910280083306e-13,0e0,0e0,3.197442310920451e-14,0e0,3.552713678800501e-14,0e0,0,34,102,34,0,68,52,50,0,94,76,34,0,0,0,0,0
41,0.0,1,1200,0e0,3.397282455352979e-14,6.261657858885883e-14,5.273559366969494e-13,3.197442310920451e-14,9.769962616701378e-15,1.6431300764452317e-13,3.979039320256561e-13,0e0,1.305622276959184e-13,2.3447910280083306e-13,0e0,0e0,1.509903313490213e-14,0e0,3.552713678800501e-14,0e0,0,34,102,34,0,68,52,50,0,94,76,34,0,0,0,0,0
41,0.3,0,40,0e0,2.2220479731913656e-3,1.055342159816064e-3,6.938742437341716e-3,3.057293884921819e-3,7.032840730971657e-4,7.933075778510101e-6,1.0633532838255633e-3,0e0,1.6736942197894678e-3,1.6595125125604682e-3,0e0,0e0,2.6430395082570612e-3,0e0,3.3603606570977718e-3,0e0,0,34,92,30,0,78,64,52,0,92,68,34,0,0,0,0,0
41,0.3,0,80,0e0,2.6499774830881506e-3,8.487930099363439e-4,7.205811998574063e-3,2.3744098871247843e-3,7.271226495504379e-4,1.445272403088893e-5,1.302268177823862e-3,0e0,1.980502318474464e-3,1.6117997947731055e-3,0e0,0e0,1.8009092163993046e-3,0e0,2.689702290808782e-3,0e0,0,34,92,29,0,79,58,59,0,91,68,34,0,0,0,0,0
41,0.3,0,120,0e0,3.160168038448319e-3,7.331999586313032e-4,7.185183552792296e-3,1.998086881940253e-3,7.54132925067097e-4,3.169846354467154e-5,1.4516051160171628e-3,0e0,2.1314729820005596e-3,1.630939237657003e-3,0e0,0e0,1.43902373383753e-3,0e0,2.3425589606631547e-3,0e0,0,34,92,28,0,80,53,65,0,90,68,34,0,0,0,0,0
41,0.3,0,160,0e0,3.423778311116621e-3,6.949877933948301e-4,7.189030016888864e-3,1.8300253723282367e-3,7.627774029970169e-4,4.316070862842025e-5,1.5022112274891697e-3,0e0,2.194530752603896e-3,1.663991959503619e-3,0e0,0e0,1.2917398562422022e-3,0e0,2.2027009981684387e-3,0e0,0,34,92,28,0,80,49,69,0,90,68,34,0,0,0,0,0
41,0.3,0,200,0e0,3.5143183486070484e-3,6.818599285907112e-4,7.19085233140504e-3,1.7767973185982555e-3,7.666440433240496e-4,4.750726930069504e-5,1.521014426543843e-3,0e0,2.2164203037391417e-3,1.6770753827586304e-3,0e0,0e0,1.2424492451827973e-3,0e0,2.1582353074336424e-3,0e0,0,34,92,28,0,80,47,71,0,90,68,34,0,0,0,0,0
41,0.3,0,240,0e0,3.5368313547223806e-3,6.787633537896909e-4,7.19171563105192e-3,1.7637139389989898e-3,7.675513334106654e-4,4.8608993893139996e-5,1.5257109989761375e-3,0e0,2.221724651462864e-3,1.6802878235466778e-3,0e0,0e0,1.2306093267397955e-3,0e0,2.1473346860148013e-3,0e0,0,34,92,28,0,80,47,71,0,90,68,34,0,0,0,0,0
41,0.3,0,280,0e0,3.5404808004386723e-3,6.782697455491871e-4,7.191871998657007e-3,1.7615907709114254e-3,7.676860186620615e-4,4.8788386266096495e-5,1.5264789617503993e-3,0e0,2.2225542925298214e-3,1.6808253531053197e-3,0e0,0e0,1.2287045974517241e-3,0e0,2.1456185495480895e-3,0e0,0,34,92,28,0,80,47,71,0,90,68,34,0,0,0,0,0
41,0.3,0,320,0e0,3.5407567338552326e-3,6.782334385206923e-4,7.19185930211097e-3,1.7614465614315122e-3,7.676949899177998e-4,4.8800744934851537e-5,1.5265408510458656e-3,0e0,2.222646857262589e-3,1.6808517975732684e-3,0e0,0e0,1.2285616976441815e-3,0e0,2.1454824454849586e-3,0e0,0,34,92,28,0,80,47,71,0,90,68,34,0,0,0,0,0
41,0.3,0,360,0e0,3.5407290852162987e-3,6.782360287616029e-4,7.1918632165761665e-3,1.7614638636587188e-3,7.676898530917242e-4,4.879977814198355e-5,1.526540050690528e-3,0e0,2.222637864178978e-3,1.680854766163975e-3,0e0,0e0,1.2285779521334916e-3,0e0,2.145492850104347e-3,0e0,0,34,92,28,0,80,47,71,0,90,68,34,0,0,0,0,0
41,0.3,0,400,0e0,3.5407211107667536e-3,6.782388227293268e-4,7.191859127487987e-3,1.7614654934732243e-3,7.676937675569206e-4,4.879977814198355e-5,1.5265384208760224e-3,0e0,2.2226426808629185e-3,1.6808470682008192e-3,0e0,0e0,1.2285802804399282e-3,0e0,2.1454971574712545e-3,0e0,0,34,92,28,0,80,47,71,0,90,68,34,0,0,0,0,0
41,0.3,0,440,0e0,3.5407237883191556e-3,6.782360287616029e-4,7.191859127487987e-3,1.7614654934732243e-3,7.676934765186161e-4,4.879977814198355e-5,1.5265384208760224e-3,0e0,2.2226437722565606e-3,1.6808470682008192e-3,0e0,0e0,1.2285802804399282e-3,0e0,2.145492850104347e-3,0e0,0,34,92,28,0,80,47,71,0,90,68,34,0,0,0,0,0
41,0.3,0,480,0e0,3.5407160175964236e-3,6.782360287616029e-4,7.191859127487987e-3,1.7614638636587188e-3,7.676934765186161e-4,4.879977814198355e-5,1.5265384208760224e-3,0e0,2.2226437722565606e-3,1.6808489308459684e-3,0e0,0e0,1.2285802804399282e-3,0e0,2.145501581253484e-3,0e0,0,34,92,28,0,80,47,71,0,90,68,34,0,0,0,0,0
41,0.3,0,520,0e0,3.5407237883191556e-3,6.782388227293268e-4,7.191859127487987e-3,1.7614654934732243e-3,7.676934765186161e-4,4.879977814198355e-5,1.5265358597389422e-3,0e0,2.2226437722565606e-3,1.6808518848847598e-3,0e0,0e0,1.2285821430850774e-3,0e0,2.1454971574712545e-3,0e0,0,34,92,28,0,80,47,71,0,90,68,34,0,0,0,0,0
41,0.3,0,560,0e0,3.5407237883191556e-3,6.782388227293268e-4,7.191866054199636e-3,1.7614693206269294e-3,7.676952809561044e-4,4.879991547568352e-5,1.5265367910615169e-3,0e0,2.222642011474818e-3,1.6808422369649634e-3,0e0,0e0,1.2285802804399282e-3,0e0,2.145492850104347e-3,0e0,0,34,92,28,0,80,47,71,0,90,68,34,0,0,0,0,0
41,0.3,0,600,0e0,3.5407192772254348e-3,6.782360287616029e-4,7.191859127487987e-3,1.7614654934732243e-3,7.67691366490908e-4,4.879977814198355e-5,1.5265391193679534e-3,0e0,2.22263895557262e-3,1.680853747529909e-3,0e0,0e0,1.2285802804399282e-3,0e0,2.1454971574712545e-3,0e0,0,34,92,28,0,80,47,71,0,90,68,34,0,0,0,0,0
41,0.3,0,640,0e0,3.5407202958595008e-3,6.782360287616029e-4,7.19186378410086e-3,1.7614654934732243e-3,7.676934765186161e-4,4.879977814198355e-5,1.5265358597389422e-3,0e0,2.2226437722565606e-3,1.680853747529909e-3,0e0,0e0,1.2285802804399282e-3,0e0,2.1454971574712545e-3,0e0,0,34,92,28,0,80,47,71,0,90,68,34,0,0,0,0,0
41,0.3,0,680,0e0,3.5407205286901444e-3,6.782360287616029e-4,7.1918623871169984e-3,1.7614654934732243e-3,7.676934765186161e-4,4.879977814198355e-5,1.526540050690528e-3,0e0,2.2226437722565606e-3,1.6808489308459684e-3,0e0,0e0,1.2285802804399282e-3,0e0,2.1454971574712545e-3,0e0,0,34,92,28,0,80,47,71,0,90,68,34,0,0,0,0,0
41,0.3,0,720,0e0,3.540728270309046e-3,6.782388227293268e-4,7.191863260231912e-3,1.7614654934732243e-3,7.676937675569206e-4,4.879977814198355e-5,1.526534957520198e-3,0e0,2.2226437722565606e-3,1.6808470682008192e-3,0e0,0e0,1.2285802804399282e-3,0e0,2.145492850104347e-3,0e0,0,34,92,28,0,80,47,71,0,90,68,34,0,0,0,0,0
41,0.3,0,760,0e0,3.5407265240792185e-3,6.782355631003156e-4,7.191857730504125e-3,1.7614693206269294e-3,7.676949899177998e-4,4.880017104369472e-5,1.5265311012626626e-3,0e0,2.2226484288694337e-3,1.6808386280899867e-3,0e0,0e0,1.2285841221455485e-3,0e0,2.145486287190579e-3,0e0,0,34,92,28,0,80,47,71,0,90,68,34,0,0,0,0,0
41,0.3,0,800,0e0,3.5407297837082297e-3,6.782383570680395e-4,7.191857730504125e-3,1.7614693206269294e-3,7.676945097045973e-4,4.87999554934504e-5,1.526531697891187e-3,0e0,2.222628449089825e-3,1.6808489308459684e-3,0e0,0e0,1.2285763950785622e-3,0e0,2.145492850104347e-3,0e0,0,34,92,28,0,80,47,71,0,90,68,34,0,0,0,0,0
41,0.3,0,840,0e0,3.54071578476578e-3,6.782360287616029e-4,7.191856289864518e-3,1.7614654934732243e-3,7.676898530917242e-4,4.8799738124216674e-5,1.5265391193679534e-3,0e0,2.2226445289561525e-3,1.6808489308459684e-3,0e0,0e0,1.2285802804399282e-3,0e0,2.145501581253484e-3,0e0,0,34,92,28,0,80,47,71,0,90,68,34,0,0,0,0,0
41,0.3,0,880,0e0,3.5407160175964236e-3,6.782360287616029e-4,7.191867451183498e-3,1.7614654934732243e-3,7.676898530917242e-4,4.879925381828798e-5,1.526541389466729e-3,0e0,2.22263895557262e-3,1.6808499494800344e-3,0e0,0e0,1.2285802804399282e-3,0e0,2.1454971574712545e-3,0e0,0,34,92,28,0,80,47,71,0,90,68,34,0,0,0,0,0
41,0.3,0,920,0e0,3.5407297837082297e-3,6.782388227293268e-4,7.191867451183498e-3,1.76146712328773e-3,7.676948589505628e-4,4.87999554934504e-5,1.526540050690528e-3,0e0,2.2226243672776036e-3,1.680840490735136e-3,0e0,0e0,1.2285684642847627e-3,0e0,2.145492850104347e-3,0e0,0,34,92,28,0,80,47,71,0,90,68,34,0,0,0,0,0
41,0.3,0,960,0e0,3.5407097602728754e-3,6.782322088838555e-4,7.191850498202257e-3,1.761447187163867e-3,7.676885143155232e-4,4.8798975058161886e-5,1.5265377223840915e-3,0e0,2.2226483415579423e-3,1.6808595828479156e-3,0e0,0e0,1.2285885313758627e-3,0e0,2.1455072856042534e-3,0e0,0,34,92,28,0,80,47,71,0,90,68,34,0,0,0,0,0
41,0.3,0,1000,0e0,3.540712350513786e-3,6.782355631003156e-4,7.191857730504125e-3,1.7614638636587188e-3,7.676934765186161e-4,4.879977814198355e-5,1.5265367910615169e-3,0e0,2.2226453438634053e-3,1.6808470682008192e-3,0e0,0e0,1.2285841221455485e-3,0e0,2.1454971574712545e-3,0e0,0,34,92,28,0,80,47,71,0,90,68,34,0,0,0,0,0
41,0.3,0,1040,0e0,3.5407404066063464e-3,6.782383570680395e-4,7.191869801317807e-3,1.7614765383768827e-3,7.677006578887813e-4,4.880042479271651e-5,1.5265259571606293e-3,0e0,2.222623908892274e-3,1.6808312357170507e-3,0e0,0e0,1.2285616976441815e-3,0e0,2.145483376807533e-3,0e0,0,34,92,28,0,80,47,71,0,90,68,34,0,0,0,0,0
41,0.3,0,1080,0e0,3.5407085670158267e-3,6.782323835068382e-4,7.191850498202257e-3,1.7614378302823752e-3,7.676861714571714e-4,4.8798877287481446e-5,1.5265370820998214e-3,0e0,2.222652401542291e-3,1.6808687505545095e-3,0e0,0e0,1.2285947886994109e-3,0e0,2.1455072856042534e-3,0e0,0,34,92,28,0,80,47,71,0,90,68,34,0,0,0,0,0
41,0.3,0,1120,0e0,3.5407120012678206e-3,6.782355631003156e-4,7.191850498202257e-3,1.7614638636587188e-3,7.676931272726506e-4,4.88000332552474e-5,1.526540050690528e-3,0e0,2.2226453438634053e-3,1.680854766163975e-3,0e0,0e0,1.2285836564842612e-3,0e0,2.145501581253484e-3,0e0,0,34,92,28,0,80,47,71,0,90,68,34,0,0,0,0,0
41,0.3,0,1160,0e0,3.5407301620580256e-3,6.782383570680395e-4,7.191859127487987e-3,1.7614725802559406e-3,7.67695702961646e-4,4.87999554934504e-5,1.5265384208760224e-3,0e0,2.222623115812894e-3,1.6808350483188406e-3,0e0,0e0,1.2285643606446683e-3,0e0,2.1454971574712545e-3,0e0,0,34,92,28,0,80,47,71,0,90,68,34,0,0,0,0,0
41,0.3,0,1200,0e0,3.5407097602728754e-3,6.782362033845857e-4,7.191850498202257e-3,1.7614622338442132e-3,7.67690027714707e-4,4.87999323013355e-5,1.5265377223840915e-3,0e0,2.2226472065085545e-3,1.680854766163975e-3,0e0,0e0,1.2285841221455485e-3,0e0,2.1455072856042534e-3,0e0,0,34,92,28,0,80,47,71,0,90,68,34,0,0,0,0,0
41,0.3,1,40,0e0,2.2220479731913656e-3,1.055342159816064e-3,6.938742437341716e-3,3.057293884921819e-3,7.032840730971657e-4,7.933075778510101e-6,1.0633532838255633e-3,0e0,1.6736942197894678e-3,1.6595125125604682e-3,0e0,0e0,2.6430395082570612e-3,0e0,3.3603606570977718e-3,0e0,0,34,92,30,0,78,64,52,0,92,68,34,0,0,0,0,0
41,0.3,1,80,0e0,2.6499774830881506e-3,8.487930099363439e-4,7.205811998574063e-3,2.3744098871247843e-3,7.271226495504379e-4,1.445272403088893e-5,1.302268177823862e-3,0e0,1.980502318474464e-3,1.6117997947731055e-3,0e0,0e0,1.8009092163993046e-3,0e0,2.689702290808782e-3,0e0,0,34,92,29,0,79,58,59,0,91,68,34,0,0,0,0,0
41,0.3,1,120,0e0,3.160168038448319e-3,7.331999586313032e-4,7.185183552792296e-3,1.998086881940253e-3,7.54132925067097e-4,3.169846354467154e-5,1.4516051160171628e-3,0e0,2.1314729820005596e-3,1.630939237657003e-3,0e0,0e0,1.43902373383753e-3,0e0,2.3425589606631547e-3,0e0,0,34,92,28,0,80,53,65,0,90,68,34,0,0,0,0,0
41,0.3,1,160,0e0,3.423778311116621e-3,6.949877933948301e-4,7.189030016888864e-3,1.8300253723282367e-3,7.627774029970169e-4,4.316070862842025e-5,1.5022112274891697e-3,0e0,2.194530752603896e-3,1.663991959503619e-3,0e0,0e0,1.2917398562422022e-3,0e0,2.2027009981684387e-3,0e0,0,34,92,28,0,80,49,69,0,90,68,34,0,0,0,0,0
41,0.3,1,200,0e0,3.5143183486070484e-3,6.818599285907112e-4,7.19085233140504e-3,1.7767973185982555e-3,7.666440433240496e-4,4.750726930069504e-5,1.521014426543843e-3,0e0,2.2164203037391417e-3,1.6770753827586304e-3,0e0,0e0,1.2424492451827973e-3,0e0,2.1582353074336424e-3,0e0,0,34,92,28,0,80,47,71,0,90,68,34,0,0,0,0,0
41,0.3,1,240,0e0,3.5368313547223806e-3,6.787633537896909e-4,7.19171563105192e-3,1.7637139389989898e-3,7.675513334106654e-4,4.8608993893139996e-5,1.5257109989761375e-3,0e0,2.221724651462864e-3,1.6802878235466778e-3,0e0,0e0,1.2306093267397955e-3,0e0,2.1473346860148013e-3,0e0,0,34,92,28,0,80,47,71,0,90,68,34,0,0,0,0,0
41,0.3,1,280,0e0,3.5404808004386723e-3,6.782697455491871e-4,7.191871998657007e-3,1.7615907709114254e-3,7.676860186620615e-4,4.8788386266096495e-5,1.5264789617503993e-3,0e0,2.2225542925298214e-3,1.6808253531053197e-3,0e0,0e0,1.2287045974517241e-3,0e0,2.1456185495480895e-3,0e0,0,34,92,28,0,80,47,71,0,90,68,34,0,0,0,0,0
41,0.3,1,320,0e0,3.5407567338552326e-3,6.782334385206923e-4,7.19185930211097e-3,1.7614465614315122e-3,7.676949899177998e-4,4.8800744934851537e-5,1.5265408510458656e-3,0e0,2.222646857262589e-3,1.6808517975732684e-3,0e0,0e0,1.2285616976441815e-3,0e0,2.1454824454849586e-3,0e0,0,34,92,28,0,80,47,71,0,90,68,34,0,0,0,0,0
41,0.3,1,360,0e0,3.5407290852162987e-3,6.782360287616029e-4,7.1918632165761665e-3,1.7614638636587188e-3,7.676898530917242e-4,4.879977814198355e-5,1.526540050690528e-3,0e0,2.222637864178978e-3,1.680854766163975e-3,0e0,0e0,1.2285779521334916e-3,0e0,2.145492850104347e-3,0e0,0,34,92,28,0,80,47,71,0,90,68,34,0,0,0,0,0
41,0.3,1,400,0e0,3.5407211107667536e-3,6.782388227293268e-4,7.191859127487987e-3,1.7614654934732243e-3,7.676937675569206e-4,4.879977814198355e-5,1.5265384208760224e-3,0e0,2.2226426808629185e-3,1.6808470682008192e-3,0e0,0e0,1.2285802804399282e-3,0e0,2.1454971574712545e-3,0e0,0,34,92,28,0,80,47,71,0,90,68,34,0,0,0,0,0
41,0.3,1,440,0e0,3.5407237883191556e-3,6.782360287616029e-4,7.191859127487987e-3,1.7614654934732243e-3,7.676934765186161e-4,4.879977814198355e-5,1.5265384208760224e-3,0e0,2.2226437722565606e-3,1.6808470682008192e-3,0e0,0e0,1.2285802804399282e-3,0e0,2.145492850104347e-3,0e0,0,34,92,28,0,80,47,71,0,90,68,34,0,0,0,0,0
41,0.3,1,480,0e0,3.6175966961309314e-3,2.822017777361907e-4,5.03977081461926e-3,1.7956483934540302e-3,2.308706498297397e-4,6.791733321733773e-4,8.585335199313704e-4,0e0,3.797674455654487e-4,9.993414969358128e-4,0e0,0e0,1.4601399743696675e-3,0e0,1.998348001507111e-3,0e0,0,34,93,28,0,68,61,56,0,102,68,34,0,0,0,0,0
41,0.3,1,520,0e0,3.355648834258318e-3,4.724346799775958e-4,2.4409830148215406e-3,1.9925258529838175e-3,7.919102790765464e-5,1.0358724975958467e-3,9.653336201154161e-4,0e0,2.798633197471645e-4,1.0720090540417004e-3,0e0,0e0,1.4697513106511906e-3,0e0,3.2388153340434656e-4,0e0,0,34,102,34,0,68,60,42,0,102,68,34,0,0,0,0,0
41,0.3,1,560,0e0,2.929147216491401e-3,4.6087256487226114e-4,2.4915073036027025e-3,2.4028093612287194e-3,9.045390288520139e-5,8.281264672405086e-4,1.136189606768312e-3,0e0,3.7662003774130426e-4,5.482046071847435e-4,0e0,0e0,8.510847110301256e-4,0e0,2.064206200884655e-4,0e0,0,34,102,34,0,68,62,40,0,102,68,34,0,0,0,0,0
41,0.3,1,600,0e0,2.93443349073641e-3,2.3570145822304767e-4,1.8065422914332885e-3,2.1923849708400667e-3,8.368949238501955e-5,7.877257739892229e-4,2.585307720437413e-4,0e0,5.519925980479456e-4,7.247484727486153e-4,0e0,0e0,8.327909745275974e-4,0e0,2.2736842947779223e-4,0e0,0,34,99,34,0,68,37,68,0,102,68,34,0,0,0,0,0
41,0.3,1,640,0e0,2.433152258163318e-3,2.621230323711643e-4,1.710405076664756e-3,2.4953956017270684e-3,5.576826697506476e-5,8.243507727456745e-5,4.7525793888780754e-5,0e0,5.913497325309436e-4,7.596018658659887e-4,0e0,0e0,8.085746376309544e-4,0e0,1.676862666499801e-4,0e0,0,34,96,34,0,68,58,50,0,102,68,34,0,0,0,0,0
41,0.3,1,680,0e0,2.4059660790953785e-3,1.8532730609877035e-4,1.6799852014628414e-3,1.284888421650976e-3,5.816235352540389e-5,1.7708554150885902e-4,5.216298046661905e-5,0e0,2.628393804116058e-4,7.967301044118358e-4,0e0,0e0,7.949218997964635e-4,0e0,2.3000052169663832e-4,0e0,0,34,96,34,0,68,58,50,0,102,68,34,0,0,0,0,0
41,0.3,1,720,0e0,2.1370994800236076e-3,4.6797743561910465e-4,9.323847461928381e-4,1.2200706696603447e-3,5.540951678995043e-5,1.0426517519590561e-4,5.587029886555683e-5,0e0,2.484909382474143e-4,7.664336662855931e-4,0e0,0e0,1.056986497133039e-3,0e0,1.6022063209675252e-4,0e0,0,34,97,34,0,68,57,50,0,102,68,34,0,0,0,0,0
41,0.3,1,760,0e0,2.184503129683435e-3,5.043270721216686e-4,8.398476284128265e-4,1.2240136129548773e-3,4.453690598893445e-5,1.0123568472408806e-4,5.790574982711405e-5,0e0,2.3532156774308532e-4,6.828457371739205e-4,0e0,0e0,9.478664505877532e-4,0e0,1.4385887334356084e-4,0e0,0,34,97,34,0,68,57,50,0,102,68,34,0,0,0,0,0
41,0.3,1,800,0e0,1.6265868325717747e-3,1.785799177014269e-4,4.446975426617428e-4,1.2071523087797686e-3,4.6538545575458556e-5,3.958627758038347e-6,1.6004489953047596e-4,0e0,2.8215019301569555e-4,6.785207206121413e-4,0e0,0e0,8.817338821245357e-4,0e0,1.925750148075167e-4,0e0,0,34,102,34,0,68,34,68,0,102,68,34,0,0,0,0,0
41,0.3,1,840,0e0,1.7286140064243227e-3,1.7672647300059907e-4,5.921051943005295e-4,5.49306656466797e-4,8.721390258870088e-5,1.8575222384242807e-5,1.1508418720040936e-4,0e0,3.183714882197819e-4,5.427224641607609e-4,0e0,0e0,6.841357535449788e-4,0e0,1.7358382319798693e-4,0e0,0,34,102,34,0,68,34,68,0,102,68,34,0,0,0,0,0
41,0.3,1,880,0e0,1.2597573222592473e-3,2.3145892919274047e-4,6.857358475826913e-4,5.906573205720633e-4,3.42870798704098e-5,2.337594014534261e-5,6.159813983686035e-5,0e0,1.3639315102409455e-4,2.820717281792895e-4,0e0,0e0,9.816283563850448e-4,0e0,3.469758758001262e-5,0e0,0,34,102,34,0,68,44,58,0,102,68,34,0,0,0,0,0
41,0.3,1,920,0e0,1.1670983221847564e-3,2.698620446608402e-4,6.882014422444627e-4,5.049290193710476e-4,6.728428343194537e-5,3.824357736448292e-5,3.843758122457075e-5,0e0,1.6558171228098217e-4,1.6679918553563766e-4,0e0,0e0,5.424067694548285e-4,0e0,2.832767950167181e-5,0e0,0,34,102,34,0,68,47,55,0,102,68,34,0,0,0,0,0
41,0.3,1,960,0e0,1.1982704454567283e-3,2.525566524127498e-4,6.62045317767479e-4,4.7944331890903413e-4,7.873344657127745e-5,3.2485231713508256e-5,4.3837123484991025e-5,0e0,1.3855903307558037e-4,1.313814352670306e-4,0e0,0e0,4.579726610245416e-4,0e0,2.666601324108342e-5,0e0,0,34,102,34,0,68,48,54,0,102,68,34,0,0,0,0,0
41,0.3,1,1000,0e0,1.21170625789091e-3,2.034076751442626e-4,5.413438921095803e-4,4.7236699174391106e-4,4.85776527057169e-5,6.0845337429782376e-5,5.5970966059248894e-5,0e0,1.3765003859589342e-4,7.693967836530646e-5,0e0,0e0,4.041847205371596e-4,0e0,2.8981274226680398e-5,0e0,0,34,102,34,0,68,49,53,0,102,68,34,0,0,0,0,0
41,0.3,1,1040,0e0,1.0980570514220744e-3,1.297235103265848e-4,5.853520160599146e-4,3.281956560385879e-4,4.4339700252749026e-5,1.4543567158398218e-4,6.0690825193887576e-5,0e0,1.0884121047638473e-4,9.71795402620046e-5,0e0,0e0,3.4993336112165707e-4,0e0,2.8885407800771645e-5,0e0,0,34,102,34,0,68,49,53,0,102,68,34,0,0,0,0,0
41,0.3,1,1080,0e0,9.133199928328395e-4,1.0839416427188553e-4,5.245272222964559e-4,1.4573077351087704e-4,2.8161375666968524e-5,1.2519024676294066e-4,7.58793439672445e-5,0e0,1.676937536103651e-4,8.477315441268729e-5,0e0,0e0,1.7242223293578718e-4,0e0,3.448855113674654e-5,0e0,0,34,102,34,0,68,49,53,0,102,68,34,0,0,0,0,0
41,0.3,1,1120,0e0,7.68692756537348e-4,9.846956345427316e-5,5.241100507191732e-4,1.0641820335877128e-4,2.961942027468467e-5,7.423595343425404e-5,8.400088427151786e-5,0e0,2.9092187378410017e-4,8.259761307272129e-5,0e0,0e0,1.1910485955013428e-4,0e0,4.634473998521571e-5,0e0,0,34,102,34,0,68,48,54,0,102,68,34,0,0,0,0,0
41,0.3,1,1160,0e0,6.876379775349051e-4,1.065353826561477e-4,5.189719095142209e-4,1.3047528773313388e-4,1.8537362848292105e-5,7.58881687943358e-5,9.669696100900183e-5,0e0,3.179013801855035e-4,7.434145652496227e-5,0e0,0e0,1.1831894880742766e-4,0e0,4.915826093565556e-5,0e0,0,34,102,34,0,68,47,55,0,100,70,34,0,0,0,0,0
41,0.3,1,1200,0e0,6.649569113506004e-4,9.130367106990889e-5,5.15121680109587e-4,8.655907004140317e-5,2.8778446903743315e-5,8.859225818014238e-5,1.0440662117616739e-4,0e0,2.892136458285677e-4,8.103175935048057e-5,0e0,0e0,1.2032710947096348e-4,0e0,5.1791508212772897e-5,0e0,0,34,102,34,0,68,46,56,0,102,68,34,0,0,0,0,0
